Id,Time[ns],0:SPI: MISO data,0:SPI: MOSI data
1,134440.00,C6,00
2,136040.00,0F,00
3,137640.00,80,00
4,139240.00,0F,00
5,140840.00,80,00
6,142440.00,0F,00
7,144040.00,80,00
8,145640.00,04,00
9,147240.00,00,00
10,148840.00,06,00
11,150440.00,68,00
12,152040.00,E7,00
13,153640.00,C6,00
14,155240.00,00,00
15,156840.00,00,00
16,158440.00,06,00
17,160040.00,80,00
18,161640.00,0B,00
19,390490.00,42,00
20,392090.00,07,00
21,393690.00,80,00
22,395290.00,06,00
23,396890.00,80,00
24,398490.00,0B,00
25,400090.00,80,00
26,401690.00,04,00
27,403290.00,00,00
28,404890.00,06,00
29,406490.00,68,00
30,408090.00,E2,00
31,409690.00,C2,00
32,411290.00,00,00
33,412890.00,00,00
34,414490.00,06,00
35,416090.00,80,00
36,417690.00,0B,00
37,646440.00,42,00
38,648040.00,07,00
39,649640.00,80,00
40,651240.00,06,00
41,652840.00,80,00
42,654440.00,0B,00
43,656040.00,80,00
44,657640.00,04,00
45,659240.00,00,00
46,660840.00,06,00
47,662440.00,68,00
48,664040.00,E2,00
49,665640.00,C2,00
50,667240.00,00,00
51,668840.00,00,00
52,670440.00,06,00
53,672040.00,80,00
54,673640.00,0B,00
55,902440.00,42,00
56,904040.00,07,00
57,905640.00,80,00
58,907240.00,06,00
59,908840.00,80,00
60,910440.00,0B,00
61,912040.00,80,00
62,913640.00,04,00
63,915240.00,00,00
64,916840.00,06,00
65,918440.00,68,00
66,920040.00,E2,00
67,921640.00,C2,00
68,923240.00,00,00
69,924840.00,00,00
70,926440.00,06,00
71,928040.00,80,00
72,929640.00,0B,00
73,1158440.00,42,00
74,1160040.00,07,00
75,1161640.00,80,00
76,1163240.00,06,00
77,1164840.00,80,00
78,1166440.00,0B,00
79,1168040.00,80,00
80,1169640.00,04,00
81,1171240.00,00,00
82,1172840.00,06,00
83,1174440.00,68,00
84,1176040.00,E2,00
85,1177640.00,C2,00
86,1179240.00,00,00
87,1180840.00,00,00
88,1182440.00,06,00
89,1184040.00,80,00
90,1185640.00,0B,00
91,1414440.00,42,00
92,1416040.00,07,00
93,1417640.00,80,00
94,1419240.00,06,00
95,1420840.00,80,00
96,1422440.00,0B,00
97,1424040.00,80,00
98,1425640.00,04,00
99,1427240.00,00,00
100,1428840.00,06,00
101,1430440.00,68,00
102,1432040.00,E2,00
103,1433640.00,C2,00
104,1435240.00,00,00
105,1436840.00,00,00
106,1438440.00,06,00
107,1440040.00,80,00
108,1441640.00,0B,00
109,1670450.00,C2,00
110,1672050.00,07,00
111,1673640.00,80,00
112,1675250.00,07,00
113,1676850.00,80,00
114,1678450.00,1F,00
115,1680050.00,80,00
116,1681650.00,0C,00
117,1683250.00,00,00
118,1684840.00,0F,00
119,1686450.00,E1,00
120,1688050.00,F4,00
121,1689650.00,84,00
122,1691250.00,00,00
123,1692850.00,00,00
124,1694450.00,0F,00
125,1696050.00,80,00
126,1697650.00,1F,00
127,1926450.00,C6,00
128,1928050.00,0F,00
129,1929650.00,80,00
130,1931250.00,0E,00
131,1932850.00,80,00
132,1934450.00,0B,00
133,1936050.00,80,00
134,1937650.00,0C,00
135,1939250.00,00,00
136,1940850.00,06,00
137,1942450.00,F9,00
138,1944050.00,E3,00
139,1945650.00,C2,00
140,1947250.00,00,00
141,1948850.00,00,00
142,1950450.00,0E,00
143,1952050.00,80,00
144,1953650.00,0B,00
145,2182450.00,42,00
146,2184050.00,07,00
147,2185650.00,80,00
148,2187250.00,06,00
149,2188850.00,80,00
150,2190450.00,0B,00
151,2192050.00,80,00
152,2193650.00,04,00
153,2195250.00,00,00
154,2196850.00,06,00
155,2198450.00,68,00
156,2200050.00,E2,00
157,2201650.00,C2,00
158,2203250.00,00,00
159,2204850.00,00,00
160,2206450.00,06,00
161,2208050.00,80,00
162,2209650.00,0B,00
163,2438450.00,42,00
164,2440050.00,07,00
165,2441650.00,80,00
166,2443250.00,06,00
167,2444850.00,80,00
168,2446450.00,0B,00
169,2448050.00,80,00
170,2449650.00,04,00
171,2451250.00,00,00
172,2452850.00,06,00
173,2454450.00,68,00
174,2456050.00,E2,00
175,2457650.00,C2,00
176,2459250.00,00,00
177,2460850.00,00,00
178,2462450.00,06,00
179,2464050.00,80,00
180,2465650.00,0B,00
181,2694450.00,42,00
182,2696050.00,07,00
183,2697650.00,80,00
184,2699250.00,06,00
185,2700850.00,80,00
186,2702450.00,0B,00
187,2704050.00,80,00
188,2705650.00,04,00
189,2707250.00,00,00
190,2708850.00,06,00
191,2710450.00,68,00
192,2712050.00,E2,00
193,2713650.00,C2,00
194,2715250.00,00,00
195,2716850.00,00,00
196,2718450.00,06,00
197,2720050.00,80,00
198,2721650.00,0B,00
199,2950450.00,42,00
200,2952050.00,07,00
201,2953650.00,80,00
202,2955250.00,06,00
203,2956850.00,80,00
204,2958450.00,0B,00
205,2960050.00,80,00
206,2961650.00,03,00
207,2963250.00,80,00
208,2964850.00,06,00
209,2966450.00,7E,00
210,2968050.00,FA,00
211,2969650.00,42,00
212,2971250.00,00,00
213,2972850.00,00,00
214,2974450.00,06,00
215,2976050.00,80,00
216,2977650.00,0B,00
217,3206500.00,42,00
218,3208100.00,07,00
219,3209700.00,80,00
220,3211300.00,06,00
221,3212900.00,80,00
222,3214500.00,0B,00
223,3216100.00,80,00
224,3217700.00,03,00
225,3219300.00,80,00
226,3220900.00,06,00
227,3222500.00,7E,00
228,3224100.00,FA,00
229,3225700.00,42,00
230,3227300.00,00,00
231,3228900.00,00,00
232,3230500.00,06,00
233,3232100.00,80,00
234,3233700.00,0B,00
235,3462450.00,42,00
236,3464060.00,0F,00
237,3465660.00,80,00
238,3467260.00,0E,00
239,3468850.00,80,00
240,3470460.00,1F,00
241,3472050.00,80,00
242,3473660.00,03,00
243,3475250.00,80,00
244,3476850.00,0E,00
245,3478460.00,FF,00
246,3480060.00,F6,00
247,3481660.00,C6,00
248,3483260.00,00,00
249,3484860.00,00,00
250,3486460.00,0D,00
251,3488060.00,00,00
252,3489660.00,1F,00
253,3718460.00,C2,00
254,3720060.00,0F,00
255,3721660.00,80,00
256,3723260.00,07,00
257,3724860.00,80,00
258,3726460.00,0B,00
259,3728060.00,80,00
260,3729660.00,04,00
261,3731260.00,00,00
262,3732860.00,06,00
263,3734460.00,68,00
264,3736060.00,E3,00
265,3737660.00,C2,00
266,3739260.00,00,00
267,3740860.00,00,00
268,3742460.00,06,00
269,3744060.00,80,00
270,3745660.00,0B,00
271,3974460.00,42,00
272,3976060.00,07,00
273,3977660.00,80,00
274,3979260.00,06,00
275,3980860.00,80,00
276,3982460.00,0B,00
277,3984060.00,80,00
278,3985660.00,04,00
279,3987260.00,00,00
280,3988860.00,06,00
281,3990460.00,68,00
282,3992060.00,E2,00
283,3993660.00,C2,00
284,3995260.00,00,00
285,3996860.00,00,00
286,3998460.00,06,00
287,4000060.00,80,00
288,4001660.00,0B,00
289,4230510.00,42,00
290,4232110.00,07,00
291,4233710.00,80,00
292,4235310.00,06,00
293,4236910.00,80,00
294,4238510.00,0B,00
295,4240110.00,80,00
296,4241710.00,04,00
297,4243310.00,00,00
298,4244910.00,06,00
299,4246510.00,68,00
300,4248110.00,E2,00
301,4249710.00,C2,00
302,4251310.00,00,00
303,4252910.00,00,00
304,4254510.00,06,00
305,4256110.00,80,00
306,4257710.00,0B,00
307,4486460.00,42,00
308,4488060.00,07,00
309,4489660.00,80,00
310,4491260.00,06,00
311,4492860.00,80,00
312,4494460.00,0B,00
313,4496060.00,80,00
314,4497660.00,04,00
315,4499260.00,00,00
316,4500860.00,06,00
317,4502460.00,68,00
318,4504060.00,E2,00
319,4505660.00,C2,00
320,4507260.00,00,00
321,4508860.00,00,00
322,4510460.00,06,00
323,4512060.00,80,00
324,4513660.00,0B,00
325,4742460.00,42,00
326,4744060.00,07,00
327,4745660.00,80,00
328,4747260.00,06,00
329,4748860.00,80,00
330,4750460.00,0B,00
331,4752060.00,80,00
332,4753660.00,04,00
333,4755260.00,00,00
334,4756860.00,06,00
335,4758460.00,68,00
336,4760060.00,E2,00
337,4761660.00,C2,00
338,4763260.00,00,00
339,4764860.00,00,00
340,4766460.00,06,00
341,4768060.00,80,00
342,4769660.00,0B,00
343,4998460.00,42,00
344,5000060.00,07,00
345,5001660.00,80,00
346,5003260.00,06,00
347,5004860.00,80,00
348,5006460.00,0B,00
349,5008060.00,80,00
350,5009660.00,03,00
351,5011260.00,80,00
352,5012860.00,06,00
353,5014460.00,7E,00
354,5016060.00,FA,00
355,5017660.00,42,00
356,5019260.00,00,00
357,5020860.00,00,00
358,5022460.00,06,00
359,5024060.00,80,00
360,5025660.00,0B,00
361,5254520.00,C6,00
362,5256120.00,0F,00
363,5257720.00,80,00
364,5259320.00,05,00
365,5260920.00,80,00
366,5262520.00,1F,00
367,5264120.00,80,00
368,5265720.00,07,00
369,5267320.00,80,00
370,5268920.00,0E,00
371,5270520.00,FF,00
372,5272120.00,F4,00
373,5273720.00,C6,00
374,5275320.00,00,00
375,5276920.00,00,00
376,5278520.00,0F,00
377,5280120.00,80,00
378,5281720.00,1F,00
379,5510470.00,46,00
380,5512070.00,07,00
381,5513670.00,80,00
382,5515270.00,06,00
383,5516870.00,80,00
384,5518470.00,0B,00
385,5520070.00,80,00
386,5521670.00,03,00
387,5523270.00,80,00
388,5524870.00,06,00
389,5526470.00,7E,00
390,5528070.00,FA,00
391,5529670.00,42,00
392,5531270.00,00,00
393,5532870.00,00,00
394,5534470.00,06,00
395,5536070.00,80,00
396,5537670.00,0B,00
397,5766470.00,42,00
398,5768070.00,07,00
399,5769670.00,80,00
400,5771270.00,06,00
401,5772870.00,80,00
402,5774470.00,0B,00
403,5776070.00,80,00
404,5777670.00,03,00
405,5779270.00,80,00
406,5780870.00,06,00
407,5782470.00,7E,00
408,5784070.00,FA,00
409,5785670.00,42,00
410,5787270.00,00,00
411,5788870.00,00,00
412,5790470.00,06,00
413,5792070.00,80,00
414,5793670.00,0B,00
415,6022470.00,42,00
416,6024070.00,07,00
417,6025670.00,80,00
418,6027270.00,06,00
419,6028870.00,80,00
420,6030470.00,0B,00
421,6032070.00,80,00
422,6033670.00,03,00
423,6035270.00,80,00
424,6036870.00,06,00
425,6038470.00,7E,00
426,6040070.00,FA,00
427,6041670.00,42,00
428,6043270.00,00,00
429,6044870.00,00,00
430,6046470.00,06,00
431,6048070.00,80,00
432,6049670.00,0B,00
433,6278520.00,42,00
434,6280120.00,07,00
435,6281720.00,80,00
436,6283320.00,06,00
437,6284920.00,80,00
438,6286520.00,0B,00
439,6288120.00,80,00
440,6289720.00,04,00
441,6291320.00,00,00
442,6292920.00,06,00
443,6294520.00,68,00
444,6296120.00,E2,00
445,6297720.00,C2,00
446,6299320.00,00,00
447,6300920.00,00,00
448,6302520.00,06,00
449,6304120.00,80,00
450,6305720.00,0B,00
451,6534470.00,42,00
452,6536070.00,07,00
453,6537670.00,80,00
454,6539270.00,06,00
455,6540870.00,80,00
456,6542470.00,0B,00
457,6544070.00,80,00
458,6545670.00,04,00
459,6547270.00,00,00
460,6548870.00,06,00
461,6550470.00,68,00
462,6552070.00,E2,00
463,6553670.00,C2,00
464,6555270.00,00,00
465,6556870.00,00,00
466,6558470.00,06,00
467,6560070.00,80,00
468,6561670.00,0B,00
469,6790470.00,42,00
470,6792070.00,07,00
471,6793670.00,80,00
472,6795270.00,06,00
473,6796870.00,80,00
474,6798470.00,0B,00
475,6800070.00,80,00
476,6801670.00,04,00
477,6803270.00,00,00
478,6804870.00,06,00
479,6806470.00,68,00
480,6808070.00,E2,00
481,6809670.00,C2,00
482,6811270.00,00,00
483,6812870.00,00,00
484,6814470.00,06,00
485,6816070.00,80,00
486,6817670.00,0B,00
487,7046480.00,C6,00
488,7048080.00,0F,00
489,7049680.00,80,00
490,7051280.00,0E,00
491,7052880.00,00,00
492,7054480.00,1F,00
493,7056080.00,80,00
494,7057680.00,0C,00
495,7059280.00,00,00
496,7060880.00,0E,00
497,7062480.00,F9,00
498,7064080.00,E7,00
499,7065680.00,86,00
500,7067280.00,00,00
501,7068880.00,00,00
502,7070480.00,0F,00
503,7072080.00,80,00
504,7073680.00,1F,00
505,7302530.00,C2,00
506,7304130.00,07,00
507,7305730.00,80,00
508,7307330.00,06,00
509,7308930.00,80,00
510,7310530.00,0B,00
511,7312130.00,80,00
512,7313730.00,04,00
513,7315330.00,00,00
514,7316930.00,06,00
515,7318530.00,68,00
516,7320130.00,E2,00
517,7321730.00,C2,00
518,7323330.00,00,00
519,7324930.00,00,00
520,7326530.00,06,00
521,7328130.00,80,00
522,7329730.00,0B,00
523,7558480.00,42,00
524,7560080.00,07,00
525,7561680.00,80,00
526,7563280.00,06,00
527,7564880.00,80,00
528,7566480.00,0B,00
529,7568080.00,80,00
530,7569680.00,04,00
531,7571280.00,00,00
532,7572880.00,06,00
533,7574480.00,68,00
534,7576080.00,E2,00
535,7577680.00,C2,00
536,7579280.00,00,00
537,7580880.00,00,00
538,7582480.00,06,00
539,7584080.00,80,00
540,7585680.00,0B,00
541,7814480.00,42,00
542,7816080.00,07,00
543,7817680.00,80,00
544,7819280.00,06,00
545,7820880.00,80,00
546,7822480.00,0B,00
547,7824080.00,80,00
548,7825680.00,04,00
549,7827280.00,00,00
550,7828880.00,06,00
551,7830480.00,68,00
552,7832080.00,E2,00
553,7833680.00,C2,00
554,7835280.00,00,00
555,7836880.00,00,00
556,7838480.00,06,00
557,7840080.00,80,00
558,7841680.00,0B,00
559,8070480.00,42,00
560,8072080.00,07,00
561,8073680.00,80,00
562,8075280.00,06,00
563,8076880.00,80,00
564,8078480.00,0B,00
565,8080080.00,80,00
566,8081680.00,04,00
567,8083280.00,00,00
568,8084880.00,06,00
569,8086480.00,68,00
570,8088080.00,E2,00
571,8089680.00,C2,00
572,8091280.00,00,00
573,8092880.00,00,00
574,8094480.00,06,00
575,8096080.00,80,00
576,8097680.00,0B,00
577,8326530.00,42,00
578,8328130.00,07,00
579,8329730.00,80,00
580,8331330.00,06,00
581,8332930.00,80,00
582,8334530.00,0B,00
583,8336130.00,80,00
584,8337730.00,04,00
585,8339330.00,00,00
586,8340930.00,06,00
587,8342530.00,68,00
588,8344130.00,E2,00
589,8345730.00,C2,00
590,8347330.00,00,00
591,8348930.00,00,00
592,8350530.00,06,00
593,8352130.00,80,00
594,8353730.00,0B,00
595,8582480.00,42,00
596,8584080.00,07,00
597,8585680.00,80,00
598,8587280.00,06,00
599,8588880.00,80,00
600,8590480.00,0B,00
601,8592080.00,80,00
602,8593680.00,04,00
603,8595280.00,00,00
604,8596880.00,06,00
605,8598480.00,68,00
606,8600080.00,E2,00
607,8601680.00,C2,00
608,8603280.00,00,00
609,8604880.00,00,00
610,8606480.00,06,00
611,8608080.00,80,00
612,8609680.00,0B,00
613,8838490.00,C6,00
614,8840090.00,0F,00
615,8841690.00,80,00
616,8843290.00,0F,00
617,8844890.00,80,00
618,8846490.00,1F,00
619,8848090.00,80,00
620,8849690.00,0C,00
621,8851290.00,00,00
622,8852890.00,0E,00
623,8854490.00,F9,00
624,8856090.00,E7,00
625,8857690.00,C6,00
626,8859290.00,00,00
627,8860890.00,00,00
628,8862490.00,0F,00
629,8864090.00,80,00
630,8865690.00,1F,00
631,9094490.00,42,00
632,9096090.00,07,00
633,9097690.00,80,00
634,9099290.00,06,00
635,9100890.00,80,00
636,9102490.00,0B,00
637,9104090.00,80,00
638,9105690.00,04,00
639,9107290.00,00,00
640,9108890.00,06,00
641,9110490.00,68,00
642,9112090.00,E2,00
643,9113690.00,C2,00
644,9115290.00,00,00
645,9116890.00,00,00
646,9118490.00,06,00
647,9120090.00,80,00
648,9121690.00,0B,00
649,9350540.00,42,00
650,9352140.00,07,00
651,9353740.00,80,00
652,9355340.00,06,00
653,9356940.00,80,00
654,9358540.00,0B,00
655,9360140.00,80,00
656,9361740.00,04,00
657,9363340.00,00,00
658,9364940.00,06,00
659,9366540.00,68,00
660,9368140.00,E2,00
661,9369740.00,C2,00
662,9371340.00,00,00
663,9372940.00,00,00
664,9374540.00,06,00
665,9376140.00,80,00
666,9377740.00,0B,00
667,9606490.00,42,00
668,9608090.00,07,00
669,9609690.00,80,00
670,9611290.00,06,00
671,9612890.00,80,00
672,9614490.00,0B,00
673,9616090.00,80,00
674,9617690.00,04,00
675,9619290.00,00,00
676,9620890.00,06,00
677,9622490.00,68,00
678,9624090.00,E2,00
679,9625690.00,C2,00
680,9627290.00,00,00
681,9628890.00,00,00
682,9630490.00,06,00
683,9632090.00,80,00
684,9633690.00,0B,00
685,9862490.00,42,00
686,9864090.00,07,00
687,9865690.00,80,00
688,9867290.00,06,00
689,9868890.00,80,00
690,9870490.00,0B,00
691,9872090.00,80,00
692,9873690.00,04,00
693,9875290.00,00,00
694,9876890.00,06,00
695,9878490.00,68,00
696,9880090.00,E2,00
697,9881690.00,C2,00
698,9883290.00,00,00
699,9884890.00,00,00
700,9886490.00,06,00
701,9888090.00,80,00
702,9889690.00,0B,00
703,10118490.00,42,00
704,10120090.00,07,00
705,10121690.00,80,00
706,10123290.00,06,00
707,10124890.00,80,00
708,10126490.00,0B,00
709,10128090.00,80,00
710,10129690.00,04,00
711,10131290.00,00,00
712,10132890.00,06,00
713,10134490.00,68,00
714,10136090.00,E2,00
715,10137690.00,C2,00
716,10139290.00,00,00
717,10140890.00,00,00
718,10142490.00,06,00
719,10144090.00,80,00
720,10145690.00,0B,00
721,10374540.00,42,00
722,10376140.00,07,00
723,10377740.00,80,00
724,10379340.00,06,00
725,10380940.00,80,00
726,10382540.00,0B,00
727,10384140.00,80,00
728,10385740.00,04,00
729,10387340.00,00,00
730,10388940.00,06,00
731,10390540.00,61,00
732,10392150.00,C2,00
733,10393740.00,C4,00
734,10395340.00,00,00
735,10396940.00,00,00
736,10398540.00,06,00
737,10400140.00,80,00
738,10401740.00,0B,00
739,10630500.00,C6,00
740,10632100.00,0F,00
741,10633700.00,80,00
742,10635300.00,0F,00
743,10636900.00,80,00
744,10638500.00,1F,00
745,10640100.00,80,00
746,10641700.00,0C,00
747,10643300.00,00,00
748,10644900.00,0E,00
749,10646500.00,F9,00
750,10648100.00,E7,00
751,10649700.00,C6,00
752,10651300.00,00,00
753,10652900.00,00,00
754,10654500.00,0F,00
755,10656100.00,80,00
756,10657700.00,1F,00
757,10886500.00,42,00
758,10888100.00,07,00
759,10889700.00,80,00
760,10891300.00,06,00
761,10892900.00,80,00
762,10894500.00,0B,00
763,10896100.00,80,00
764,10897700.00,04,00
765,10899300.00,00,00
766,10900900.00,06,00
767,10902500.00,68,00
768,10904100.00,E2,00
769,10905700.00,C2,00
770,10907300.00,00,00
771,10908900.00,00,00
772,10910500.00,06,00
773,10912100.00,80,00
774,10913700.00,0B,00
775,11142500.00,42,00
776,11144100.00,07,00
777,11145700.00,80,00
778,11147300.00,06,00
779,11148900.00,80,00
780,11150500.00,0B,00
781,11152100.00,80,00
782,11153700.00,04,00
783,11155300.00,00,00
784,11156900.00,06,00
785,11158500.00,E0,00
786,11160100.00,F2,00
787,11161700.00,42,00
788,11163300.00,00,00
789,11164900.00,00,00
790,11166500.00,06,00
791,11168100.00,80,00
792,11169700.00,0B,00
793,11398550.00,42,00
794,11400150.00,07,00
795,11401750.00,80,00
796,11403350.00,06,00
797,11404950.00,80,00
798,11406550.00,0B,00
799,11408150.00,80,00
800,11409750.00,04,00
801,11411350.00,00,00
802,11412950.00,06,00
803,11414550.00,68,00
804,11416150.00,E2,00
805,11417750.00,C2,00
806,11419350.00,00,00
807,11420950.00,00,00
808,11422550.00,06,00
809,11424150.00,80,00
810,11425750.00,0B,00
811,11654500.00,42,00
812,11656100.00,07,00
813,11657700.00,80,00
814,11659300.00,06,00
815,11660900.00,80,00
816,11662500.00,0B,00
817,11664100.00,80,00
818,11665700.00,04,00
819,11667300.00,00,00
820,11668900.00,06,00
821,11670500.00,68,00
822,11672100.00,E2,00
823,11673700.00,C2,00
824,11675300.00,00,00
825,11676900.00,00,00
826,11678500.00,06,00
827,11680100.00,80,00
828,11681700.00,0B,00
829,11910500.00,42,00
830,11912100.00,07,00
831,11913700.00,80,00
832,11915300.00,06,00
833,11916900.00,80,00
834,11918500.00,0B,00
835,11920100.00,80,00
836,11921700.00,04,00
837,11923300.00,00,00
838,11924900.00,06,00
839,11926500.00,68,00
840,11928100.00,E2,00
841,11929700.00,C2,00
842,11931300.00,00,00
843,11932900.00,00,00
844,11934500.00,06,00
845,11936100.00,80,00
846,11937700.00,0B,00
847,12166500.00,42,00
848,12168110.00,07,00
849,12169700.00,80,00
850,12171300.00,06,00
851,12172900.00,80,00
852,12174500.00,1B,00
853,12176100.00,80,00
854,12177700.00,03,00
855,12179300.00,80,00
856,12180900.00,06,00
857,12182500.00,7E,00
858,12184100.00,FA,00
859,12185700.00,40,00
860,12187300.00,00,00
861,12188900.00,00,00
862,12190500.00,06,00
863,12192110.00,00,00
864,12193700.00,0B,00
865,12422510.00,C6,00
866,12424110.00,0F,00
867,12425710.00,80,00
868,12427310.00,0F,00
869,12428910.00,80,00
870,12430510.00,1F,00
871,12432110.00,80,00
872,12433710.00,0C,00
873,12435310.00,00,00
874,12436910.00,0E,00
875,12438510.00,F8,00
876,12440110.00,E7,00
877,12441710.00,C6,00
878,12443310.00,00,00
879,12444910.00,00,00
880,12446510.00,0F,00
881,12448110.00,80,00
882,12449710.00,1F,00
883,12678510.00,42,00
884,12680110.00,07,00
885,12681710.00,80,00
886,12683310.00,06,00
887,12684910.00,80,00
888,12686510.00,0B,00
889,12688110.00,80,00
890,12689710.00,04,00
891,12691310.00,00,00
892,12692910.00,06,00
893,12694510.00,68,00
894,12696110.00,E2,00
895,12697710.00,C2,00
896,12699310.00,00,00
897,12700910.00,00,00
898,12702510.00,06,00
899,12704110.00,80,00
900,12705710.00,0B,00
901,12934510.00,42,00
902,12936110.00,07,00
903,12937710.00,80,00
904,12939310.00,06,00
905,12940910.00,80,00
906,12942510.00,0B,00
907,12944110.00,80,00
908,12945710.00,04,00
909,12947310.00,00,00
910,12948910.00,06,00
911,12950510.00,E0,00
912,12952110.00,F2,00
913,12953710.00,42,00
914,12955310.00,00,00
915,12956910.00,00,00
916,12958510.00,06,00
917,12960110.00,80,00
918,12961710.00,0B,00
919,13190510.00,42,00
920,13192110.00,07,00
921,13193710.00,80,00
922,13195310.00,06,00
923,13196910.00,80,00
924,13198510.00,0B,00
925,13200110.00,80,00
926,13201710.00,04,00
927,13203310.00,00,00
928,13204910.00,06,00
929,13206510.00,E0,00
930,13208110.00,F2,00
931,13209710.00,42,00
932,13211310.00,00,00
933,13212910.00,00,00
934,13214510.00,06,00
935,13216110.00,80,00
936,13217710.00,0B,00
937,13446510.00,42,00
938,13448110.00,07,00
939,13449710.00,80,00
940,13451310.00,06,00
941,13452910.00,80,00
942,13454510.00,0B,00
943,13456110.00,80,00
944,13457710.00,04,00
945,13459310.00,00,00
946,13460910.00,06,00
947,13462510.00,68,00
948,13464110.00,E2,00
949,13465710.00,C2,00
950,13467310.00,00,00
951,13468910.00,00,00
952,13470510.00,06,00
953,13472110.00,80,00
954,13473710.00,0B,00
955,13702510.00,42,00
956,13704110.00,07,00
957,13705710.00,80,00
958,13707310.00,06,00
959,13708910.00,80,00
960,13710510.00,0B,00
961,13712110.00,80,00
962,13713710.00,04,00
963,13715310.00,00,00
964,13716910.00,06,00
965,13718510.00,68,00
966,13720110.00,E2,00
967,13721710.00,C2,00
968,13723310.00,00,00
969,13724910.00,00,00
970,13726510.00,06,00
971,13728110.00,80,00
972,13729710.00,0B,00
973,13958510.00,42,00
974,13960110.00,07,00
975,13961710.00,80,00
976,13963310.00,06,00
977,13964910.00,80,00
978,13966510.00,0B,00
979,13968110.00,80,00
980,13969710.00,04,00
981,13971310.00,00,00
982,13972920.00,06,00
983,13974510.00,68,00
984,13976110.00,E7,00
985,13977720.00,C2,00
986,13979320.00,00,00
987,13980910.00,00,00
988,13982510.00,07,00
989,13984120.00,00,00
990,13985710.00,0B,00
991,14214570.00,C6,00
992,14216170.00,0F,00
993,14217770.00,80,00
994,14219370.00,06,00
995,14220970.00,80,00
996,14222570.00,1B,00
997,14224170.00,80,00
998,14225770.00,0C,00
999,14227370.00,00,00
1000,14228970.00,0E,00
1001,14230570.00,78,00
1002,14232170.00,E7,00
1003,14233770.00,C6,00
1004,14235370.00,00,00
1005,14236970.00,00,00
1006,14238570.00,0F,00
1007,14240170.00,80,00
1008,14241770.00,0F,00
1009,14470520.00,42,00
1010,14472120.00,07,00
1011,14473720.00,80,00
1012,14475320.00,06,00
1013,14476920.00,80,00
1014,14478520.00,0B,00
1015,14480120.00,80,00
1016,14481720.00,04,00
1017,14483320.00,00,00
1018,14484920.00,06,00
1019,14486520.00,E0,00
1020,14488120.00,F2,00
1021,14489720.00,42,00
1022,14491320.00,00,00
1023,14492920.00,00,00
1024,14494520.00,06,00
1025,14496120.00,80,00
1026,14497720.00,0B,00
1027,14726520.00,42,00
1028,14728120.00,07,00
1029,14729720.00,80,00
1030,14731320.00,06,00
1031,14732920.00,80,00
1032,14734520.00,0B,00
1033,14736120.00,80,00
1034,14737720.00,04,00
1035,14739320.00,00,00
1036,14740920.00,06,00
1037,14742520.00,68,00
1038,14744120.00,E2,00
1039,14745720.00,C2,00
1040,14747320.00,00,00
1041,14748920.00,00,00
1042,14750520.00,06,00
1043,14752120.00,80,00
1044,14753720.00,0B,00
1045,14982520.00,42,00
1046,14984120.00,07,00
1047,14985720.00,80,00
1048,14987320.00,06,00
1049,14988920.00,80,00
1050,14990520.00,0B,00
1051,14992120.00,80,00
1052,14993720.00,04,00
1053,14995320.00,00,00
1054,14996920.00,06,00
1055,14998520.00,68,00
1056,15000120.00,E2,00
1057,15001720.00,C2,00
1058,15003320.00,00,00
1059,15004920.00,00,00
1060,15006520.00,06,00
1061,15008120.00,80,00
1062,15009720.00,0B,00
1063,15238570.00,42,00
1064,15240170.00,07,00
1065,15241770.00,80,00
1066,15243370.00,06,00
1067,15244970.00,80,00
1068,15246570.00,0B,00
1069,15248170.00,80,00
1070,15249770.00,04,00
1071,15251370.00,00,00
1072,15252970.00,06,00
1073,15254570.00,68,00
1074,15256170.00,E2,00
1075,15257770.00,C2,00
1076,15259370.00,00,00
1077,15260970.00,00,00
1078,15262570.00,06,00
1079,15264170.00,80,00
1080,15265770.00,0B,00
1081,15494520.00,42,00
1082,15496120.00,07,00
1083,15497720.00,80,00
1084,15499320.00,06,00
1085,15500920.00,80,00
1086,15502520.00,0B,00
1087,15504120.00,80,00
1088,15505720.00,04,00
1089,15507320.00,00,00
1090,15508920.00,06,00
1091,15510520.00,68,00
1092,15512120.00,E2,00
1093,15513720.00,C2,00
1094,15515320.00,00,00
1095,15516920.00,00,00
1096,15518520.00,06,00
1097,15520120.00,80,00
1098,15521720.00,0B,00
1099,15750520.00,42,00
1100,15752120.00,0F,00
1101,15753720.00,80,00
1102,15755330.00,07,00
1103,15756930.00,00,00
1104,15758530.00,0F,00
1105,15760120.00,80,00
1106,15761720.00,00,00
1107,15763330.00,00,00
1108,15764930.00,0C,00
1109,15766530.00,F8,00
1110,15768120.00,E3,00
1111,15769720.00,C2,00
1112,15771330.00,00,00
1113,15772920.00,00,00
1114,15774530.00,0D,00
1115,15776120.00,80,00
1116,15777730.00,0F,00
1117,16006530.00,C6,00
1118,16008130.00,0F,00
1119,16009730.00,80,00
1120,16011330.00,0F,00
1121,16012930.00,80,00
1122,16014530.00,1F,00
1123,16016130.00,80,00
1124,16017730.00,0C,00
1125,16019330.00,00,00
1126,16020930.00,0E,00
1127,16022530.00,79,00
1128,16024130.00,E2,00
1129,16025730.00,C6,00
1130,16027330.00,00,00
1131,16028930.00,00,00
1132,16030530.00,06,00
1133,16032130.00,80,00
1134,16033730.00,0B,00
1135,16262580.00,42,00
1136,16264180.00,07,00
1137,16265780.00,80,00
1138,16267380.00,06,00
1139,16268980.00,80,00
1140,16270580.00,0B,00
1141,16272180.00,80,00
1142,16273780.00,04,00
1143,16275380.00,00,00
1144,16276980.00,06,00
1145,16278580.00,68,00
1146,16280180.00,E2,00
1147,16281780.00,C2,00
1148,16283380.00,00,00
1149,16284980.00,00,00
1150,16286580.00,06,00
1151,16288180.00,80,00
1152,16289780.00,0B,00
1153,16518530.00,42,00
1154,16520130.00,07,00
1155,16521730.00,80,00
1156,16523330.00,06,00
1157,16524930.00,80,00
1158,16526530.00,0B,00
1159,16528130.00,80,00
1160,16529730.00,04,00
1161,16531330.00,00,00
1162,16532930.00,06,00
1163,16534530.00,68,00
1164,16536130.00,E2,00
1165,16537730.00,C2,00
1166,16539330.00,00,00
1167,16540930.00,00,00
1168,16542530.00,06,00
1169,16544130.00,80,00
1170,16545730.00,0B,00
1171,16774530.00,42,00
1172,16776130.00,07,00
1173,16777730.00,80,00
1174,16779330.00,06,00
1175,16780930.00,80,00
1176,16782530.00,0B,00
1177,16784130.00,80,00
1178,16785730.00,04,00
1179,16787330.00,00,00
1180,16788930.00,06,00
1181,16790530.00,68,00
1182,16792130.00,E2,00
1183,16793730.00,C2,00
1184,16795330.00,00,00
1185,16796930.00,00,00
1186,16798530.00,06,00
1187,16800130.00,80,00
1188,16801730.00,0B,00
1189,17030530.00,42,00
1190,17032130.00,07,00
1191,17033730.00,80,00
1192,17035330.00,06,00
1193,17036930.00,80,00
1194,17038530.00,0B,00
1195,17040130.00,80,00
1196,17041730.00,04,00
1197,17043330.00,00,00
1198,17044930.00,06,00
1199,17046530.00,68,00
1200,17048130.00,E2,00
1201,17049730.00,C2,00
1202,17051330.00,00,00
1203,17052930.00,00,00
1204,17054530.00,06,00
1205,17056130.00,80,00
1206,17057730.00,0B,00
1207,17286580.00,42,00
1208,17288180.00,07,00
1209,17289780.00,80,00
1210,17291380.00,06,00
1211,17292980.00,80,00
1212,17294580.00,0B,00
1213,17296180.00,80,00
1214,17297780.00,04,00
1215,17299380.00,00,00
1216,17300980.00,06,00
1217,17302580.00,68,00
1218,17304180.00,E2,00
1219,17305780.00,C2,00
1220,17307380.00,00,00
1221,17308980.00,00,00
1222,17310580.00,06,00
1223,17312180.00,80,00
1224,17313780.00,0B,00
1225,17542530.00,42,00
1226,17544140.00,0F,00
1227,17545740.00,80,00
1228,17547330.00,07,00
1229,17548930.00,80,00
1230,17550540.00,1F,00
1231,17552140.00,00,00
1232,17553730.00,0C,00
1233,17555340.00,00,00
1234,17556940.00,0C,00
1235,17558540.00,F8,00
1236,17560130.00,E7,00
1237,17561740.00,C6,00
1238,17563340.00,00,00
1239,17564940.00,00,00
1240,17566540.00,0D,00
1241,17568140.00,80,00
1242,17569740.00,1F,00
1243,17798540.00,C2,00
1244,17800140.00,0F,00
1245,17801740.00,80,00
1246,17803340.00,07,00
1247,17804940.00,80,00
1248,17806540.00,0F,00
1249,17808140.00,80,00
1250,17809740.00,04,00
1251,17811340.00,00,00
1252,17812940.00,06,00
1253,17814540.00,69,00
1254,17816140.00,E2,00
1255,17817740.00,C6,00
1256,17819340.00,00,00
1257,17820940.00,00,00
1258,17822540.00,06,00
1259,17824140.00,80,00
1260,17825740.00,1B,00
1261,18054540.00,42,00
1262,18056140.00,07,00
1263,18057740.00,80,00
1264,18059340.00,06,00
1265,18060940.00,80,00
1266,18062540.00,0B,00
1267,18064140.00,80,00
1268,18065740.00,04,00
1269,18067340.00,00,00
1270,18068940.00,06,00
1271,18070540.00,68,00
1272,18072140.00,E2,00
1273,18073740.00,C2,00
1274,18075340.00,00,00
1275,18076940.00,00,00
1276,18078540.00,06,00
1277,18080140.00,80,00
1278,18081740.00,0B,00
1279,18310590.00,42,00
1280,18312190.00,07,00
1281,18313790.00,80,00
1282,18315390.00,06,00
1283,18316990.00,80,00
1284,18318590.00,0B,00
1285,18320190.00,80,00
1286,18321790.00,04,00
1287,18323390.00,00,00
1288,18324990.00,06,00
1289,18326590.00,68,00
1290,18328190.00,E2,00
1291,18329790.00,C2,00
1292,18331390.00,00,00
1293,18332990.00,00,00
1294,18334590.00,06,00
1295,18336190.00,80,00
1296,18337790.00,0B,00
1297,18566540.00,42,00
1298,18568140.00,07,00
1299,18569740.00,80,00
1300,18571340.00,06,00
1301,18572940.00,80,00
1302,18574540.00,0B,00
1303,18576140.00,80,00
1304,18577740.00,04,00
1305,18579340.00,00,00
1306,18580940.00,06,00
1307,18582540.00,68,00
1308,18584140.00,E2,00
1309,18585740.00,C2,00
1310,18587340.00,00,00
1311,18588940.00,00,00
1312,18590540.00,06,00
1313,18592140.00,80,00
1314,18593740.00,0B,00
1315,18822540.00,42,00
1316,18824140.00,07,00
1317,18825740.00,80,00
1318,18827340.00,06,00
1319,18828940.00,80,00
1320,18830540.00,0B,00
1321,18832140.00,80,00
1322,18833740.00,04,00
1323,18835340.00,00,00
1324,18836940.00,06,00
1325,18838540.00,68,00
1326,18840140.00,E2,00
1327,18841740.00,C2,00
1328,18843340.00,00,00
1329,18844940.00,00,00
1330,18846540.00,06,00
1331,18848140.00,80,00
1332,18849740.00,0B,00
1333,19078540.00,42,00
1334,19080140.00,07,00
1335,19081740.00,80,00
1336,19083340.00,06,00
1337,19084940.00,80,00
1338,19086540.00,0B,00
1339,19088140.00,80,00
1340,19089740.00,04,00
1341,19091340.00,00,00
1342,19092940.00,06,00
1343,19094540.00,68,00
1344,19096140.00,E2,00
1345,19097740.00,C2,00
1346,19099340.00,00,00
1347,19100940.00,00,00
1348,19102540.00,06,00
1349,19104140.00,80,00
1350,19105740.00,0B,00
1351,19334590.00,46,00
1352,19336200.00,0F,00
1353,19337800.00,80,00
1354,19339400.00,07,00
1355,19341000.00,80,00
1356,19342600.00,1F,00
1357,19344200.00,00,00
1358,19345800.00,0C,00
1359,19347400.00,00,00
1360,19349000.00,0C,00
1361,19350600.00,F9,00
1362,19352200.00,E7,00
1363,19353800.00,86,00
1364,19355390.00,00,00
1365,19357000.00,00,00
1366,19358600.00,07,00
1367,19360200.00,80,00
1368,19361800.00,1F,00
1369,19590550.00,C6,00
1370,19592150.00,07,00
1371,19593750.00,80,00
1372,19595350.00,06,00
1373,19596950.00,80,00
1374,19598550.00,0F,00
1375,19600150.00,80,00
1376,19601750.00,04,00
1377,19603350.00,00,00
1378,19604950.00,06,00
1379,19606550.00,68,00
1380,19608150.00,E2,00
1381,19609750.00,C2,00
1382,19611350.00,00,00
1383,19612950.00,00,00
1384,19614550.00,06,00
1385,19616150.00,80,00
1386,19617750.00,0B,00
1387,19846550.00,42,00
1388,19848150.00,07,00
1389,19849750.00,80,00
1390,19851350.00,06,00
1391,19852950.00,80,00
1392,19854550.00,0B,00
1393,19856150.00,80,00
1394,19857750.00,04,00
1395,19859350.00,00,00
1396,19860950.00,06,00
1397,19862550.00,68,00
1398,19864150.00,E2,00
1399,19865750.00,C2,00
1400,19867350.00,00,00
1401,19868950.00,00,00
1402,19870550.00,06,00
1403,19872150.00,80,00
1404,19873750.00,0B,00
1405,20102550.00,42,00
1406,20104150.00,07,00
1407,20105750.00,80,00
1408,20107350.00,06,00
1409,20108950.00,80,00
1410,20110550.00,0B,00
1411,20112150.00,80,00
1412,20113750.00,03,00
1413,20115350.00,80,00
1414,20116950.00,06,00
1415,20118550.00,7E,00
1416,20120150.00,FA,00
1417,20121750.00,42,00
1418,20123350.00,00,00
1419,20124950.00,00,00
1420,20126550.00,06,00
1421,20128150.00,80,00
1422,20129750.00,0B,00
1423,20358600.00,42,00
1424,20360200.00,07,00
1425,20361800.00,80,00
1426,20363400.00,06,00
1427,20365000.00,80,00
1428,20366600.00,0B,00
1429,20368200.00,80,00
1430,20369800.00,04,00
1431,20371400.00,00,00
1432,20373000.00,06,00
1433,20374600.00,68,00
1434,20376200.00,E2,00
1435,20377800.00,C2,00
1436,20379400.00,00,00
1437,20381000.00,00,00
1438,20382600.00,06,00
1439,20384200.00,80,00
1440,20385800.00,0B,00
1441,20614550.00,42,00
1442,20616150.00,07,00
1443,20617750.00,80,00
1444,20619350.00,06,00
1445,20620950.00,80,00
1446,20622550.00,0B,00
1447,20624150.00,80,00
1448,20625750.00,04,00
1449,20627350.00,00,00
1450,20628950.00,06,00
1451,20630550.00,68,00
1452,20632150.00,E2,00
1453,20633750.00,C2,00
1454,20635350.00,00,00
1455,20636950.00,00,00
1456,20638550.00,06,00
1457,20640150.00,80,00
1458,20641750.00,0B,00
1459,20870550.00,42,00
1460,20872150.00,07,00
1461,20873750.00,80,00
1462,20875350.00,06,00
1463,20876950.00,80,00
1464,20878550.00,0B,00
1465,20880150.00,80,00
1466,20881750.00,03,00
1467,20883350.00,80,00
1468,20884950.00,06,00
1469,20886550.00,7E,00
1470,20888150.00,FA,00
1471,20889750.00,42,00
1472,20891350.00,00,00
1473,20892950.00,00,00
1474,20894550.00,06,00
1475,20896150.00,80,00
1476,20897750.00,0B,00
1477,21126560.00,C2,00
1478,21128160.00,0F,00
1479,21129760.00,80,00
1480,21131360.00,0D,00
1481,21132960.00,00,00
1482,21134560.00,1F,00
1483,21136160.00,80,00
1484,21137750.00,07,00
1485,21139360.00,80,00
1486,21140960.00,0F,00
1487,21142560.00,FF,00
1488,21144160.00,FD,00
1489,21145760.00,86,00
1490,21147360.00,00,00
1491,21148960.00,00,00
1492,21150560.00,0F,00
1493,21152160.00,80,00
1494,21153760.00,1F,00
1495,21382610.00,42,00
1496,21384210.00,0F,00
1497,21385810.00,80,00
1498,21387410.00,0F,00
1499,21389010.00,80,00
1500,21390610.00,0B,00
1501,21392210.00,80,00
1502,21393810.00,03,00
1503,21395410.00,80,00
1504,21397010.00,06,00
1505,21398610.00,7E,00
1506,21400210.00,FA,00
1507,21401810.00,42,00
1508,21403410.00,00,00
1509,21405010.00,00,00
1510,21406610.00,06,00
1511,21408210.00,80,00
1512,21409810.00,0B,00
1513,21638560.00,42,00
1514,21640160.00,07,00
1515,21641760.00,80,00
1516,21643360.00,06,00
1517,21644960.00,80,00
1518,21646560.00,0B,00
1519,21648160.00,80,00
1520,21649760.00,03,00
1521,21651360.00,80,00
1522,21652960.00,06,00
1523,21654560.00,7E,00
1524,21656160.00,FA,00
1525,21657760.00,42,00
1526,21659360.00,00,00
1527,21660960.00,00,00
1528,21662560.00,06,00
1529,21664160.00,80,00
1530,21665760.00,0B,00
1531,21894560.00,42,00
1532,21896160.00,07,00
1533,21897760.00,80,00
1534,21899360.00,06,00
1535,21900960.00,80,00
1536,21902560.00,0B,00
1537,21904160.00,80,00
1538,21905760.00,04,00
1539,21907360.00,00,00
1540,21908960.00,06,00
1541,21910560.00,68,00
1542,21912160.00,E2,00
1543,21913760.00,C2,00
1544,21915360.00,00,00
1545,21916960.00,00,00
1546,21918560.00,06,00
1547,21920160.00,80,00
1548,21921760.00,0B,00
1549,22150560.00,42,00
1550,22152160.00,07,00
1551,22153760.00,80,00
1552,22155360.00,06,00
1553,22156960.00,80,00
1554,22158560.00,0B,00
1555,22160160.00,80,00
1556,22161760.00,04,00
1557,22163360.00,00,00
1558,22164960.00,06,00
1559,22166560.00,68,00
1560,22168160.00,E2,00
1561,22169760.00,C2,00
1562,22171360.00,00,00
1563,22172960.00,00,00
1564,22174560.00,06,00
1565,22176160.00,80,00
1566,22177760.00,0B,00
1567,22406560.00,42,00
1568,22408160.00,07,00
1569,22409760.00,80,00
1570,22411360.00,06,00
1571,22412960.00,80,00
1572,22414560.00,0B,00
1573,22416160.00,80,00
1574,22417760.00,04,00
1575,22419360.00,00,00
1576,22420960.00,06,00
1577,22422560.00,68,00
1578,22424160.00,E2,00
1579,22425760.00,C2,00
1580,22427360.00,00,00
1581,22428960.00,00,00
1582,22430560.00,06,00
1583,22432160.00,80,00
1584,22433760.00,0B,00
1585,22662560.00,42,00
1586,22664160.00,07,00
1587,22665760.00,80,00
1588,22667360.00,06,00
1589,22668960.00,80,00
1590,22670560.00,0B,00
1591,22672160.00,80,00
1592,22673760.00,04,00
1593,22675360.00,00,00
1594,22676960.00,06,00
1595,22678560.00,E0,00
1596,22680160.00,F2,00
1597,22681760.00,42,00
1598,22683360.00,00,00
1599,22684960.00,00,00
1600,22686560.00,06,00
1601,22688160.00,80,00
1602,22689760.00,0B,00
1603,22918570.00,C6,00
1604,22920170.00,0F,00
1605,22921770.00,80,00
1606,22923370.00,0F,00
1607,22924970.00,80,00
1608,22926570.00,1F,00
1609,22928170.00,80,00
1610,22929770.00,0C,00
1611,22931370.00,00,00
1612,22932970.00,0F,00
1613,22934570.00,E1,00
1614,22936170.00,F6,00
1615,22937770.00,C6,00
1616,22939370.00,00,00
1617,22940970.00,00,00
1618,22942570.00,0F,00
1619,22944170.00,80,00
1620,22945770.00,1F,00
1621,23174570.00,C6,00
1622,23176170.00,07,00
1623,23177770.00,80,00
1624,23179370.00,06,00
1625,23180970.00,80,00
1626,23182570.00,0B,00
1627,23184170.00,80,00
1628,23185770.00,04,00
1629,23187370.00,00,00
1630,23188970.00,06,00
1631,23190570.00,68,00
1632,23192170.00,E2,00
1633,23193770.00,C2,00
1634,23195370.00,00,00
1635,23196970.00,00,00
1636,23198570.00,06,00
1637,23200170.00,80,00
1638,23201770.00,0B,00
1639,23430570.00,42,00
1640,23432170.00,07,00
1641,23433770.00,80,00
1642,23435370.00,06,00
1643,23436970.00,80,00
1644,23438570.00,0B,00
1645,23440170.00,80,00
1646,23441770.00,04,00
1647,23443370.00,00,00
1648,23444970.00,06,00
1649,23446570.00,68,00
1650,23448170.00,E2,00
1651,23449770.00,C2,00
1652,23451370.00,00,00
1653,23452970.00,00,00
1654,23454570.00,06,00
1655,23456170.00,80,00
1656,23457770.00,0B,00
1657,23686570.00,42,00
1658,23688170.00,07,00
1659,23689770.00,80,00
1660,23691370.00,06,00
1661,23692970.00,80,00
1662,23694570.00,0B,00
1663,23696170.00,80,00
1664,23697770.00,04,00
1665,23699370.00,00,00
1666,23700970.00,06,00
1667,23702570.00,68,00
1668,23704170.00,E2,00
1669,23705770.00,C2,00
1670,23707370.00,00,00
1671,23708970.00,00,00
1672,23710570.00,06,00
1673,23712170.00,80,00
1674,23713770.00,0B,00
1675,23942570.00,42,00
1676,23944170.00,07,00
1677,23945770.00,80,00
1678,23947370.00,06,00
1679,23948970.00,80,00
1680,23950570.00,0B,00
1681,23952170.00,80,00
1682,23953770.00,04,00
1683,23955370.00,00,00
1684,23956970.00,06,00
1685,23958570.00,E0,00
1686,23960170.00,F2,00
1687,23961770.00,42,00
1688,23963370.00,00,00
1689,23964970.00,00,00
1690,23966570.00,06,00
1691,23968170.00,80,00
1692,23969770.00,0B,00
1693,24198620.00,42,00
1694,24200220.00,07,00
1695,24201820.00,80,00
1696,24203420.00,06,00
1697,24205020.00,80,00
1698,24206620.00,0B,00
1699,24208220.00,80,00
1700,24209820.00,04,00
1701,24211420.00,00,00
1702,24213020.00,06,00
1703,24214620.00,68,00
1704,24216220.00,E2,00
1705,24217820.00,C2,00
1706,24219420.00,00,00
1707,24221020.00,00,00
1708,24222620.00,06,00
1709,24224220.00,80,00
1710,24225820.00,0B,00
1711,24454570.00,42,00
1712,24456170.00,07,00
1713,24457770.00,80,00
1714,24459370.00,06,00
1715,24460970.00,80,00
1716,24462570.00,0B,00
1717,24464170.00,80,00
1718,24465770.00,04,00
1719,24467370.00,00,00
1720,24468970.00,06,00
1721,24470570.00,68,00
1722,24472170.00,E2,00
1723,24473770.00,C2,00
1724,24475370.00,00,00
1725,24476970.00,00,00
1726,24478570.00,06,00
1727,24480170.00,80,00
1728,24481770.00,0B,00
1729,24710580.00,C6,00
1730,24712180.00,0F,00
1731,24713780.00,80,00
1732,24715380.00,0F,00
1733,24716980.00,80,00
1734,24718580.00,1F,00
1735,24720180.00,80,00
1736,24721780.00,0C,00
1737,24723380.00,00,00
1738,24724980.00,0E,00
1739,24726580.00,F9,00
1740,24728180.00,E7,00
1741,24729780.00,C6,00
1742,24731380.00,00,00
1743,24732980.00,00,00
1744,24734580.00,0F,00
1745,24736180.00,80,00
1746,24737780.00,1F,00
1747,24966580.00,42,00
1748,24968180.00,07,00
1749,24969780.00,80,00
1750,24971380.00,06,00
1751,24972980.00,80,00
1752,24974580.00,0B,00
1753,24976180.00,80,00
1754,24977780.00,04,00
1755,24979380.00,00,00
1756,24980980.00,06,00
1757,24982580.00,68,00
1758,24984180.00,E2,00
1759,24985780.00,C2,00
1760,24987380.00,00,00
1761,24988980.00,00,00
1762,24990580.00,06,00
1763,24992180.00,80,00
1764,24993780.00,0B,00
1765,25222630.00,42,00
1766,25224230.00,07,00
1767,25225830.00,80,00
1768,25227430.00,06,00
1769,25229030.00,80,00
1770,25230630.00,0B,00
1771,25232230.00,80,00
1772,25233830.00,04,00
1773,25235430.00,00,00
1774,25237030.00,06,00
1775,25238630.00,68,00
1776,25240230.00,E2,00
1777,25241830.00,C2,00
1778,25243430.00,00,00
1779,25245030.00,00,00
1780,25246630.00,06,00
1781,25248230.00,80,00
1782,25249830.00,0B,00
1783,25478580.00,42,00
1784,25480180.00,07,00
1785,25481780.00,80,00
1786,25483380.00,06,00
1787,25484980.00,80,00
1788,25486580.00,0B,00
1789,25488180.00,80,00
1790,25489780.00,04,00
1791,25491380.00,00,00
1792,25492980.00,06,00
1793,25494580.00,68,00
1794,25496180.00,E2,00
1795,25497780.00,C2,00
1796,25499380.00,00,00
1797,25500980.00,00,00
1798,25502580.00,06,00
1799,25504180.00,80,00
1800,25505780.00,0B,00
1801,25734580.00,42,00
1802,25736180.00,07,00
1803,25737780.00,80,00
1804,25739380.00,06,00
1805,25740980.00,80,00
1806,25742580.00,0B,00
1807,25744180.00,80,00
1808,25745780.00,04,00
1809,25747380.00,00,00
1810,25748980.00,06,00
1811,25750580.00,68,00
1812,25752180.00,E2,00
1813,25753780.00,C2,00
1814,25755380.00,00,00
1815,25756980.00,00,00
1816,25758580.00,06,00
1817,25760180.00,80,00
1818,25761780.00,0B,00
1819,25990580.00,42,00
1820,25992180.00,07,00
1821,25993780.00,80,00
1822,25995380.00,06,00
1823,25996980.00,80,00
1824,25998580.00,0B,00
1825,26000180.00,80,00
1826,26001780.00,04,00
1827,26003380.00,00,00
1828,26004980.00,06,00
1829,26006580.00,68,00
1830,26008180.00,E2,00
1831,26009780.00,C2,00
1832,26011380.00,00,00
1833,26012980.00,00,00
1834,26014580.00,06,00
1835,26016180.00,80,00
1836,26017780.00,0B,00
1837,26246630.00,42,00
1838,26248230.00,07,00
1839,26249840.00,80,00
1840,26251430.00,06,00
1841,26253030.00,80,00
1842,26254630.00,0B,00
1843,26256230.00,80,00
1844,26257830.00,04,00
1845,26259430.00,00,00
1846,26261030.00,06,00
1847,26262630.00,68,00
1848,26264230.00,E2,00
1849,26265830.00,C2,00
1850,26267430.00,00,00
1851,26269030.00,00,00
1852,26270630.00,06,00
1853,26272230.00,80,00
1854,26273830.00,0B,00
1855,26502590.00,C6,00
1856,26504190.00,0F,00
1857,26505790.00,80,00
1858,26507390.00,0F,00
1859,26508990.00,80,00
1860,26510590.00,1F,00
1861,26512190.00,80,00
1862,26513790.00,07,00
1863,26515390.00,80,00
1864,26516990.00,0E,00
1865,26518590.00,FF,00
1866,26520190.00,FE,00
1867,26521790.00,C6,00
1868,26523390.00,00,00
1869,26524990.00,00,00
1870,26526590.00,0F,00
1871,26528190.00,80,00
1872,26529790.00,1F,00
1873,26758590.00,42,00
1874,26760190.00,07,00
1875,26761790.00,80,00
1876,26763390.00,06,00
1877,26764990.00,80,00
1878,26766590.00,0B,00
1879,26768190.00,80,00
1880,26769790.00,03,00
1881,26771390.00,80,00
1882,26772990.00,06,00
1883,26774590.00,7E,00
1884,26776190.00,FA,00
1885,26777790.00,42,00
1886,26779390.00,00,00
1887,26780990.00,00,00
1888,26782590.00,06,00
1889,26784190.00,80,00
1890,26785790.00,0B,00
1891,27014590.00,42,00
1892,27016190.00,07,00
1893,27017790.00,80,00
1894,27019390.00,06,00
1895,27020990.00,80,00
1896,27022590.00,0B,00
1897,27024190.00,80,00
1898,27025790.00,04,00
1899,27027390.00,00,00
1900,27028990.00,06,00
1901,27030590.00,68,00
1902,27032190.00,E2,00
1903,27033790.00,C2,00
1904,27035390.00,00,00
1905,27036990.00,00,00
1906,27038590.00,06,00
1907,27040190.00,80,00
1908,27041790.00,0B,00
1909,27270640.00,42,00
1910,27272240.00,07,00
1911,27273840.00,80,00
1912,27275440.00,06,00
1913,27277040.00,80,00
1914,27278640.00,0B,00
1915,27280240.00,80,00
1916,27281840.00,04,00
1917,27283440.00,00,00
1918,27285040.00,06,00
1919,27286640.00,68,00
1920,27288240.00,E2,00
1921,27289840.00,C2,00
1922,27291440.00,00,00
1923,27293040.00,00,00
1924,27294640.00,06,00
1925,27296240.00,80,00
1926,27297840.00,0B,00
1927,27526590.00,42,00
1928,27528190.00,07,00
1929,27529790.00,80,00
1930,27531390.00,06,00
1931,27532990.00,80,00
1932,27534590.00,0B,00
1933,27536190.00,80,00
1934,27537790.00,04,00
1935,27539390.00,00,00
1936,27540990.00,06,00
1937,27542590.00,68,00
1938,27544190.00,E2,00
1939,27545790.00,C2,00
1940,27547390.00,00,00
1941,27548990.00,00,00
1942,27550590.00,06,00
1943,27552190.00,80,00
1944,27553790.00,0B,00
1945,27782590.00,42,00
1946,27784190.00,07,00
1947,27785790.00,80,00
1948,27787390.00,06,00
1949,27788990.00,80,00
1950,27790590.00,0B,00
1951,27792190.00,80,00
1952,27793790.00,04,00
1953,27795390.00,00,00
1954,27796990.00,06,00
1955,27798590.00,68,00
1956,27800190.00,E2,00
1957,27801790.00,C2,00
1958,27803390.00,00,00
1959,27804990.00,00,00
1960,27806590.00,06,00
1961,27808190.00,80,00
1962,27809790.00,0B,00
1963,28038590.00,42,00
1964,28040190.00,07,00
1965,28041790.00,80,00
1966,28043390.00,06,00
1967,28044990.00,80,00
1968,28046590.00,0B,00
1969,28048190.00,80,00
1970,28049790.00,04,00
1971,28051390.00,00,00
1972,28052990.00,06,00
1973,28054590.00,68,00
1974,28056190.00,E2,00
1975,28057800.00,C2,00
1976,28059390.00,00,00
1977,28060990.00,00,00
1978,28062590.00,07,00
1979,28064200.00,00,00
1980,28065790.00,0B,00
1981,28294650.00,C6,00
1982,28296250.00,0F,00
1983,28297850.00,80,00
1984,28299450.00,0F,00
1985,28301050.00,80,00
1986,28302650.00,1F,00
1987,28304250.00,80,00
1988,28305850.00,07,00
1989,28307450.00,80,00
1990,28309050.00,0E,00
1991,28310650.00,FF,00
1992,28312250.00,FE,00
1993,28313850.00,C6,00
1994,28315450.00,00,00
1995,28317050.00,00,00
1996,28318650.00,0F,00
1997,28320250.00,80,00
1998,28321850.00,0B,00
1999,28550600.00,42,00
2000,28552200.00,07,00
2001,28553800.00,80,00
2002,28555400.00,06,00
2003,28557000.00,80,00
2004,28558600.00,0B,00
2005,28560200.00,80,00
2006,28561800.00,04,00
2007,28563400.00,00,00
2008,28565000.00,06,00
2009,28566600.00,68,00
2010,28568200.00,E2,00
2011,28569800.00,C2,00
2012,28571400.00,00,00
2013,28573000.00,00,00
2014,28574600.00,06,00
2015,28576200.00,80,00
2016,28577800.00,0B,00
2017,28806600.00,42,00
2018,28808200.00,07,00
2019,28809800.00,80,00
2020,28811400.00,06,00
2021,28813000.00,80,00
2022,28814600.00,0B,00
2023,28816200.00,80,00
2024,28817800.00,04,00
2025,28819400.00,00,00
2026,28821000.00,06,00
2027,28822600.00,68,00
2028,28824200.00,E2,00
2029,28825800.00,C2,00
2030,28827400.00,00,00
2031,28829000.00,00,00
2032,28830600.00,06,00
2033,28832200.00,80,00
2034,28833800.00,0B,00
2035,29062600.00,42,00
2036,29064200.00,07,00
2037,29065800.00,80,00
2038,29067400.00,06,00
2039,29069000.00,80,00
2040,29070600.00,0B,00
2041,29072200.00,80,00
2042,29073800.00,04,00
2043,29075400.00,00,00
2044,29077000.00,06,00
2045,29078600.00,68,00
2046,29080200.00,E2,00
2047,29081800.00,C2,00
2048,29083400.00,00,00
2049,29085000.00,00,00
2050,29086600.00,06,00
2051,29088200.00,80,00
2052,29089800.00,0B,00
2053,29318650.00,42,00
2054,29320250.00,07,00
2055,29321850.00,80,00
2056,29323450.00,06,00
2057,29325050.00,80,00
2058,29326650.00,0B,00
2059,29328250.00,80,00
2060,29329850.00,03,00
2061,29331450.00,80,00
2062,29333050.00,06,00
2063,29334650.00,7E,00
2064,29336250.00,FA,00
2065,29337850.00,42,00
2066,29339450.00,00,00
2067,29341050.00,00,00
2068,29342650.00,06,00
2069,29344250.00,80,00
2070,29345850.00,0B,00
2071,29574600.00,42,00
2072,29576200.00,07,00
2073,29577800.00,80,00
2074,29579400.00,06,00
2075,29581000.00,80,00
2076,29582600.00,0B,00
2077,29584200.00,80,00
2078,29585800.00,04,00
2079,29587400.00,00,00
2080,29589000.00,06,00
2081,29590600.00,68,00
2082,29592200.00,E2,00
2083,29593800.00,C2,00
2084,29595400.00,00,00
2085,29597000.00,00,00
2086,29598600.00,06,00
2087,29600200.00,80,00
2088,29601800.00,0B,00
2089,29830600.00,42,00
2090,29832200.00,07,00
2091,29833800.00,80,00
2092,29835400.00,07,00
2093,29837000.00,80,00
2094,29838600.00,0B,00
2095,29840210.00,00,00
2096,29841800.00,04,00
2097,29843410.00,00,00
2098,29845010.00,06,00
2099,29846600.00,68,00
2100,29848200.00,E2,00
2101,29849800.00,C4,00
2102,29851400.00,00,00
2103,29853010.00,00,00
2104,29854610.00,0F,00
2105,29856200.00,80,00
2106,29857810.00,0B,00
2107,30086610.00,C6,00
2108,30088210.00,0F,00
2109,30089810.00,80,00
2110,30091410.00,0F,00
2111,30093010.00,80,00
2112,30094610.00,1F,00
2113,30096210.00,80,00
2114,30097810.00,07,00
2115,30099410.00,80,00
2116,30101010.00,0E,00
2117,30102610.00,FE,00
2118,30104210.00,FE,00
2119,30105810.00,42,00
2120,30107410.00,00,00
2121,30109010.00,00,00
2122,30110610.00,0E,00
2123,30112210.00,80,00
2124,30113810.00,1F,00
2125,30342660.00,42,00
2126,30344260.00,07,00
2127,30345860.00,80,00
2128,30347460.00,06,00
2129,30349060.00,80,00
2130,30350660.00,0B,00
2131,30352260.00,80,00
2132,30353860.00,03,00
2133,30355460.00,80,00
2134,30357060.00,06,00
2135,30358660.00,7E,00
2136,30360260.00,FA,00
2137,30361860.00,42,00
2138,30363460.00,00,00
2139,30365060.00,00,00
2140,30366660.00,06,00
2141,30368260.00,80,00
2142,30369860.00,0B,00
2143,30598610.00,42,00
2144,30600210.00,07,00
2145,30601810.00,80,00
2146,30603410.00,06,00
2147,30605010.00,80,00
2148,30606610.00,0B,00
2149,30608210.00,80,00
2150,30609810.00,03,00
2151,30611410.00,80,00
2152,30613010.00,06,00
2153,30614610.00,7E,00
2154,30616210.00,FA,00
2155,30617810.00,42,00
2156,30619410.00,00,00
2157,30621010.00,00,00
2158,30622610.00,06,00
2159,30624210.00,80,00
2160,30625810.00,0B,00
2161,30854610.00,42,00
2162,30856210.00,07,00
2163,30857810.00,80,00
2164,30859410.00,06,00
2165,30861010.00,80,00
2166,30862610.00,0B,00
2167,30864210.00,80,00
2168,30865810.00,04,00
2169,30867410.00,00,00
2170,30869010.00,06,00
2171,30870610.00,68,00
2172,30872210.00,E2,00
2173,30873810.00,C2,00
2174,30875410.00,00,00
2175,30877010.00,00,00
2176,30878610.00,06,00
2177,30880210.00,80,00
2178,30881810.00,0B,00
2179,31110610.00,42,00
2180,31112210.00,07,00
2181,31113810.00,80,00
2182,31115410.00,06,00
2183,31117010.00,80,00
2184,31118610.00,0B,00
2185,31120210.00,80,00
2186,31121810.00,04,00
2187,31123410.00,00,00
2188,31125010.00,06,00
2189,31126610.00,E0,00
2190,31128210.00,F2,00
2191,31129810.00,42,00
2192,31131410.00,00,00
2193,31133010.00,00,00
2194,31134610.00,06,00
2195,31136210.00,80,00
2196,31137810.00,0B,00
2197,31366660.00,42,00
2198,31368260.00,07,00
2199,31369860.00,80,00
2200,31371460.00,06,00
2201,31373060.00,80,00
2202,31374660.00,0B,00
2203,31376260.00,80,00
2204,31377860.00,04,00
2205,31379460.00,00,00
2206,31381060.00,06,00
2207,31382660.00,68,00
2208,31384260.00,E2,00
2209,31385860.00,C2,00
2210,31387460.00,00,00
2211,31389060.00,00,00
2212,31390660.00,06,00
2213,31392260.00,80,00
2214,31393860.00,0B,00
2215,31622610.00,42,00
2216,31624220.00,0F,00
2217,31625810.00,80,00
2218,31627410.00,0E,00
2219,31629010.00,80,00
2220,31630610.00,0F,00
2221,31632210.00,80,00
2222,31633820.00,0C,00
2223,31635420.00,00,00
2224,31637020.00,0E,00
2225,31638620.00,E1,00
2226,31640220.00,E2,00
2227,31641810.00,86,00
2228,31643420.00,00,00
2229,31645020.00,00,00
2230,31646620.00,05,00
2231,31648220.00,80,00
2232,31649820.00,0B,00
2233,31878620.00,C6,00
2234,31880220.00,0F,00
2235,31881820.00,80,00
2236,31883420.00,0F,00
2237,31885020.00,80,00
2238,31886620.00,1F,00
2239,31888220.00,80,00
2240,31889820.00,0C,00
2241,31891420.00,00,00
2242,31893020.00,06,00
2243,31894620.00,F9,00
2244,31896220.00,E7,00
2245,31897820.00,C2,00
2246,31899420.00,00,00
2247,31901020.00,00,00
2248,31902620.00,06,00
2249,31904220.00,80,00
2250,31905820.00,0B,00
2251,32134620.00,42,00
2252,32136220.00,07,00
2253,32137820.00,80,00
2254,32139420.00,06,00
2255,32141020.00,80,00
2256,32142620.00,0B,00
2257,32144220.00,80,00
2258,32145820.00,04,00
2259,32147420.00,00,00
2260,32149020.00,06,00
2261,32150620.00,68,00
2262,32152220.00,E2,00
2263,32153820.00,C2,00
2264,32155420.00,00,00
2265,32157020.00,00,00
2266,32158620.00,06,00
2267,32160220.00,80,00
2268,32161820.00,0B,00
2269,32390670.00,42,00
2270,32392270.00,07,00
2271,32393870.00,80,00
2272,32395470.00,06,00
2273,32397070.00,80,00
2274,32398670.00,0B,00
2275,32400270.00,80,00
2276,32401870.00,04,00
2277,32403470.00,00,00
2278,32405070.00,06,00
2279,32406670.00,68,00
2280,32408270.00,E2,00
2281,32409870.00,C2,00
2282,32411470.00,00,00
2283,32413070.00,00,00
2284,32414670.00,06,00
2285,32416270.00,80,00
2286,32417870.00,0B,00
2287,32646620.00,42,00
2288,32648220.00,07,00
2289,32649820.00,80,00
2290,32651420.00,06,00
2291,32653020.00,80,00
2292,32654620.00,0B,00
2293,32656220.00,80,00
2294,32657820.00,04,00
2295,32659420.00,00,00
2296,32661020.00,06,00
2297,32662620.00,68,00
2298,32664220.00,E2,00
2299,32665820.00,C2,00
2300,32667420.00,00,00
2301,32669020.00,00,00
2302,32670620.00,06,00
2303,32672220.00,80,00
2304,32673820.00,0B,00
2305,32902620.00,42,00
2306,32904220.00,07,00
2307,32905820.00,80,00
2308,32907420.00,06,00
2309,32909020.00,80,00
2310,32910620.00,0B,00
2311,32912220.00,80,00
2312,32913820.00,04,00
2313,32915420.00,00,00
2314,32917020.00,06,00
2315,32918620.00,68,00
2316,32920220.00,E2,00
2317,32921820.00,C2,00
2318,32923420.00,00,00
2319,32925020.00,00,00
2320,32926620.00,06,00
2321,32928220.00,80,00
2322,32929820.00,0B,00
2323,33158620.00,42,00
2324,33160220.00,07,00
2325,33161820.00,80,00
2326,33163420.00,06,00
2327,33165020.00,80,00
2328,33166620.00,0B,00
2329,33168220.00,80,00
2330,33169820.00,04,00
2331,33171420.00,00,00
2332,33173020.00,06,00
2333,33174620.00,68,00
2334,33176220.00,E2,00
2335,33177820.00,C2,00
2336,33179420.00,00,00
2337,33181020.00,00,00
2338,33182620.00,06,00
2339,33184220.00,80,00
2340,33185820.00,0B,00
2341,33414630.00,C6,00
2342,33416230.00,0F,00
2343,33417820.00,80,00
2344,33419430.00,0F,00
2345,33421030.00,80,00
2346,33422630.00,0F,00
2347,33424220.00,80,00
2348,33425830.00,04,00
2349,33427420.00,00,00
2350,33429030.00,0C,00
2351,33430630.00,E9,00
2352,33432230.00,C7,00
2353,33433830.00,C4,00
2354,33435430.00,00,00
2355,33437030.00,00,00
2356,33438630.00,0F,00
2357,33440230.00,80,00
2358,33441830.00,1F,00
2359,33670630.00,C6,00
2360,33672230.00,0F,00
2361,33673830.00,80,00
2362,33675430.00,0E,00
2363,33677030.00,80,00
2364,33678630.00,1F,00
2365,33680230.00,80,00
2366,33681830.00,04,00
2367,33683430.00,00,00
2368,33685030.00,06,00
2369,33686630.00,E9,00
2370,33688230.00,E2,00
2371,33689830.00,C2,00
2372,33691430.00,00,00
2373,33693030.00,00,00
2374,33694630.00,07,00
2375,33696230.00,80,00
2376,33697830.00,0B,00
2377,33926630.00,42,00
2378,33928230.00,07,00
2379,33929830.00,80,00
2380,33931430.00,06,00
2381,33933030.00,80,00
2382,33934630.00,0B,00
2383,33936230.00,80,00
2384,33937830.00,04,00
2385,33939430.00,00,00
2386,33941030.00,06,00
2387,33942630.00,68,00
2388,33944230.00,E2,00
2389,33945830.00,C2,00
2390,33947430.00,00,00
2391,33949030.00,00,00
2392,33950630.00,06,00
2393,33952230.00,80,00
2394,33953830.00,0B,00
2395,34182630.00,42,00
2396,34184230.00,07,00
2397,34185830.00,80,00
2398,34187430.00,06,00
2399,34189030.00,80,00
2400,34190630.00,0B,00
2401,34192230.00,80,00
2402,34193830.00,04,00
2403,34195430.00,00,00
2404,34197030.00,06,00
2405,34198630.00,68,00
2406,34200230.00,E2,00
2407,34201830.00,C2,00
2408,34203430.00,00,00
2409,34205030.00,00,00
2410,34206630.00,06,00
2411,34208230.00,80,00
2412,34209830.00,0B,00
2413,34438630.00,42,00
2414,34440230.00,07,00
2415,34441830.00,80,00
2416,34443430.00,06,00
2417,34445030.00,80,00
2418,34446630.00,0B,00
2419,34448230.00,80,00
2420,34449830.00,04,00
2421,34451430.00,00,00
2422,34453030.00,06,00
2423,34454630.00,68,00
2424,34456230.00,E2,00
2425,34457830.00,C2,00
2426,34459430.00,00,00
2427,34461030.00,00,00
2428,34462630.00,06,00
2429,34464230.00,80,00
2430,34465830.00,0B,00
2431,34694630.00,42,00
2432,34696230.00,07,00
2433,34697830.00,80,00
2434,34699430.00,06,00
2435,34701030.00,80,00
2436,34702630.00,0B,00
2437,34704230.00,80,00
2438,34705830.00,04,00
2439,34707430.00,00,00
2440,34709030.00,06,00
2441,34710630.00,68,00
2442,34712230.00,E2,00
2443,34713830.00,C2,00
2444,34715430.00,00,00
2445,34717030.00,00,00
2446,34718630.00,06,00
2447,34720230.00,80,00
2448,34721830.00,0B,00
2449,34950630.00,42,00
2450,34952230.00,07,00
2451,34953830.00,80,00
2452,34955430.00,06,00
2453,34957030.00,80,00
2454,34958630.00,0B,00
2455,34960230.00,80,00
2456,34961830.00,04,00
2457,34963430.00,00,00
2458,34965030.00,06,00
2459,34966630.00,E0,00
2460,34968230.00,F2,00
2461,34969830.00,42,00
2462,34971430.00,00,00
2463,34973030.00,00,00
2464,34974630.00,06,00
2465,34976230.00,80,00
2466,34977830.00,0B,00
2467,35206680.00,42,00
2468,35208280.00,07,00
2469,35209890.00,80,00
2470,35211490.00,0F,00
2471,35213080.00,80,00
2472,35214680.00,0F,00
2473,35216290.00,80,00
2474,35217890.00,0C,00
2475,35219490.00,00,00
2476,35221090.00,0E,00
2477,35222690.00,F9,00
2478,35224290.00,C3,00
2479,35225890.00,C0,00
2480,35227490.00,00,00
2481,35229090.00,00,00
2482,35230690.00,0F,00
2483,35232290.00,80,00
2484,35233890.00,1F,00
2485,35462640.00,C6,00
2486,35464240.00,07,00
2487,35465840.00,80,00
2488,35467440.00,07,00
2489,35469040.00,80,00
2490,35470640.00,0F,00
2491,35472240.00,80,00
2492,35473840.00,04,00
2493,35475440.00,00,00
2494,35477040.00,06,00
2495,35478640.00,79,00
2496,35480240.00,E2,00
2497,35481840.00,C2,00
2498,35483440.00,00,00
2499,35485040.00,00,00
2500,35486640.00,0E,00
2501,35488240.00,80,00
2502,35489840.00,0B,00
2503,35718640.00,42,00
2504,35720240.00,07,00
2505,35721840.00,80,00
2506,35723440.00,06,00
2507,35725040.00,80,00
2508,35726640.00,0B,00
2509,35728240.00,80,00
2510,35729840.00,04,00
2511,35731440.00,00,00
2512,35733040.00,06,00
2513,35734640.00,68,00
2514,35736240.00,E2,00
2515,35737840.00,C2,00
2516,35739440.00,00,00
2517,35741040.00,00,00
2518,35742640.00,06,00
2519,35744240.00,80,00
2520,35745840.00,0B,00
2521,35974640.00,42,00
2522,35976240.00,07,00
2523,35977840.00,80,00
2524,35979440.00,06,00
2525,35981040.00,80,00
2526,35982640.00,0B,00
2527,35984240.00,80,00
2528,35985840.00,04,00
2529,35987440.00,00,00
2530,35989040.00,06,00
2531,35990640.00,68,00
2532,35992240.00,E2,00
2533,35993840.00,C2,00
2534,35995440.00,00,00
2535,35997040.00,00,00
2536,35998640.00,06,00
2537,36000240.00,80,00
2538,36001840.00,0B,00
2539,36230690.00,42,00
2540,36232290.00,07,00
2541,36233890.00,80,00
2542,36235490.00,06,00
2543,36237090.00,80,00
2544,36238690.00,0B,00
2545,36240290.00,80,00
2546,36241890.00,04,00
2547,36243490.00,00,00
2548,36245090.00,06,00
2549,36246690.00,68,00
2550,36248290.00,E2,00
2551,36249890.00,C2,00
2552,36251490.00,00,00
2553,36253090.00,00,00
2554,36254690.00,06,00
2555,36256290.00,80,00
2556,36257890.00,0B,00
2557,36486640.00,42,00
2558,36488240.00,07,00
2559,36489840.00,80,00
2560,36491440.00,06,00
2561,36493040.00,80,00
2562,36494640.00,0B,00
2563,36496240.00,80,00
2564,36497840.00,04,00
2565,36499440.00,00,00
2566,36501040.00,06,00
2567,36502640.00,68,00
2568,36504240.00,E2,00
2569,36505840.00,C2,00
2570,36507440.00,00,00
2571,36509040.00,00,00
2572,36510640.00,06,00
2573,36512240.00,80,00
2574,36513840.00,0B,00
2575,36742640.00,42,00
2576,36744240.00,07,00
2577,36745840.00,80,00
2578,36747440.00,06,00
2579,36749040.00,80,00
2580,36750640.00,0B,00
2581,36752240.00,80,00
2582,36753840.00,04,00
2583,36755440.00,00,00
2584,36757040.00,06,00
2585,36758640.00,68,00
2586,36760240.00,E2,00
2587,36761840.00,C2,00
2588,36763440.00,00,00
2589,36765040.00,00,00
2590,36766640.00,06,00
2591,36768240.00,80,00
2592,36769840.00,0B,00
2593,36998650.00,C6,00
2594,37000250.00,0F,00
2595,37001850.00,80,00
2596,37003450.00,0F,00
2597,37005040.00,80,00
2598,37006650.00,1F,00
2599,37008250.00,80,00
2600,37009850.00,0C,00
2601,37011450.00,00,00
2602,37013050.00,0E,00
2603,37014650.00,F1,00
2604,37016250.00,E7,00
2605,37017850.00,C6,00
2606,37019450.00,00,00
2607,37021050.00,00,00
2608,37022650.00,0F,00
2609,37024250.00,80,00
2610,37025850.00,1F,00
2611,37254700.00,C2,00
2612,37256300.00,07,00
2613,37257900.00,80,00
2614,37259500.00,06,00
2615,37261100.00,80,00
2616,37262700.00,0B,00
2617,37264300.00,80,00
2618,37265900.00,04,00
2619,37267500.00,00,00
2620,37269100.00,06,00
2621,37270700.00,68,00
2622,37272300.00,E2,00
2623,37273900.00,C2,00
2624,37275500.00,00,00
2625,37277100.00,00,00
2626,37278700.00,06,00
2627,37280300.00,80,00
2628,37281900.00,0B,00
2629,37510650.00,42,00
2630,37512250.00,07,00
2631,37513850.00,80,00
2632,37515450.00,06,00
2633,37517050.00,80,00
2634,37518650.00,0B,00
2635,37520250.00,80,00
2636,37521850.00,04,00
2637,37523450.00,00,00
2638,37525050.00,06,00
2639,37526650.00,68,00
2640,37528250.00,E2,00
2641,37529850.00,C2,00
2642,37531450.00,00,00
2643,37533050.00,00,00
2644,37534650.00,06,00
2645,37536250.00,80,00
2646,37537850.00,0B,00
2647,37766650.00,42,00
2648,37768250.00,07,00
2649,37769850.00,80,00
2650,37771450.00,06,00
2651,37773050.00,80,00
2652,37774650.00,0B,00
2653,37776250.00,80,00
2654,37777850.00,04,00
2655,37779450.00,00,00
2656,37781050.00,06,00
2657,37782650.00,68,00
2658,37784250.00,E2,00
2659,37785850.00,C2,00
2660,37787450.00,00,00
2661,37789050.00,00,00
2662,37790650.00,06,00
2663,37792250.00,80,00
2664,37793850.00,0B,00
2665,38022650.00,42,00
2666,38024250.00,07,00
2667,38025850.00,80,00
2668,38027450.00,06,00
2669,38029050.00,80,00
2670,38030650.00,0B,00
2671,38032250.00,80,00
2672,38033850.00,04,00
2673,38035450.00,00,00
2674,38037050.00,06,00
2675,38038650.00,E0,00
2676,38040250.00,F2,00
2677,38041850.00,42,00
2678,38043450.00,00,00
2679,38045050.00,00,00
2680,38046650.00,06,00
2681,38048250.00,80,00
2682,38049850.00,0B,00
2683,38278700.00,42,00
2684,38280300.00,07,00
2685,38281900.00,80,00
2686,38283500.00,06,00
2687,38285100.00,80,00
2688,38286700.00,0B,00
2689,38288300.00,80,00
2690,38289900.00,04,00
2691,38291500.00,00,00
2692,38293100.00,06,00
2693,38294700.00,E0,00
2694,38296300.00,F2,00
2695,38297900.00,42,00
2696,38299500.00,00,00
2697,38301100.00,00,00
2698,38302700.00,06,00
2699,38304300.00,80,00
2700,38305900.00,0B,00
2701,38534650.00,42,00
2702,38536250.00,07,00
2703,38537850.00,80,00
2704,38539450.00,06,00
2705,38541050.00,80,00
2706,38542650.00,0B,00
2707,38544250.00,80,00
2708,38545850.00,04,00
2709,38547450.00,00,00
2710,38549050.00,06,00
2711,38550650.00,E0,00
2712,38552250.00,F2,00
2713,38553850.00,42,00
2714,38555450.00,00,00
2715,38557050.00,00,00
2716,38558650.00,06,00
2717,38560250.00,80,00
2718,38561850.00,0B,00
2719,38790660.00,C6,00
2720,38792260.00,0F,00
2721,38793860.00,80,00
2722,38795460.00,0F,00
2723,38797060.00,80,00
2724,38798660.00,1F,00
2725,38800260.00,80,00
2726,38801860.00,0C,00
2727,38803460.00,00,00
2728,38805060.00,0E,00
2729,38806660.00,F9,00
2730,38808260.00,E7,00
2731,38809860.00,C6,00
2732,38811460.00,00,00
2733,38813060.00,00,00
2734,38814660.00,0F,00
2735,38816260.00,80,00
2736,38817860.00,1F,00
2737,39046660.00,46,00
2738,39048260.00,07,00
2739,39049860.00,80,00
2740,39051460.00,0E,00
2741,39053060.00,80,00
2742,39054660.00,0B,00
2743,39056260.00,80,00
2744,39057860.00,04,00
2745,39059460.00,00,00
2746,39061060.00,06,00
2747,39062660.00,68,00
2748,39064260.00,E2,00
2749,39065860.00,C2,00
2750,39067460.00,00,00
2751,39069060.00,00,00
2752,39070660.00,06,00
2753,39072260.00,80,00
2754,39073860.00,0B,00
2755,39302710.00,42,00
2756,39304310.00,07,00
2757,39305910.00,80,00
2758,39307510.00,06,00
2759,39309110.00,80,00
2760,39310710.00,0B,00
2761,39312310.00,80,00
2762,39313910.00,04,00
2763,39315510.00,00,00
2764,39317110.00,06,00
2765,39318710.00,68,00
2766,39320310.00,E2,00
2767,39321910.00,C2,00
2768,39323510.00,00,00
2769,39325110.00,00,00
2770,39326710.00,06,00
2771,39328310.00,80,00
2772,39329910.00,0B,00
2773,39558660.00,42,00
2774,39560260.00,07,00
2775,39561860.00,80,00
2776,39563460.00,06,00
2777,39565060.00,80,00
2778,39566660.00,0B,00
2779,39568260.00,80,00
2780,39569860.00,04,00
2781,39571460.00,00,00
2782,39573060.00,06,00
2783,39574660.00,68,00
2784,39576260.00,E2,00
2785,39577860.00,C2,00
2786,39579460.00,00,00
2787,39581060.00,00,00
2788,39582660.00,06,00
2789,39584260.00,80,00
2790,39585860.00,0B,00
2791,39814660.00,42,00
2792,39816260.00,07,00
2793,39817860.00,80,00
2794,39819460.00,06,00
2795,39821060.00,80,00
2796,39822660.00,0B,00
2797,39824260.00,80,00
2798,39825860.00,04,00
2799,39827460.00,00,00
2800,39829060.00,06,00
2801,39830660.00,E0,00
2802,39832260.00,F2,00
2803,39833860.00,42,00
2804,39835460.00,00,00
2805,39837060.00,00,00
2806,39838660.00,06,00
2807,39840260.00,80,00
2808,39841860.00,0B,00
2809,40070660.00,42,00
2810,40072260.00,07,00
2811,40073860.00,80,00
2812,40075460.00,06,00
2813,40077060.00,80,00
2814,40078660.00,0B,00
2815,40080260.00,80,00
2816,40081860.00,04,00
2817,40083460.00,00,00
2818,40085060.00,06,00
2819,40086660.00,E0,00
2820,40088260.00,F2,00
2821,40089860.00,42,00
2822,40091460.00,00,00
2823,40093060.00,00,00
2824,40094660.00,06,00
2825,40096260.00,80,00
2826,40097860.00,0B,00
2827,40326710.00,42,00
2828,40328310.00,07,00
2829,40329910.00,80,00
2830,40331510.00,06,00
2831,40333110.00,80,00
2832,40334710.00,0B,00
2833,40336310.00,80,00
2834,40337910.00,04,00
2835,40339510.00,00,00
2836,40341110.00,06,00
2837,40342710.00,68,00
2838,40344310.00,E2,00
2839,40345910.00,C2,00
2840,40347510.00,00,00
2841,40349110.00,00,00
2842,40350710.00,06,00
2843,40352310.00,80,00
2844,40353910.00,0B,00
2845,40582670.00,C6,00
2846,40584270.00,0F,00
2847,40585870.00,80,00
2848,40587470.00,0F,00
2849,40589070.00,80,00
2850,40590670.00,1F,00
2851,40592270.00,80,00
2852,40593870.00,0C,00
2853,40595470.00,00,00
2854,40597070.00,0E,00
2855,40598670.00,F9,00
2856,40600270.00,E7,00
2857,40601870.00,C6,00
2858,40603470.00,00,00
2859,40605070.00,00,00
2860,40606670.00,0F,00
2861,40608270.00,80,00
2862,40609870.00,1F,00
2863,40838670.00,C2,00
2864,40840270.00,07,00
2865,40841870.00,80,00
2866,40843470.00,06,00
2867,40845070.00,80,00
2868,40846670.00,0B,00
2869,40848270.00,80,00
2870,40849870.00,04,00
2871,40851470.00,00,00
2872,40853070.00,06,00
2873,40854670.00,68,00
2874,40856270.00,E2,00
2875,40857870.00,C2,00
2876,40859470.00,00,00
2877,40861070.00,00,00
2878,40862670.00,06,00
2879,40864270.00,80,00
2880,40865870.00,0B,00
2881,41094670.00,42,00
2882,41096270.00,07,00
2883,41097870.00,80,00
2884,41099470.00,06,00
2885,41101070.00,80,00
2886,41102670.00,0B,00
2887,41104270.00,80,00
2888,41105870.00,04,00
2889,41107470.00,00,00
2890,41109070.00,06,00
2891,41110670.00,E0,00
2892,41112270.00,F2,00
2893,41113870.00,42,00
2894,41115470.00,00,00
2895,41117070.00,00,00
2896,41118670.00,06,00
2897,41120270.00,80,00
2898,41121870.00,0B,00
2899,41350720.00,42,00
2900,41352320.00,07,00
2901,41353920.00,80,00
2902,41355520.00,06,00
2903,41357120.00,80,00
2904,41358720.00,0B,00
2905,41360320.00,80,00
2906,41361920.00,04,00
2907,41363520.00,00,00
2908,41365120.00,06,00
2909,41366720.00,68,00
2910,41368320.00,E2,00
2911,41369920.00,C2,00
2912,41371520.00,00,00
2913,41373120.00,00,00
2914,41374720.00,06,00
2915,41376320.00,80,00
2916,41377920.00,0B,00
2917,41606670.00,42,00
2918,41608270.00,07,00
2919,41609870.00,80,00
2920,41611470.00,06,00
2921,41613070.00,80,00
2922,41614670.00,0B,00
2923,41616270.00,80,00
2924,41617870.00,04,00
2925,41619470.00,00,00
2926,41621070.00,06,00
2927,41622670.00,68,00
2928,41624270.00,E2,00
2929,41625870.00,C2,00
2930,41627470.00,00,00
2931,41629070.00,00,00
2932,41630670.00,06,00
2933,41632270.00,80,00
2934,41633870.00,0B,00
2935,41862670.00,42,00
2936,41864270.00,07,00
2937,41865870.00,80,00
2938,41867470.00,06,00
2939,41869070.00,80,00
2940,41870670.00,0B,00
2941,41872270.00,80,00
2942,41873870.00,03,00
2943,41875470.00,80,00
2944,41877070.00,06,00
2945,41878670.00,7E,00
2946,41880270.00,FA,00
2947,41881870.00,42,00
2948,41883470.00,00,00
2949,41885070.00,00,00
2950,41886670.00,06,00
2951,41888270.00,80,00
2952,41889870.00,0B,00
2953,42118670.00,42,00
2954,42120270.00,07,00
2955,42121870.00,80,00
2956,42123470.00,06,00
2957,42125070.00,80,00
2958,42126670.00,0B,00
2959,42128270.00,80,00
2960,42129870.00,04,00
2961,42131470.00,00,00
2962,42133070.00,06,00
2963,42134670.00,68,00
2964,42136270.00,E2,00
2965,42137870.00,C2,00
2966,42139470.00,00,00
2967,42141070.00,00,00
2968,42142670.00,06,00
2969,42144270.00,80,00
2970,42145870.00,0B,00
2971,42374730.00,C6,00
2972,42376330.00,0F,00
2973,42377930.00,80,00
2974,42379530.00,0F,00
2975,42381130.00,80,00
2976,42382730.00,1F,00
2977,42384330.00,80,00
2978,42385930.00,07,00
2979,42387530.00,80,00
2980,42389130.00,0E,00
2981,42390730.00,FF,00
2982,42392330.00,FE,00
2983,42393930.00,C6,00
2984,42395530.00,00,00
2985,42397130.00,00,00
2986,42398730.00,0F,00
2987,42400330.00,80,00
2988,42401930.00,1F,00
2989,42630680.00,42,00
2990,42632280.00,07,00
2991,42633880.00,80,00
2992,42635480.00,06,00
2993,42637080.00,80,00
2994,42638680.00,0B,00
2995,42640280.00,80,00
2996,42641880.00,04,00
2997,42643480.00,00,00
2998,42645080.00,06,00
2999,42646680.00,E0,00
3000,42648280.00,F2,00
3001,42649880.00,42,00
3002,42651480.00,00,00
3003,42653080.00,00,00
3004,42654680.00,06,00
3005,42656280.00,80,00
3006,42657880.00,0B,00
3007,42886680.00,42,00
3008,42888280.00,07,00
3009,42889880.00,80,00
3010,42891480.00,06,00
3011,42893080.00,80,00
3012,42894680.00,0B,00
3013,42896280.00,80,00
3014,42897880.00,04,00
3015,42899480.00,00,00
3016,42901080.00,06,00
3017,42902680.00,E0,00
3018,42904280.00,F2,00
3019,42905880.00,42,00
3020,42907480.00,00,00
3021,42909080.00,00,00
3022,42910680.00,06,00
3023,42912280.00,80,00
3024,42913880.00,0B,00
3025,43142680.00,42,00
3026,43144280.00,07,00
3027,43145880.00,80,00
3028,43147480.00,06,00
3029,43149080.00,80,00
3030,43150680.00,0B,00
3031,43152280.00,80,00
3032,43153880.00,04,00
3033,43155480.00,00,00
3034,43157080.00,06,00
3035,43158680.00,68,00
3036,43160280.00,E2,00
3037,43161880.00,C2,00
3038,43163480.00,00,00
3039,43165080.00,00,00
3040,43166680.00,06,00
3041,43168280.00,80,00
3042,43169880.00,0B,00
3043,43398730.00,42,00
3044,43400330.00,07,00
3045,43401930.00,80,00
3046,43403530.00,06,00
3047,43405130.00,80,00
3048,43406730.00,0B,00
3049,43408330.00,80,00
3050,43409930.00,04,00
3051,43411530.00,00,00
3052,43413130.00,06,00
3053,43414730.00,68,00
3054,43416330.00,E2,00
3055,43417930.00,C2,00
3056,43419530.00,00,00
3057,43421130.00,00,00
3058,43422730.00,06,00
3059,43424330.00,80,00
3060,43425930.00,0B,00
3061,43654680.00,42,00
3062,43656280.00,07,00
3063,43657880.00,80,00
3064,43659480.00,06,00
3065,43661080.00,80,00
3066,43662680.00,0B,00
3067,43664280.00,80,00
3068,43665880.00,04,00
3069,43667480.00,00,00
3070,43669080.00,06,00
3071,43670680.00,E0,00
3072,43672280.00,F2,00
3073,43673880.00,42,00
3074,43675480.00,00,00
3075,43677080.00,00,00
3076,43678680.00,06,00
3077,43680280.00,80,00
3078,43681880.00,0B,00
3079,43910680.00,42,00
3080,43912280.00,07,00
3081,43913880.00,80,00
3082,43915480.00,06,00
3083,43917080.00,80,00
3084,43918680.00,03,00
3085,43920280.00,80,00
3086,43921880.00,04,00
3087,43923480.00,00,00
3088,43925080.00,06,00
3089,43926680.00,60,00
3090,43928280.00,E2,00
3091,43929880.00,C2,00
3092,43931480.00,00,00
3093,43933080.00,00,00
3094,43934680.00,07,00
3095,43936280.00,80,00
3096,43937880.00,0B,00
3097,44166690.00,C6,00
3098,44168290.00,0F,00
3099,44169890.00,80,00
3100,44171490.00,0F,00
3101,44173090.00,80,00
3102,44174690.00,1F,00
3103,44176290.00,80,00
3104,44177890.00,0C,00
3105,44179490.00,00,00
3106,44181090.00,0E,00
3107,44182690.00,F9,00
3108,44184290.00,E7,00
3109,44185890.00,C2,00
3110,44187490.00,00,00
3111,44189090.00,00,00
3112,44190690.00,0E,00
3113,44192290.00,80,00
3114,44193890.00,1F,00
3115,44422690.00,42,00
3116,44424290.00,07,00
3117,44425890.00,80,00
3118,44427490.00,06,00
3119,44429090.00,80,00
3120,44430690.00,0B,00
3121,44432290.00,80,00
3122,44433890.00,04,00
3123,44435490.00,00,00
3124,44437090.00,06,00
3125,44438690.00,E0,00
3126,44440290.00,F2,00
3127,44441890.00,42,00
3128,44443490.00,00,00
3129,44445090.00,00,00
3130,44446690.00,06,00
3131,44448290.00,80,00
3132,44449890.00,0B,00
3133,44678690.00,42,00
3134,44680290.00,07,00
3135,44681890.00,80,00
3136,44683490.00,06,00
3137,44685090.00,80,00
3138,44686690.00,0B,00
3139,44688290.00,80,00
3140,44689890.00,04,00
3141,44691490.00,00,00
3142,44693090.00,06,00
3143,44694690.00,68,00
3144,44696290.00,E2,00
3145,44697890.00,C2,00
3146,44699490.00,00,00
3147,44701090.00,00,00
3148,44702690.00,06,00
3149,44704290.00,80,00
3150,44705890.00,0B,00
3151,44934690.00,42,00
3152,44936290.00,07,00
3153,44937890.00,80,00
3154,44939490.00,06,00
3155,44941090.00,80,00
3156,44942690.00,0B,00
3157,44944290.00,80,00
3158,44945890.00,04,00
3159,44947490.00,00,00
3160,44949090.00,06,00
3161,44950690.00,68,00
3162,44952290.00,E2,00
3163,44953890.00,C2,00
3164,44955490.00,00,00
3165,44957090.00,00,00
3166,44958690.00,06,00
3167,44960290.00,80,00
3168,44961890.00,0B,00
3169,45190690.00,42,00
3170,45192290.00,07,00
3171,45193890.00,80,00
3172,45195490.00,06,00
3173,45197090.00,80,00
3174,45198690.00,0B,00
3175,45200290.00,80,00
3176,45201890.00,04,00
3177,45203490.00,00,00
3178,45205090.00,06,00
3179,45206690.00,68,00
3180,45208290.00,E2,00
3181,45209890.00,C2,00
3182,45211490.00,00,00
3183,45213090.00,00,00
3184,45214690.00,06,00
3185,45216290.00,80,00
3186,45217890.00,0B,00
3187,45446690.00,42,00
3188,45448290.00,07,00
3189,45449890.00,80,00
3190,45451490.00,06,00
3191,45453090.00,80,00
3192,45454690.00,0B,00
3193,45456290.00,80,00
3194,45457890.00,04,00
3195,45459490.00,00,00
3196,45461090.00,06,00
3197,45462690.00,68,00
3198,45464290.00,E2,00
3199,45465890.00,C2,00
3200,45467490.00,00,00
3201,45469090.00,00,00
3202,45470690.00,06,00
3203,45472290.00,80,00
3204,45473890.00,0B,00
3205,45702690.00,42,00
3206,45704290.00,07,00
3207,45705890.00,80,00
3208,45707490.00,06,00
3209,45709090.00,80,00
3210,45710690.00,0B,00
3211,45712290.00,80,00
3212,45713890.00,04,00
3213,45715500.00,00,00
3214,45717100.00,0E,00
3215,45718700.00,F0,00
3216,45720290.00,E7,00
3217,45721900.00,C0,00
3218,45723500.00,00,00
3219,45725100.00,00,00
3220,45726700.00,06,00
3221,45728300.00,00,00
3222,45729900.00,1B,00
3223,45958700.00,C6,00
3224,45960300.00,0F,00
3225,45961900.00,80,00
3226,45963500.00,0F,00
3227,45965100.00,80,00
3228,45966700.00,1F,00
3229,45968300.00,80,00
3230,45969900.00,0C,00
3231,45971500.00,00,00
3232,45973100.00,0E,00
3233,45974700.00,79,00
3234,45976300.00,E2,00
3235,45977900.00,C6,00
3236,45979500.00,00,00
3237,45981100.00,00,00
3238,45982700.00,0F,00
3239,45984300.00,80,00
3240,45985900.00,1F,00
3241,46214750.00,42,00
3242,46216350.00,07,00
3243,46217950.00,80,00
3244,46219550.00,06,00
3245,46221150.00,80,00
3246,46222750.00,0B,00
3247,46224350.00,80,00
3248,46225950.00,03,00
3249,46227550.00,80,00
3250,46229150.00,06,00
3251,46230750.00,7E,00
3252,46232350.00,FA,00
3253,46233950.00,42,00
3254,46235550.00,00,00
3255,46237150.00,00,00
3256,46238750.00,06,00
3257,46240350.00,80,00
3258,46241950.00,0B,00
3259,46470700.00,42,00
3260,46472300.00,07,00
3261,46473900.00,80,00
3262,46475500.00,06,00
3263,46477100.00,80,00
3264,46478700.00,0B,00
3265,46480300.00,80,00
3266,46481900.00,04,00
3267,46483500.00,00,00
3268,46485100.00,06,00
3269,46486700.00,68,00
3270,46488300.00,E2,00
3271,46489900.00,C2,00
3272,46491500.00,00,00
3273,46493100.00,00,00
3274,46494700.00,06,00
3275,46496300.00,80,00
3276,46497900.00,0B,00
3277,46726700.00,42,00
3278,46728300.00,07,00
3279,46729900.00,80,00
3280,46731500.00,06,00
3281,46733100.00,80,00
3282,46734700.00,0B,00
3283,46736300.00,80,00
3284,46737900.00,04,00
3285,46739500.00,00,00
3286,46741100.00,06,00
3287,46742700.00,68,00
3288,46744300.00,E2,00
3289,46745900.00,C2,00
3290,46747500.00,00,00
3291,46749100.00,00,00
3292,46750700.00,06,00
3293,46752300.00,80,00
3294,46753900.00,0B,00
3295,46982700.00,42,00
3296,46984300.00,07,00
3297,46985900.00,80,00
3298,46987500.00,06,00
3299,46989100.00,80,00
3300,46990700.00,0B,00
3301,46992300.00,80,00
3302,46993900.00,04,00
3303,46995500.00,00,00
3304,46997100.00,06,00
3305,46998700.00,68,00
3306,47000300.00,E2,00
3307,47001900.00,C2,00
3308,47003500.00,00,00
3309,47005100.00,00,00
3310,47006700.00,06,00
3311,47008300.00,80,00
3312,47009900.00,0B,00
3313,47238750.00,42,00
3314,47240350.00,07,00
3315,47241950.00,80,00
3316,47243550.00,06,00
3317,47245150.00,80,00
3318,47246750.00,0B,00
3319,47248350.00,80,00
3320,47249950.00,04,00
3321,47251550.00,00,00
3322,47253150.00,06,00
3323,47254750.00,E0,00
3324,47256350.00,F2,00
3325,47257950.00,42,00
3326,47259550.00,00,00
3327,47261150.00,00,00
3328,47262750.00,06,00
3329,47264350.00,80,00
3330,47265950.00,0B,00
3331,47494700.00,42,00
3332,47496300.00,0F,00
3333,47497900.00,80,00
3334,47499500.00,07,00
3335,47501110.00,80,00
3336,47502700.00,0F,00
3337,47504300.00,80,00
3338,47505910.00,0C,00
3339,47507500.00,00,00
3340,47509100.00,07,00
3341,47510710.00,C1,00
3342,47512310.00,F0,00
3343,47513910.00,84,00
3344,47515510.00,00,00
3345,47517110.00,00,00
3346,47518700.00,0F,00
3347,47520310.00,80,00
3348,47521910.00,1F,00
3349,47750710.00,C6,00
3350,47752310.00,0F,00
3351,47753910.00,80,00
3352,47755510.00,0E,00
3353,47757110.00,80,00
3354,47758710.00,1F,00
3355,47760310.00,80,00
3356,47761910.00,0C,00
3357,47763510.00,00,00
3358,47765110.00,0F,00
3359,47766710.00,E1,00
3360,47768310.00,F6,00
3361,47769910.00,C6,00
3362,47771510.00,00,00
3363,47773110.00,00,00
3364,47774710.00,0F,00
3365,47776310.00,80,00
3366,47777910.00,1F,00
3367,48006710.00,42,00
3368,48008310.00,07,00
3369,48009910.00,80,00
3370,48011510.00,06,00
3371,48013110.00,80,00
3372,48014710.00,0B,00
3373,48016310.00,80,00
3374,48017910.00,04,00
3375,48019510.00,00,00
3376,48021110.00,06,00
3377,48022710.00,68,00
3378,48024310.00,E2,00
3379,48025910.00,C2,00
3380,48027510.00,00,00
3381,48029110.00,00,00
3382,48030710.00,06,00
3383,48032310.00,80,00
3384,48033910.00,0B,00
3385,48262760.00,42,00
3386,48264360.00,07,00
3387,48265960.00,80,00
3388,48267560.00,06,00
3389,48269160.00,80,00
3390,48270760.00,0B,00
3391,48272360.00,80,00
3392,48273960.00,04,00
3393,48275560.00,00,00
3394,48277160.00,06,00
3395,48278760.00,E0,00
3396,48280360.00,F2,00
3397,48281960.00,42,00
3398,48283560.00,00,00
3399,48285160.00,00,00
3400,48286760.00,06,00
3401,48288360.00,80,00
3402,48289960.00,0B,00
3403,48518710.00,42,00
3404,48520310.00,07,00
3405,48521910.00,80,00
3406,48523510.00,06,00
3407,48525110.00,80,00
3408,48526710.00,0B,00
3409,48528310.00,80,00
3410,48529910.00,04,00
3411,48531510.00,00,00
3412,48533110.00,06,00
3413,48534710.00,68,00
3414,48536310.00,E2,00
3415,48537910.00,C2,00
3416,48539510.00,00,00
3417,48541110.00,00,00
3418,48542710.00,06,00
3419,48544310.00,80,00
3420,48545910.00,0B,00
3421,48774710.00,42,00
3422,48776310.00,07,00
3423,48777910.00,80,00
3424,48779510.00,06,00
3425,48781110.00,80,00
3426,48782710.00,0B,00
3427,48784310.00,80,00
3428,48785910.00,04,00
3429,48787510.00,00,00
3430,48789110.00,06,00
3431,48790710.00,68,00
3432,48792310.00,E2,00
3433,48793910.00,C2,00
3434,48795510.00,00,00
3435,48797110.00,00,00
3436,48798710.00,06,00
3437,48800310.00,80,00
3438,48801910.00,0B,00
3439,49030710.00,42,00
3440,49032310.00,07,00
3441,49033910.00,80,00
3442,49035510.00,06,00
3443,49037110.00,80,00
3444,49038710.00,0B,00
3445,49040310.00,80,00
3446,49041910.00,04,00
3447,49043510.00,00,00
3448,49045110.00,06,00
3449,49046710.00,E0,00
3450,49048310.00,F2,00
3451,49049910.00,42,00
3452,49051510.00,00,00
3453,49053110.00,00,00
3454,49054710.00,06,00
3455,49056310.00,80,00
3456,49057910.00,0B,00
3457,49286760.00,42,00
3458,49288370.00,07,00
3459,49289970.00,80,00
3460,49291560.00,0F,00
3461,49293170.00,80,00
3462,49294770.00,1F,00
3463,49296370.00,80,00
3464,49297970.00,0C,00
3465,49299570.00,00,00
3466,49301170.00,0C,00
3467,49302770.00,D9,00
3468,49304360.00,C5,00
3469,49305970.00,86,00
3470,49307570.00,00,00
3471,49309170.00,00,00
3472,49310770.00,0F,00
3473,49312370.00,80,00
3474,49313970.00,1F,00
3475,49542720.00,C6,00
3476,49544320.00,07,00
3477,49545920.00,80,00
3478,49547520.00,06,00
3479,49549120.00,80,00
3480,49550720.00,1F,00
3481,49552320.00,80,00
3482,49553920.00,0C,00
3483,49555520.00,00,00
3484,49557120.00,06,00
3485,49558720.00,68,00
3486,49560320.00,E2,00
3487,49561920.00,C2,00
3488,49563520.00,00,00
3489,49565120.00,00,00
3490,49566720.00,0E,00
3491,49568320.00,80,00
3492,49569920.00,0F,00
3493,49798720.00,42,00
3494,49800320.00,07,00
3495,49801920.00,80,00
3496,49803520.00,06,00
3497,49805120.00,80,00
3498,49806720.00,0B,00
3499,49808320.00,80,00
3500,49809920.00,04,00
3501,49811520.00,00,00
3502,49813120.00,06,00
3503,49814720.00,68,00
3504,49816320.00,E2,00
3505,49817920.00,C2,00
3506,49819520.00,00,00
3507,49821120.00,00,00
3508,49822720.00,06,00
3509,49824320.00,80,00
3510,49825920.00,0B,00
3511,50054720.00,42,00
3512,50056320.00,07,00
3513,50057920.00,80,00
3514,50059520.00,06,00
3515,50061120.00,80,00
3516,50062720.00,0B,00
3517,50064320.00,80,00
3518,50065920.00,04,00
3519,50067520.00,00,00
3520,50069120.00,06,00
3521,50070720.00,68,00
3522,50072320.00,E2,00
3523,50073920.00,C2,00
3524,50075520.00,00,00
3525,50077120.00,00,00
3526,50078720.00,06,00
3527,50080320.00,80,00
3528,50081920.00,0B,00
3529,50310770.00,42,00
3530,50312370.00,07,00
3531,50313970.00,80,00
3532,50315570.00,06,00
3533,50317170.00,80,00
3534,50318770.00,0B,00
3535,50320370.00,80,00
3536,50321970.00,03,00
3537,50323570.00,80,00
3538,50325170.00,06,00
3539,50326770.00,7E,00
3540,50328370.00,FA,00
3541,50329970.00,42,00
3542,50331570.00,00,00
3543,50333170.00,00,00
3544,50334770.00,06,00
3545,50336370.00,80,00
3546,50337970.00,0B,00
3547,50566720.00,42,00
3548,50568320.00,07,00
3549,50569920.00,80,00
3550,50571520.00,06,00
3551,50573120.00,80,00
3552,50574720.00,0B,00
3553,50576320.00,80,00
3554,50577920.00,03,00
3555,50579520.00,80,00
3556,50581120.00,06,00
3557,50582720.00,7E,00
3558,50584320.00,FA,00
3559,50585920.00,42,00
3560,50587520.00,00,00
3561,50589120.00,00,00
3562,50590720.00,06,00
3563,50592320.00,80,00
3564,50593920.00,0B,00
3565,50822720.00,42,00
3566,50824320.00,07,00
3567,50825920.00,80,00
3568,50827520.00,06,00
3569,50829120.00,80,00
3570,50830720.00,0B,00
3571,50832320.00,80,00
3572,50833920.00,04,00
3573,50835520.00,00,00
3574,50837120.00,06,00
3575,50838720.00,68,00
3576,50840320.00,E2,00
3577,50841920.00,C2,00
3578,50843520.00,00,00
3579,50845120.00,00,00
3580,50846720.00,06,00
3581,50848320.00,80,00
3582,50849920.00,0B,00
3583,51078720.00,42,00
3584,51080330.00,07,00
3585,51081930.00,80,00
3586,51083530.00,0F,00
3587,51085130.00,80,00
3588,51086730.00,1F,00
3589,51088330.00,00,00
3590,51089930.00,0C,00
3591,51091520.00,00,00
3592,51093130.00,0F,00
3593,51094730.00,C1,00
3594,51096330.00,F6,00
3595,51097930.00,C6,00
3596,51099530.00,00,00
3597,51101130.00,00,00
3598,51102730.00,0F,00
3599,51104330.00,80,00
3600,51105930.00,17,00
3601,51334780.00,C2,00
3602,51336380.00,0F,00
3603,51337980.00,80,00
3604,51339580.00,0F,00
3605,51341180.00,80,00
3606,51342780.00,0F,00
3607,51344380.00,80,00
3608,51345980.00,04,00
3609,51347580.00,00,00
3610,51349180.00,06,00
3611,51350780.00,78,00
3612,51352380.00,E2,00
3613,51353980.00,C2,00
3614,51355580.00,00,00
3615,51357180.00,00,00
3616,51358780.00,06,00
3617,51360380.00,80,00
3618,51361980.00,0B,00
3619,51590730.00,42,00
3620,51592330.00,07,00
3621,51593930.00,80,00
3622,51595530.00,06,00
3623,51597130.00,80,00
3624,51598730.00,0B,00
3625,51600330.00,80,00
3626,51601930.00,04,00
3627,51603530.00,00,00
3628,51605130.00,06,00
3629,51606730.00,68,00
3630,51608330.00,E2,00
3631,51609930.00,C2,00
3632,51611530.00,00,00
3633,51613130.00,00,00
3634,51614730.00,06,00
3635,51616330.00,80,00
3636,51617930.00,0B,00
3637,51846730.00,42,00
3638,51848330.00,07,00
3639,51849930.00,80,00
3640,51851530.00,06,00
3641,51853130.00,80,00
3642,51854730.00,0B,00
3643,51856330.00,80,00
3644,51857930.00,04,00
3645,51859530.00,00,00
3646,51861130.00,06,00
3647,51862730.00,68,00
3648,51864330.00,E2,00
3649,51865930.00,C2,00
3650,51867530.00,00,00
3651,51869130.00,00,00
3652,51870730.00,06,00
3653,51872330.00,80,00
3654,51873930.00,0B,00
3655,52102730.00,42,00
3656,52104330.00,07,00
3657,52105930.00,80,00
3658,52107530.00,06,00
3659,52109130.00,80,00
3660,52110730.00,0B,00
3661,52112330.00,80,00
3662,52113930.00,04,00
3663,52115530.00,00,00
3664,52117130.00,06,00
3665,52118730.00,68,00
3666,52120330.00,E2,00
3667,52121930.00,C2,00
3668,52123530.00,00,00
3669,52125130.00,00,00
3670,52126730.00,06,00
3671,52128330.00,80,00
3672,52129930.00,0B,00
3673,52358780.00,42,00
3674,52360380.00,07,00
3675,52361980.00,80,00
3676,52363580.00,06,00
3677,52365180.00,80,00
3678,52366780.00,0B,00
3679,52368380.00,80,00
3680,52369980.00,04,00
3681,52371580.00,00,00
3682,52373180.00,06,00
3683,52374780.00,68,00
3684,52376380.00,E2,00
3685,52377980.00,C2,00
3686,52379580.00,00,00
3687,52381180.00,00,00
3688,52382780.00,06,00
3689,52384380.00,80,00
3690,52385980.00,0B,00
3691,52614730.00,42,00
3692,52616330.00,07,00
3693,52617930.00,80,00
3694,52619530.00,06,00
3695,52621130.00,80,00
3696,52622730.00,0B,00
3697,52624330.00,80,00
3698,52625930.00,04,00
3699,52627530.00,00,00
3700,52629130.00,06,00
3701,52630730.00,E0,00
3702,52632330.00,F2,00
3703,52633930.00,42,00
3704,52635530.00,00,00
3705,52637130.00,00,00
3706,52638730.00,06,00
3707,52640330.00,80,00
3708,52641930.00,0B,00
3709,52870740.00,C6,00
3710,52872340.00,0F,00
3711,52873940.00,80,00
3712,52875540.00,0F,00
3713,52877140.00,80,00
3714,52878740.00,1B,00
3715,52880330.00,80,00
3716,52881940.00,0C,00
3717,52883540.00,00,00
3718,52885140.00,0F,00
3719,52886740.00,E1,00
3720,52888340.00,F6,00
3721,52889940.00,C6,00
3722,52891540.00,00,00
3723,52893140.00,00,00
3724,52894740.00,0F,00
3725,52896340.00,80,00
3726,52897940.00,1F,00
3727,53126740.00,C6,00
3728,53128340.00,07,00
3729,53129940.00,80,00
3730,53131540.00,06,00
3731,53133140.00,80,00
3732,53134740.00,0B,00
3733,53136340.00,80,00
3734,53137940.00,03,00
3735,53139540.00,80,00
3736,53141140.00,06,00
3737,53142740.00,F6,00
3738,53144340.00,EA,00
3739,53145940.00,C2,00
3740,53147540.00,00,00
3741,53149140.00,00,00
3742,53150740.00,06,00
3743,53152340.00,80,00
3744,53153940.00,0B,00
3745,53382790.00,42,00
3746,53384390.00,07,00
3747,53385990.00,80,00
3748,53387590.00,06,00
3749,53389190.00,80,00
3750,53390790.00,0B,00
3751,53392390.00,80,00
3752,53393990.00,03,00
3753,53395590.00,80,00
3754,53397190.00,06,00
3755,53398790.00,F6,00
3756,53400390.00,EA,00
3757,53401990.00,C2,00
3758,53403590.00,00,00
3759,53405190.00,00,00
3760,53406790.00,06,00
3761,53408390.00,80,00
3762,53409990.00,0B,00
3763,53638740.00,42,00
3764,53640340.00,07,00
3765,53641940.00,80,00
3766,53643540.00,06,00
3767,53645140.00,80,00
3768,53646740.00,0B,00
3769,53648340.00,80,00
3770,53649940.00,03,00
3771,53651540.00,80,00
3772,53653140.00,06,00
3773,53654740.00,F6,00
3774,53656340.00,EA,00
3775,53657940.00,C2,00
3776,53659540.00,00,00
3777,53661140.00,00,00
3778,53662740.00,06,00
3779,53664340.00,80,00
3780,53665940.00,0B,00
3781,53894740.00,42,00
3782,53896340.00,07,00
3783,53897940.00,80,00
3784,53899540.00,06,00
3785,53901140.00,80,00
3786,53902740.00,0B,00
3787,53904340.00,80,00
3788,53905940.00,03,00
3789,53907540.00,80,00
3790,53909140.00,06,00
3791,53910740.00,7E,00
3792,53912340.00,FA,00
3793,53913940.00,42,00
3794,53915540.00,00,00
3795,53917140.00,00,00
3796,53918740.00,06,00
3797,53920340.00,80,00
3798,53921940.00,0B,00
3799,54150740.00,42,00
3800,54152340.00,07,00
3801,54153940.00,80,00
3802,54155540.00,06,00
3803,54157140.00,80,00
3804,54158740.00,0B,00
3805,54160340.00,80,00
3806,54161940.00,03,00
3807,54163540.00,80,00
3808,54165140.00,06,00
3809,54166740.00,7E,00
3810,54168340.00,FA,00
3811,54169940.00,42,00
3812,54171540.00,00,00
3813,54173140.00,00,00
3814,54174740.00,06,00
3815,54176340.00,80,00
3816,54177940.00,0B,00
3817,54406740.00,42,00
3818,54408340.00,07,00
3819,54409940.00,80,00
3820,54411540.00,06,00
3821,54413140.00,80,00
3822,54414740.00,0B,00
3823,54416340.00,80,00
3824,54417940.00,03,00
3825,54419540.00,80,00
3826,54421140.00,06,00
3827,54422740.00,7E,00
3828,54424340.00,FA,00
3829,54425940.00,42,00
3830,54427540.00,00,00
3831,54429140.00,00,00
3832,54430740.00,06,00
3833,54432340.00,80,00
3834,54433940.00,0B,00
3835,54662750.00,C6,00
3836,54664350.00,0F,00
3837,54665950.00,80,00
3838,54667550.00,0F,00
3839,54669150.00,80,00
3840,54670750.00,1F,00
3841,54672350.00,80,00
3842,54673950.00,07,00
3843,54675550.00,80,00
3844,54677150.00,0E,00
3845,54678750.00,FF,00
3846,54680350.00,FE,00
3847,54681950.00,C6,00
3848,54683550.00,00,00
3849,54685150.00,00,00
3850,54686750.00,0F,00
3851,54688350.00,80,00
3852,54689950.00,1F,00
3853,54918750.00,C2,00
3854,54920350.00,07,00
3855,54921950.00,80,00
3856,54923550.00,06,00
3857,54925150.00,80,00
3858,54926750.00,0B,00
3859,54928350.00,80,00
3860,54929950.00,04,00
3861,54931550.00,00,00
3862,54933150.00,06,00
3863,54934750.00,68,00
3864,54936350.00,E2,00
3865,54937950.00,C2,00
3866,54939550.00,00,00
3867,54941150.00,00,00
3868,54942750.00,06,00
3869,54944350.00,80,00
3870,54945950.00,0B,00
3871,55174750.00,42,00
3872,55176350.00,07,00
3873,55177950.00,80,00
3874,55179550.00,06,00
3875,55181150.00,80,00
3876,55182750.00,0B,00
3877,55184350.00,00,00
3878,55185950.00,03,00
3879,55187550.00,80,00
3880,55189150.00,06,00
3881,55190750.00,2B,00
3882,55192350.00,D2,00
3883,55193950.00,C2,00
3884,55195550.00,00,00
3885,55197150.00,00,00
3886,55198750.00,06,00
3887,55200350.00,80,00
3888,55201950.00,0B,00
3889,55430750.00,42,00
3890,55432350.00,07,00
3891,55433950.00,80,00
3892,55435550.00,06,00
3893,55437150.00,80,00
3894,55438750.00,0B,00
3895,55440350.00,80,00
3896,55441950.00,04,00
3897,55443550.00,00,00
3898,55445150.00,06,00
3899,55446750.00,68,00
3900,55448350.00,E2,00
3901,55449950.00,C2,00
3902,55451550.00,00,00
3903,55453150.00,00,00
3904,55454750.00,06,00
3905,55456350.00,80,00
3906,55457950.00,0B,00
3907,55686750.00,42,00
3908,55688350.00,07,00
3909,55689950.00,80,00
3910,55691550.00,06,00
3911,55693150.00,80,00
3912,55694750.00,0B,00
3913,55696350.00,80,00
3914,55697950.00,04,00
3915,55699550.00,00,00
3916,55701150.00,06,00
3917,55702750.00,68,00
3918,55704350.00,E2,00
3919,55705950.00,C2,00
3920,55707550.00,00,00
3921,55709150.00,00,00
3922,55710750.00,06,00
3923,55712350.00,80,00
3924,55713950.00,0B,00
3925,55942750.00,42,00
3926,55944350.00,07,00
3927,55945950.00,80,00
3928,55947550.00,06,00
3929,55949150.00,80,00
3930,55950750.00,0B,00
3931,55952350.00,80,00
3932,55953950.00,04,00
3933,55955550.00,00,00
3934,55957150.00,06,00
3935,55958750.00,68,00
3936,55960350.00,E2,00
3937,55961950.00,C2,00
3938,55963550.00,00,00
3939,55965150.00,00,00
3940,55966750.00,06,00
3941,55968350.00,80,00
3942,55969950.00,0B,00
3943,56198800.00,42,00
3944,56200400.00,07,00
3945,56202000.00,80,00
3946,56203600.00,06,00
3947,56205200.00,80,00
3948,56206800.00,0B,00
3949,56208400.00,80,00
3950,56210000.00,04,00
3951,56211600.00,00,00
3952,56213200.00,06,00
3953,56214800.00,68,00
3954,56216400.00,E2,00
3955,56218000.00,C2,00
3956,56219600.00,00,00
3957,56221200.00,00,00
3958,56222800.00,06,00
3959,56224400.00,80,00
3960,56226000.00,0B,00
3961,56454760.00,C6,00
3962,56456360.00,0F,00
3963,56457960.00,80,00
3964,56459560.00,0F,00
3965,56461160.00,80,00
3966,56462760.00,1F,00
3967,56464360.00,80,00
3968,56465960.00,0C,00
3969,56467560.00,00,00
3970,56469160.00,0E,00
3971,56470760.00,F9,00
3972,56472360.00,E7,00
3973,56473960.00,C6,00
3974,56475560.00,00,00
3975,56477160.00,00,00
3976,56478760.00,0F,00
3977,56480360.00,80,00
3978,56481960.00,1F,00
3979,56710760.00,42,00
3980,56712360.00,07,00
3981,56713960.00,80,00
3982,56715560.00,06,00
3983,56717160.00,80,00
3984,56718760.00,0B,00
3985,56720360.00,80,00
3986,56721960.00,04,00
3987,56723560.00,00,00
3988,56725160.00,06,00
3989,56726760.00,68,00
3990,56728360.00,E2,00
3991,56729960.00,C2,00
3992,56731560.00,00,00
3993,56733160.00,00,00
3994,56734760.00,06,00
3995,56736360.00,80,00
3996,56737960.00,0B,00
3997,56966760.00,42,00
3998,56968360.00,07,00
3999,56969960.00,80,00
4000,56971560.00,06,00
4001,56973160.00,80,00
4002,56974760.00,0B,00
4003,56976360.00,80,00
4004,56977960.00,04,00
4005,56979560.00,00,00
4006,56981160.00,06,00
4007,56982760.00,E0,00
4008,56984360.00,F2,00
4009,56985960.00,42,00
4010,56987560.00,00,00
4011,56989160.00,00,00
4012,56990760.00,06,00
4013,56992360.00,80,00
4014,56993960.00,0B,00
4015,57222810.00,42,00
4016,57224410.00,07,00
4017,57226010.00,80,00
4018,57227610.00,06,00
4019,57229210.00,80,00
4020,57230810.00,0B,00
4021,57232410.00,80,00
4022,57234010.00,04,00
4023,57235610.00,00,00
4024,57237210.00,06,00
4025,57238810.00,68,00
4026,57240410.00,E2,00
4027,57242010.00,C2,00
4028,57243610.00,00,00
4029,57245210.00,00,00
4030,57246810.00,06,00
4031,57248410.00,80,00
4032,57250010.00,0B,00
4033,57478760.00,42,00
4034,57480360.00,07,00
4035,57481960.00,80,00
4036,57483560.00,06,00
4037,57485160.00,80,00
4038,57486760.00,0B,00
4039,57488360.00,80,00
4040,57489960.00,04,00
4041,57491560.00,00,00
4042,57493160.00,06,00
4043,57494760.00,68,00
4044,57496360.00,E2,00
4045,57497960.00,C2,00
4046,57499560.00,00,00
4047,57501160.00,00,00
4048,57502760.00,06,00
4049,57504360.00,80,00
4050,57505960.00,0B,00
4051,57734760.00,42,00
4052,57736360.00,07,00
4053,57737960.00,80,00
4054,57739560.00,06,00
4055,57741160.00,80,00
4056,57742760.00,0B,00
4057,57744360.00,80,00
4058,57745960.00,04,00
4059,57747560.00,00,00
4060,57749160.00,06,00
4061,57750760.00,68,00
4062,57752360.00,E2,00
4063,57753960.00,C2,00
4064,57755560.00,00,00
4065,57757160.00,00,00
4066,57758760.00,06,00
4067,57760360.00,80,00
4068,57761960.00,0B,00
4069,57990760.00,42,00
4070,57992360.00,07,00
4071,57993960.00,80,00
4072,57995560.00,06,00
4073,57997160.00,80,00
4074,57998760.00,0B,00
4075,58000360.00,80,00
4076,58001960.00,04,00
4077,58003560.00,00,00
4078,58005160.00,06,00
4079,58006760.00,68,00
4080,58008360.00,E2,00
4081,58009960.00,C2,00
4082,58011560.00,00,00
4083,58013160.00,00,00
4084,58014760.00,06,00
4085,58016360.00,80,00
4086,58017960.00,0B,00
4087,58246820.00,C6,00
4088,58248420.00,0F,00
4089,58250020.00,80,00
4090,58251620.00,0F,00
4091,58253220.00,80,00
4092,58254820.00,1F,00
4093,58256420.00,80,00
4094,58258020.00,0C,00
4095,58259620.00,00,00
4096,58261220.00,0E,00
4097,58262820.00,F9,00
4098,58264420.00,E3,00
4099,58266020.00,C6,00
4100,58267620.00,00,00
4101,58269220.00,00,00
4102,58270820.00,0F,00
4103,58272420.00,80,00
4104,58274020.00,1F,00
4105,58502770.00,42,00
4106,58504370.00,07,00
4107,58505970.00,80,00
4108,58507570.00,06,00
4109,58509170.00,80,00
4110,58510770.00,0B,00
4111,58512370.00,00,00
4112,58513970.00,04,00
4113,58515570.00,00,00
4114,58517170.00,06,00
4115,58518770.00,B5,00
4116,58520370.00,DA,00
4117,58521970.00,C2,00
4118,58523570.00,00,00
4119,58525170.00,00,00
4120,58526770.00,06,00
4121,58528370.00,80,00
4122,58529970.00,0B,00
4123,58758770.00,42,00
4124,58760370.00,07,00
4125,58761970.00,80,00
4126,58763570.00,06,00
4127,58765170.00,80,00
4128,58766770.00,0B,00
4129,58768370.00,80,00
4130,58769970.00,04,00
4131,58771570.00,00,00
4132,58773170.00,06,00
4133,58774770.00,E0,00
4134,58776370.00,F2,00
4135,58777970.00,42,00
4136,58779570.00,00,00
4137,58781170.00,00,00
4138,58782770.00,06,00
4139,58784370.00,80,00
4140,58785970.00,0B,00
4141,59014770.00,42,00
4142,59016370.00,07,00
4143,59017970.00,80,00
4144,59019570.00,06,00
4145,59021170.00,80,00
4146,59022770.00,0B,00
4147,59024370.00,80,00
4148,59025970.00,04,00
4149,59027570.00,00,00
4150,59029170.00,06,00
4151,59030770.00,68,00
4152,59032370.00,E2,00
4153,59033970.00,C2,00
4154,59035570.00,00,00
4155,59037170.00,00,00
4156,59038770.00,06,00
4157,59040370.00,80,00
4158,59041970.00,0B,00
4159,59270820.00,42,00
4160,59272420.00,07,00
4161,59274020.00,80,00
4162,59275620.00,06,00
4163,59277220.00,80,00
4164,59278820.00,0B,00
4165,59280420.00,80,00
4166,59282020.00,04,00
4167,59283620.00,00,00
4168,59285220.00,06,00
4169,59286820.00,68,00
4170,59288420.00,E2,00
4171,59290020.00,C2,00
4172,59291620.00,00,00
4173,59293220.00,00,00
4174,59294820.00,06,00
4175,59296420.00,80,00
4176,59298020.00,0B,00
4177,59526770.00,42,00
4178,59528370.00,07,00
4179,59529970.00,80,00
4180,59531570.00,06,00
4181,59533170.00,80,00
4182,59534770.00,0B,00
4183,59536370.00,80,00
4184,59537970.00,04,00
4185,59539570.00,00,00
4186,59541170.00,06,00
4187,59542770.00,68,00
4188,59544370.00,E2,00
4189,59545970.00,C2,00
4190,59547570.00,00,00
4191,59549170.00,00,00
4192,59550770.00,06,00
4193,59552370.00,80,00
4194,59553970.00,0B,00
4195,59782770.00,42,00
4196,59784370.00,07,00
4197,59785970.00,80,00
4198,59787570.00,06,00
4199,59789170.00,80,00
4200,59790780.00,0B,00
4201,59792370.00,80,00
4202,59793970.00,04,00
4203,59795570.00,00,00
4204,59797170.00,06,00
4205,59798770.00,68,00
4206,59800380.00,E2,00
4207,59801970.00,C2,00
4208,59803570.00,00,00
4209,59805170.00,00,00
4210,59806770.00,06,00
4211,59808370.00,80,00
4212,59809980.00,0F,00
4213,60038780.00,C6,00
4214,60040380.00,0F,00
4215,60041980.00,80,00
4216,60043580.00,0F,00
4217,60045180.00,80,00
4218,60046780.00,1F,00
4219,60048380.00,80,00
4220,60049980.00,0C,00
4221,60051580.00,00,00
4222,60053180.00,0E,00
4223,60054780.00,F9,00
4224,60056380.00,E7,00
4225,60057980.00,C6,00
4226,60059580.00,00,00
4227,60061180.00,00,00
4228,60062780.00,0F,00
4229,60064380.00,80,00
4230,60065980.00,1F,00
4231,60294830.00,42,00
4232,60296430.00,07,00
4233,60298030.00,80,00
4234,60299630.00,06,00
4235,60301230.00,80,00
4236,60302830.00,0B,00
4237,60304430.00,80,00
4238,60306030.00,04,00
4239,60307630.00,00,00
4240,60309230.00,06,00
4241,60310830.00,68,00
4242,60312430.00,E2,00
4243,60314030.00,C2,00
4244,60315630.00,00,00
4245,60317230.00,00,00
4246,60318830.00,06,00
4247,60320430.00,80,00
4248,60322030.00,0B,00
4249,60550780.00,42,00
4250,60552380.00,07,00
4251,60553980.00,80,00
4252,60555580.00,06,00
4253,60557180.00,80,00
4254,60558780.00,0B,00
4255,60560380.00,80,00
4256,60561980.00,04,00
4257,60563580.00,00,00
4258,60565180.00,06,00
4259,60566780.00,68,00
4260,60568380.00,E2,00
4261,60569980.00,C2,00
4262,60571580.00,00,00
4263,60573180.00,00,00
4264,60574780.00,06,00
4265,60576380.00,80,00
4266,60577980.00,0B,00
4267,60806780.00,42,00
4268,60808380.00,07,00
4269,60809980.00,80,00
4270,60811580.00,06,00
4271,60813180.00,80,00
4272,60814780.00,0B,00
4273,60816380.00,80,00
4274,60817980.00,03,00
4275,60819580.00,80,00
4276,60821180.00,06,00
4277,60822780.00,7E,00
4278,60824380.00,FA,00
4279,60825980.00,42,00
4280,60827580.00,00,00
4281,60829180.00,00,00
4282,60830780.00,06,00
4283,60832380.00,80,00
4284,60833980.00,0B,00
4285,61062780.00,42,00
4286,61064380.00,07,00
4287,61065980.00,80,00
4288,61067580.00,06,00
4289,61069180.00,80,00
4290,61070780.00,0B,00
4291,61072380.00,80,00
4292,61073980.00,03,00
4293,61075580.00,80,00
4294,61077180.00,06,00
4295,61078780.00,7E,00
4296,61080380.00,FA,00
4297,61081980.00,42,00
4298,61083580.00,00,00
4299,61085180.00,00,00
4300,61086780.00,06,00
4301,61088380.00,80,00
4302,61089980.00,0B,00
4303,61318830.00,42,00
4304,61320430.00,07,00
4305,61322030.00,80,00
4306,61323630.00,06,00
4307,61325230.00,80,00
4308,61326830.00,0B,00
4309,61328430.00,80,00
4310,61330030.00,04,00
4311,61331630.00,00,00
4312,61333230.00,06,00
4313,61334830.00,68,00
4314,61336430.00,E2,00
4315,61338030.00,C2,00
4316,61339630.00,00,00
4317,61341230.00,00,00
4318,61342830.00,06,00
4319,61344430.00,80,00
4320,61346030.00,0B,00
4321,61574780.00,42,00
4322,61576380.00,07,00
4323,61577980.00,80,00
4324,61579580.00,06,00
4325,61581180.00,80,00
4326,61582780.00,0F,00
4327,61584390.00,00,00
4328,61585980.00,04,00
4329,61587580.00,00,00
4330,61589180.00,06,00
4331,61590780.00,3D,00
4332,61592380.00,CA,00
4333,61593980.00,42,00
4334,61595580.00,00,00
4335,61597190.00,00,00
4336,61598780.00,05,00
4337,61600390.00,80,00
4338,61601990.00,0B,00
4339,61830790.00,C6,00
4340,61832390.00,0F,00
4341,61833990.00,80,00
4342,61835590.00,0E,00
4343,61837190.00,80,00
4344,61838790.00,1F,00
4345,61840390.00,80,00
4346,61841990.00,0C,00
4347,61843590.00,00,00
4348,61845190.00,0E,00
4349,61846790.00,F9,00
4350,61848390.00,E7,00
4351,61849990.00,C6,00
4352,61851590.00,00,00
4353,61853190.00,00,00
4354,61854790.00,0F,00
4355,61856390.00,80,00
4356,61857990.00,1B,00
4357,62086790.00,42,00
4358,62088390.00,07,00
4359,62089990.00,80,00
4360,62091590.00,06,00
4361,62093190.00,80,00
4362,62094790.00,0B,00
4363,62096390.00,80,00
4364,62097990.00,04,00
4365,62099590.00,00,00
4366,62101190.00,06,00
4367,62102790.00,68,00
4368,62104390.00,E2,00
4369,62105990.00,C2,00
4370,62107590.00,00,00
4371,62109190.00,00,00
4372,62110790.00,06,00
4373,62112390.00,80,00
4374,62113990.00,0B,00
4375,62342840.00,42,00
4376,62344440.00,07,00
4377,62346040.00,80,00
4378,62347640.00,06,00
4379,62349240.00,80,00
4380,62350840.00,0B,00
4381,62352440.00,80,00
4382,62354040.00,04,00
4383,62355640.00,00,00
4384,62357240.00,06,00
4385,62358840.00,68,00
4386,62360440.00,E2,00
4387,62362040.00,C2,00
4388,62363640.00,00,00
4389,62365240.00,00,00
4390,62366840.00,06,00
4391,62368440.00,80,00
4392,62370040.00,0B,00
4393,62598790.00,42,00
4394,62600390.00,07,00
4395,62601990.00,80,00
4396,62603590.00,06,00
4397,62605190.00,80,00
4398,62606790.00,0B,00
4399,62608390.00,80,00
4400,62609990.00,04,00
4401,62611590.00,00,00
4402,62613190.00,06,00
4403,62614790.00,68,00
4404,62616390.00,E2,00
4405,62617990.00,C2,00
4406,62619590.00,00,00
4407,62621190.00,00,00
4408,62622790.00,06,00
4409,62624390.00,80,00
4410,62625990.00,0B,00
4411,62854790.00,42,00
4412,62856390.00,07,00
4413,62857990.00,80,00
4414,62859590.00,06,00
4415,62861190.00,80,00
4416,62862790.00,0B,00
4417,62864390.00,80,00
4418,62865990.00,04,00
4419,62867590.00,00,00
4420,62869190.00,06,00
4421,62870790.00,68,00
4422,62872390.00,E2,00
4423,62873990.00,C2,00
4424,62875590.00,00,00
4425,62877190.00,00,00
4426,62878790.00,06,00
4427,62880390.00,80,00
4428,62881990.00,0B,00
4429,63110790.00,42,00
4430,63112390.00,07,00
4431,63113990.00,80,00
4432,63115590.00,06,00
4433,63117190.00,80,00
4434,63118790.00,0B,00
4435,63120390.00,80,00
4436,63121990.00,04,00
4437,63123590.00,00,00
4438,63125190.00,06,00
4439,63126790.00,68,00
4440,63128390.00,E2,00
4441,63129990.00,C2,00
4442,63131590.00,00,00
4443,63133190.00,00,00
4444,63134790.00,06,00
4445,63136390.00,80,00
4446,63137990.00,0B,00
4447,63366840.00,42,00
4448,63368450.00,07,00
4449,63370050.00,80,00
4450,63371650.00,06,00
4451,63373240.00,80,00
4452,63374840.00,1F,00
4453,63376440.00,80,00
4454,63378040.00,03,00
4455,63379640.00,80,00
4456,63381250.00,0C,00
4457,63382850.00,FE,00
4458,63384440.00,FC,00
4459,63386050.00,C4,00
4460,63387640.00,00,00
4461,63389250.00,00,00
4462,63390840.00,0D,00
4463,63392440.00,80,00
4464,63394050.00,1F,00
4465,63622800.00,C6,00
4466,63624400.00,0F,00
4467,63626000.00,80,00
4468,63627600.00,0F,00
4469,63629200.00,80,00
4470,63630800.00,0B,00
4471,63632400.00,80,00
4472,63634000.00,0C,00
4473,63635600.00,00,00
4474,63637200.00,0E,00
4475,63638800.00,F9,00
4476,63640400.00,E7,00
4477,63642000.00,C6,00
4478,63643600.00,00,00
4479,63645200.00,00,00
4480,63646800.00,0E,00
4481,63648400.00,80,00
4482,63650000.00,0F,00
4483,63878800.00,42,00
4484,63880400.00,07,00
4485,63882000.00,80,00
4486,63883600.00,06,00
4487,63885200.00,80,00
4488,63886800.00,0B,00
4489,63888400.00,80,00
4490,63890000.00,04,00
4491,63891600.00,00,00
4492,63893200.00,06,00
4493,63894800.00,68,00
4494,63896400.00,E2,00
4495,63898000.00,C2,00
4496,63899600.00,00,00
4497,63901200.00,00,00
4498,63902800.00,06,00
4499,63904400.00,80,00
4500,63906000.00,0B,00
4501,64134800.00,42,00
4502,64136400.00,07,00
4503,64138000.00,80,00
4504,64139600.00,06,00
4505,64141200.00,80,00
4506,64142800.00,0B,00
4507,64144400.00,80,00
4508,64146000.00,04,00
4509,64147600.00,00,00
4510,64149200.00,06,00
4511,64150800.00,68,00
4512,64152400.00,E2,00
4513,64154000.00,C2,00
4514,64155600.00,00,00
4515,64157200.00,00,00
4516,64158800.00,06,00
4517,64160400.00,80,00
4518,64162000.00,0B,00
4519,64390850.00,42,00
4520,64392450.00,07,00
4521,64394050.00,80,00
4522,64395650.00,06,00
4523,64397250.00,80,00
4524,64398850.00,0B,00
4525,64400450.00,80,00
4526,64402050.00,03,00
4527,64403650.00,80,00
4528,64405250.00,06,00
4529,64406850.00,F6,00
4530,64408450.00,EA,00
4531,64410050.00,C2,00
4532,64411650.00,00,00
4533,64413250.00,00,00
4534,64414850.00,06,00
4535,64416450.00,80,00
4536,64418050.00,0B,00
4537,64646800.00,42,00
4538,64648400.00,07,00
4539,64650000.00,80,00
4540,64651600.00,06,00
4541,64653200.00,80,00
4542,64654800.00,0B,00
4543,64656400.00,80,00
4544,64658000.00,04,00
4545,64659600.00,00,00
4546,64661200.00,06,00
4547,64662800.00,68,00
4548,64664400.00,E2,00
4549,64666000.00,C2,00
4550,64667600.00,00,00
4551,64669200.00,00,00
4552,64670800.00,06,00
4553,64672400.00,80,00
4554,64674000.00,0B,00
4555,64902800.00,42,00
4556,64904400.00,07,00
4557,64906000.00,80,00
4558,64907600.00,06,00
4559,64909200.00,80,00
4560,64910800.00,0B,00
4561,64912400.00,80,00
4562,64914000.00,04,00
4563,64915600.00,00,00
4564,64917200.00,06,00
4565,64918800.00,68,00
4566,64920400.00,E2,00
4567,64922000.00,C2,00
4568,64923600.00,00,00
4569,64925200.00,00,00
4570,64926800.00,06,00
4571,64928400.00,80,00
4572,64930000.00,0B,00
4573,65158800.00,42,00
4574,65160400.00,07,00
4575,65162010.00,80,00
4576,65163610.00,07,00
4577,65165210.00,80,00
4578,65166810.00,0F,00
4579,65168400.00,80,00
4580,65170010.00,0C,00
4581,65171610.00,00,00
4582,65173210.00,0E,00
4583,65174800.00,C1,00
4584,65176410.00,F4,00
4585,65178010.00,C6,00
4586,65179610.00,00,00
4587,65181210.00,00,00
4588,65182810.00,0F,00
4589,65184410.00,80,00
4590,65186010.00,17,00
4591,65414810.00,C6,00
4592,65416410.00,0F,00
4593,65418010.00,80,00
4594,65419610.00,0F,00
4595,65421210.00,80,00
4596,65422810.00,1B,00
4597,65424410.00,80,00
4598,65426010.00,0C,00
4599,65427610.00,00,00
4600,65429210.00,06,00
4601,65430810.00,F9,00
4602,65432410.00,E6,00
4603,65434010.00,C2,00
4604,65435610.00,00,00
4605,65437210.00,00,00
4606,65438810.00,06,00
4607,65440410.00,80,00
4608,65442010.00,0B,00
4609,65670810.00,42,00
4610,65672410.00,07,00
4611,65674010.00,80,00
4612,65675610.00,06,00
4613,65677210.00,80,00
4614,65678810.00,0B,00
4615,65680410.00,80,00
4616,65682010.00,04,00
4617,65683610.00,00,00
4618,65685210.00,06,00
4619,65686810.00,68,00
4620,65688410.00,E2,00
4621,65690010.00,C2,00
4622,65691610.00,00,00
4623,65693210.00,00,00
4624,65694810.00,06,00
4625,65696410.00,80,00
4626,65698010.00,0B,00
4627,65926810.00,42,00
4628,65928410.00,07,00
4629,65930010.00,80,00
4630,65931610.00,06,00
4631,65933210.00,80,00
4632,65934810.00,0B,00
4633,65936410.00,80,00
4634,65938010.00,04,00
4635,65939610.00,00,00
4636,65941210.00,06,00
4637,65942810.00,68,00
4638,65944410.00,E2,00
4639,65946010.00,C2,00
4640,65947610.00,00,00
4641,65949210.00,00,00
4642,65950810.00,06,00
4643,65952410.00,80,00
4644,65954010.00,0B,00
4645,66182810.00,42,00
4646,66184410.00,07,00
4647,66186010.00,80,00
4648,66187610.00,06,00
4649,66189210.00,80,00
4650,66190810.00,0B,00
4651,66192410.00,80,00
4652,66194010.00,04,00
4653,66195610.00,00,00
4654,66197210.00,06,00
4655,66198810.00,68,00
4656,66200410.00,E2,00
4657,66202010.00,C2,00
4658,66203610.00,00,00
4659,66205210.00,00,00
4660,66206810.00,06,00
4661,66208410.00,80,00
4662,66210010.00,0B,00
4663,66438810.00,42,00
4664,66440410.00,07,00
4665,66442010.00,80,00
4666,66443610.00,06,00
4667,66445210.00,80,00
4668,66446810.00,0B,00
4669,66448410.00,80,00
4670,66450010.00,04,00
4671,66451610.00,00,00
4672,66453210.00,06,00
4673,66454810.00,E0,00
4674,66456410.00,F2,00
4675,66458010.00,42,00
4676,66459610.00,00,00
4677,66461210.00,00,00
4678,66462810.00,06,00
4679,66464410.00,80,00
4680,66466010.00,0B,00
4681,66694810.00,42,00
4682,66696410.00,07,00
4683,66698010.00,80,00
4684,66699610.00,06,00
4685,66701210.00,80,00
4686,66702810.00,0B,00
4687,66704410.00,80,00
4688,66706010.00,04,00
4689,66707610.00,00,00
4690,66709210.00,06,00
4691,66710810.00,E0,00
4692,66712410.00,F2,00
4693,66714010.00,42,00
4694,66715610.00,00,00
4695,66717210.00,00,00
4696,66718810.00,06,00
4697,66720410.00,80,00
4698,66722010.00,0B,00
4699,66950820.00,C6,00
4700,66952420.00,0F,00
4701,66954020.00,80,00
4702,66955620.00,0F,00
4703,66957220.00,00,00
4704,66958820.00,1F,00
4705,66960420.00,80,00
4706,66962020.00,0C,00
4707,66963620.00,00,00
4708,66965220.00,0E,00
4709,66966820.00,C8,00
4710,66968410.00,E7,00
4711,66970020.00,C4,00
4712,66971620.00,00,00
4713,66973220.00,00,00
4714,66974820.00,0D,00
4715,66976420.00,80,00
4716,66978020.00,1F,00
4717,67206870.00,C2,00
4718,67208470.00,07,00
4719,67210070.00,80,00
4720,67211670.00,06,00
4721,67213270.00,80,00
4722,67214870.00,0B,00
4723,67216470.00,80,00
4724,67218070.00,04,00
4725,67219670.00,00,00
4726,67221270.00,06,00
4727,67222870.00,68,00
4728,67224470.00,E2,00
4729,67226070.00,C6,00
4730,67227670.00,00,00
4731,67229270.00,00,00
4732,67230870.00,06,00
4733,67232470.00,80,00
4734,67234070.00,0F,00
4735,67462820.00,42,00
4736,67464420.00,07,00
4737,67466020.00,80,00
4738,67467620.00,06,00
4739,67469220.00,80,00
4740,67470820.00,0B,00
4741,67472420.00,80,00
4742,67474020.00,04,00
4743,67475620.00,00,00
4744,67477220.00,06,00
4745,67478820.00,E0,00
4746,67480420.00,F2,00
4747,67482020.00,42,00
4748,67483620.00,00,00
4749,67485220.00,00,00
4750,67486820.00,06,00
4751,67488420.00,80,00
4752,67490020.00,0B,00
4753,67718820.00,42,00
4754,67720420.00,07,00
4755,67722020.00,80,00
4756,67723620.00,06,00
4757,67725220.00,80,00
4758,67726820.00,0B,00
4759,67728420.00,80,00
4760,67730020.00,04,00
4761,67731620.00,00,00
4762,67733220.00,06,00
4763,67734820.00,68,00
4764,67736420.00,E2,00
4765,67738020.00,C2,00
4766,67739620.00,00,00
4767,67741220.00,00,00
4768,67742820.00,06,00
4769,67744420.00,80,00
4770,67746020.00,0B,00
4771,67974820.00,42,00
4772,67976420.00,07,00
4773,67978020.00,80,00
4774,67979620.00,06,00
4775,67981220.00,80,00
4776,67982820.00,0B,00
4777,67984420.00,80,00
4778,67986020.00,04,00
4779,67987620.00,00,00
4780,67989220.00,06,00
4781,67990820.00,68,00
4782,67992420.00,E2,00
4783,67994020.00,C2,00
4784,67995620.00,00,00
4785,67997220.00,00,00
4786,67998820.00,06,00
4787,68000420.00,80,00
4788,68002020.00,0B,00
4789,68230870.00,42,00
4790,68232470.00,07,00
4791,68234070.00,80,00
4792,68235670.00,06,00
4793,68237270.00,80,00
4794,68238870.00,0B,00
4795,68240470.00,00,00
4796,68242070.00,04,00
4797,68243670.00,00,00
4798,68245270.00,06,00
4799,68246870.00,3D,00
4800,68248470.00,CA,00
4801,68250070.00,42,00
4802,68251670.00,00,00
4803,68253270.00,00,00
4804,68254870.00,06,00
4805,68256470.00,80,00
4806,68258070.00,0B,00
4807,68486820.00,42,00
4808,68488420.00,07,00
4809,68490020.00,80,00
4810,68491620.00,06,00
4811,68493220.00,80,00
4812,68494820.00,0B,00
4813,68496420.00,80,00
4814,68498020.00,04,00
4815,68499620.00,00,00
4816,68501220.00,06,00
4817,68502820.00,68,00
4818,68504420.00,E2,00
4819,68506020.00,C2,00
4820,68507620.00,00,00
4821,68509220.00,00,00
4822,68510820.00,06,00
4823,68512420.00,80,00
4824,68514020.00,0B,00
4825,68742820.00,46,00
4826,68744430.00,0F,00
4827,68746030.00,80,00
4828,68747630.00,0F,00
4829,68749230.00,80,00
4830,68750830.00,03,00
4831,68752430.00,80,00
4832,68754030.00,0C,00
4833,68755630.00,00,00
4834,68757230.00,0E,00
4835,68758830.00,F9,00
4836,68760430.00,E7,00
4837,68762030.00,C6,00
4838,68763630.00,00,00
4839,68765230.00,00,00
4840,68766830.00,0F,00
4841,68768430.00,80,00
4842,68770030.00,1F,00
4843,68998830.00,42,00
4844,69000430.00,07,00
4845,69002030.00,80,00
4846,69003630.00,06,00
4847,69005230.00,80,00
4848,69006830.00,0B,00
4849,69008430.00,80,00
4850,69010030.00,04,00
4851,69011630.00,00,00
4852,69013230.00,06,00
4853,69014830.00,68,00
4854,69016430.00,E2,00
4855,69018030.00,C2,00
4856,69019630.00,00,00
4857,69021230.00,00,00
4858,69022830.00,06,00
4859,69024430.00,80,00
4860,69026030.00,0B,00
4861,69254880.00,42,00
4862,69256480.00,07,00
4863,69258080.00,80,00
4864,69259680.00,06,00
4865,69261280.00,80,00
4866,69262880.00,0B,00
4867,69264480.00,80,00
4868,69266080.00,03,00
4869,69267680.00,80,00
4870,69269280.00,06,00
4871,69270880.00,7E,00
4872,69272480.00,FA,00
4873,69274080.00,42,00
4874,69275680.00,00,00
4875,69277280.00,00,00
4876,69278880.00,06,00
4877,69280480.00,80,00
4878,69282080.00,0B,00
4879,69510830.00,42,00
4880,69512430.00,07,00
4881,69514030.00,80,00
4882,69515630.00,06,00
4883,69517230.00,80,00
4884,69518830.00,0B,00
4885,69520430.00,80,00
4886,69522030.00,04,00
4887,69523630.00,00,00
4888,69525230.00,06,00
4889,69526830.00,68,00
4890,69528430.00,E2,00
4891,69530030.00,C2,00
4892,69531630.00,00,00
4893,69533230.00,00,00
4894,69534830.00,06,00
4895,69536430.00,80,00
4896,69538030.00,0B,00
4897,69766830.00,42,00
4898,69768430.00,07,00
4899,69770030.00,80,00
4900,69771630.00,06,00
4901,69773230.00,80,00
4902,69774830.00,0B,00
4903,69776430.00,80,00
4904,69778030.00,03,00
4905,69779630.00,80,00
4906,69781230.00,06,00
4907,69782830.00,F6,00
4908,69784430.00,EA,00
4909,69786030.00,C2,00
4910,69787630.00,00,00
4911,69789230.00,00,00
4912,69790830.00,06,00
4913,69792430.00,80,00
4914,69794030.00,0B,00
4915,70022830.00,42,00
4916,70024430.00,07,00
4917,70026030.00,80,00
4918,70027630.00,06,00
4919,70029230.00,80,00
4920,70030830.00,0B,00
4921,70032430.00,80,00
4922,70034030.00,03,00
4923,70035630.00,80,00
4924,70037230.00,06,00
4925,70038830.00,F6,00
4926,70040430.00,EA,00
4927,70042030.00,C2,00
4928,70043630.00,00,00
4929,70045230.00,00,00
4930,70046830.00,06,00
4931,70048430.00,80,00
4932,70050030.00,0B,00
4933,70278880.00,42,00
4934,70280480.00,07,00
4935,70282080.00,80,00
4936,70283680.00,06,00
4937,70285280.00,80,00
4938,70286880.00,0B,00
4939,70288480.00,80,00
4940,70290080.00,04,00
4941,70291680.00,00,00
4942,70293280.00,06,00
4943,70294880.00,68,00
4944,70296480.00,E2,00
4945,70298080.00,C2,00
4946,70299680.00,00,00
4947,70301280.00,00,00
4948,70302880.00,06,00
4949,70304480.00,80,00
4950,70306080.00,0B,00
4951,70534840.00,C6,00
4952,70536440.00,0F,00
4953,70538040.00,80,00
4954,70539640.00,0F,00
4955,70541240.00,80,00
4956,70542840.00,0F,00
4957,70544440.00,80,00
4958,70546040.00,0C,00
4959,70547640.00,00,00
4960,70549240.00,0E,00
4961,70550840.00,F9,00
4962,70552440.00,E7,00
4963,70554040.00,C6,00
4964,70555640.00,00,00
4965,70557240.00,00,00
4966,70558840.00,0F,00
4967,70560440.00,80,00
4968,70562040.00,1F,00
4969,70790840.00,C6,00
4970,70792440.00,07,00
4971,70794040.00,80,00
4972,70795640.00,06,00
4973,70797240.00,80,00
4974,70798840.00,1B,00
4975,70800440.00,80,00
4976,70802040.00,04,00
4977,70803640.00,00,00
4978,70805240.00,06,00
4979,70806840.00,68,00
4980,70808440.00,E2,00
4981,70810040.00,C2,00
4982,70811640.00,00,00
4983,70813240.00,00,00
4984,70814840.00,06,00
4985,70816440.00,80,00
4986,70818040.00,0B,00
4987,71046840.00,42,00
4988,71048440.00,07,00
4989,71050040.00,80,00
4990,71051640.00,06,00
4991,71053240.00,80,00
4992,71054840.00,0B,00
4993,71056440.00,80,00
4994,71058040.00,03,00
4995,71059640.00,80,00
4996,71061240.00,06,00
4997,71062840.00,7E,00
4998,71064440.00,FA,00
4999,71066040.00,42,00
5000,71067640.00,00,00
5001,71069240.00,00,00
5002,71070840.00,06,00
5003,71072440.00,80,00
5004,71074040.00,0B,00
5005,71302890.00,42,00
5006,71304490.00,07,00
5007,71306090.00,80,00
5008,71307690.00,06,00
5009,71309290.00,80,00
5010,71310890.00,0B,00
5011,71312490.00,80,00
5012,71314090.00,03,00
5013,71315690.00,80,00
5014,71317290.00,06,00
5015,71318890.00,7E,00
5016,71320490.00,FA,00
5017,71322090.00,42,00
5018,71323690.00,00,00
5019,71325290.00,00,00
5020,71326890.00,06,00
5021,71328490.00,80,00
5022,71330090.00,0B,00
5023,71558840.00,42,00
5024,71560440.00,07,00
5025,71562040.00,80,00
5026,71563640.00,06,00
5027,71565240.00,80,00
5028,71566840.00,0B,00
5029,71568440.00,80,00
5030,71570040.00,03,00
5031,71571640.00,80,00
5032,71573240.00,06,00
5033,71574840.00,7E,00
5034,71576440.00,FA,00
5035,71578040.00,42,00
5036,71579640.00,00,00
5037,71581240.00,00,00
5038,71582840.00,06,00
5039,71584440.00,80,00
5040,71586040.00,0B,00
5041,71814840.00,42,00
5042,71816440.00,07,00
5043,71818040.00,80,00
5044,71819640.00,06,00
5045,71821240.00,80,00
5046,71822840.00,0B,00
5047,71824440.00,80,00
5048,71826040.00,03,00
5049,71827640.00,80,00
5050,71829240.00,06,00
5051,71830840.00,7E,00
5052,71832440.00,FA,00
5053,71834040.00,42,00
5054,71835640.00,00,00
5055,71837240.00,00,00
5056,71838840.00,06,00
5057,71840440.00,80,00
5058,71842040.00,0B,00
5059,72070840.00,42,00
5060,72072440.00,07,00
5061,72074040.00,80,00
5062,72075640.00,06,00
5063,72077240.00,80,00
5064,72078840.00,0B,00
5065,72080440.00,80,00
5066,72082040.00,04,00
5067,72083640.00,00,00
5068,72085240.00,06,00
5069,72086840.00,E0,00
5070,72088440.00,F2,00
5071,72090040.00,42,00
5072,72091640.00,00,00
5073,72093240.00,00,00
5074,72094840.00,06,00
5075,72096440.00,80,00
5076,72098040.00,0B,00
5077,72326900.00,C6,00
5078,72328500.00,0F,00
5079,72330100.00,80,00
5080,72331700.00,0F,00
5081,72333300.00,80,00
5082,72334900.00,1F,00
5083,72336500.00,80,00
5084,72338100.00,0C,00
5085,72339700.00,00,00
5086,72341300.00,0E,00
5087,72342900.00,F9,00
5088,72344500.00,E7,00
5089,72346100.00,C6,00
5090,72347700.00,00,00
5091,72349300.00,00,00
5092,72350900.00,0F,00
5093,72352500.00,80,00
5094,72354100.00,1F,00
5095,72582850.00,42,00
5096,72584450.00,07,00
5097,72586050.00,80,00
5098,72587650.00,06,00
5099,72589250.00,80,00
5100,72590850.00,1B,00
5101,72592450.00,80,00
5102,72594050.00,04,00
5103,72595650.00,00,00
5104,72597250.00,06,00
5105,72598850.00,68,00
5106,72600450.00,E2,00
5107,72602050.00,C2,00
5108,72603650.00,00,00
5109,72605250.00,00,00
5110,72606850.00,06,00
5111,72608450.00,80,00
5112,72610050.00,0B,00
5113,72838850.00,42,00
5114,72840450.00,07,00
5115,72842050.00,80,00
5116,72843650.00,06,00
5117,72845250.00,80,00
5118,72846850.00,0B,00
5119,72848450.00,80,00
5120,72850050.00,04,00
5121,72851650.00,00,00
5122,72853250.00,06,00
5123,72854850.00,68,00
5124,72856450.00,E2,00
5125,72858050.00,C2,00
5126,72859650.00,00,00
5127,72861250.00,00,00
5128,72862850.00,06,00
5129,72864450.00,80,00
5130,72866050.00,0B,00
5131,73094850.00,42,00
5132,73096450.00,07,00
5133,73098050.00,80,00
5134,73099650.00,06,00
5135,73101250.00,80,00
5136,73102850.00,0B,00
5137,73104450.00,80,00
5138,73106050.00,04,00
5139,73107650.00,00,00
5140,73109250.00,06,00
5141,73110850.00,68,00
5142,73112450.00,E2,00
5143,73114050.00,C2,00
5144,73115650.00,00,00
5145,73117250.00,00,00
5146,73118850.00,06,00
5147,73120450.00,80,00
5148,73122050.00,0B,00
5149,73350900.00,42,00
5150,73352500.00,07,00
5151,73354100.00,80,00
5152,73355700.00,06,00
5153,73357300.00,80,00
5154,73358900.00,0B,00
5155,73360500.00,80,00
5156,73362100.00,04,00
5157,73363700.00,00,00
5158,73365300.00,06,00
5159,73366900.00,68,00
5160,73368500.00,E2,00
5161,73370100.00,C2,00
5162,73371700.00,00,00
5163,73373300.00,00,00
5164,73374900.00,06,00
5165,73376500.00,80,00
5166,73378100.00,0B,00
5167,73606850.00,42,00
5168,73608450.00,07,00
5169,73610050.00,80,00
5170,73611650.00,06,00
5171,73613250.00,80,00
5172,73614850.00,0B,00
5173,73616450.00,80,00
5174,73618050.00,03,00
5175,73619650.00,80,00
5176,73621250.00,06,00
5177,73622850.00,F6,00
5178,73624450.00,EA,00
5179,73626050.00,C2,00
5180,73627650.00,00,00
5181,73629250.00,00,00
5182,73630850.00,06,00
5183,73632450.00,80,00
5184,73634050.00,0B,00
5185,73862850.00,42,00
5186,73864450.00,07,00
5187,73866050.00,80,00
5188,73867650.00,06,00
5189,73869250.00,80,00
5190,73870850.00,0B,00
5191,73872450.00,80,00
5192,73874050.00,04,00
5193,73875650.00,00,00
5194,73877250.00,06,00
5195,73878850.00,E0,00
5196,73880450.00,E2,00
5197,73882050.00,42,00
5198,73883650.00,00,00
5199,73885250.00,00,00
5200,73886850.00,06,00
5201,73888450.00,80,00
5202,73890050.00,0B,00
5203,74118860.00,C6,00
5204,74120460.00,0F,00
5205,74122060.00,80,00
5206,74123660.00,0F,00
5207,74125260.00,80,00
5208,74126860.00,1F,00
5209,74128460.00,00,00
5210,74130060.00,0C,00
5211,74131660.00,00,00
5212,74133260.00,0E,00
5213,74134860.00,7F,00
5214,74136460.00,DE,00
5215,74138060.00,C6,00
5216,74139660.00,00,00
5217,74141260.00,00,00
5218,74142860.00,0F,00
5219,74144460.00,80,00
5220,74146060.00,1F,00
5221,74374910.00,42,00
5222,74376510.00,07,00
5223,74378110.00,80,00
5224,74379710.00,06,00
5225,74381310.00,80,00
5226,74382910.00,0B,00
5227,74384510.00,80,00
5228,74386110.00,04,00
5229,74387710.00,00,00
5230,74389310.00,06,00
5231,74390910.00,68,00
5232,74392510.00,E2,00
5233,74394110.00,C2,00
5234,74395710.00,00,00
5235,74397310.00,00,00
5236,74398910.00,06,00
5237,74400510.00,80,00
5238,74402110.00,0B,00
5239,74630860.00,42,00
5240,74632460.00,07,00
5241,74634060.00,80,00
5242,74635660.00,06,00
5243,74637260.00,80,00
5244,74638860.00,0B,00
5245,74640460.00,00,00
5246,74642060.00,04,00
5247,74643660.00,00,00
5248,74645260.00,06,00
5249,74646860.00,B5,00
5250,74648460.00,DA,00
5251,74650060.00,C2,00
5252,74651660.00,00,00
5253,74653260.00,00,00
5254,74654860.00,06,00
5255,74656460.00,80,00
5256,74658060.00,0B,00
5257,74886860.00,42,00
5258,74888460.00,07,00
5259,74890060.00,80,00
5260,74891660.00,06,00
5261,74893260.00,80,00
5262,74894860.00,0B,00
5263,74896460.00,80,00
5264,74898060.00,04,00
5265,74899660.00,00,00
5266,74901260.00,06,00
5267,74902860.00,68,00
5268,74904460.00,E2,00
5269,74906060.00,C2,00
5270,74907660.00,00,00
5271,74909260.00,00,00
5272,74910860.00,06,00
5273,74912460.00,80,00
5274,74914060.00,0B,00
5275,75142860.00,42,00
5276,75144460.00,07,00
5277,75146060.00,80,00
5278,75147660.00,06,00
5279,75149260.00,80,00
5280,75150860.00,0B,00
5281,75152460.00,80,00
5282,75154060.00,04,00
5283,75155660.00,00,00
5284,75157260.00,06,00
5285,75158860.00,68,00
5286,75160460.00,E2,00
5287,75162060.00,C2,00
5288,75163660.00,00,00
5289,75165260.00,00,00
5290,75166860.00,06,00
5291,75168460.00,80,00
5292,75170060.00,0B,00
5293,75398910.00,42,00
5294,75400510.00,07,00
5295,75402110.00,80,00
5296,75403710.00,06,00
5297,75405310.00,80,00
5298,75406910.00,0B,00
5299,75408510.00,80,00
5300,75410110.00,04,00
5301,75411710.00,00,00
5302,75413310.00,06,00
5303,75414910.00,68,00
5304,75416510.00,E2,00
5305,75418110.00,C2,00
5306,75419710.00,00,00
5307,75421310.00,00,00
5308,75422910.00,06,00
5309,75424510.00,80,00
5310,75426110.00,0B,00
5311,75654860.00,42,00
5312,75656460.00,07,00
5313,75658060.00,80,00
5314,75659660.00,06,00
5315,75661260.00,80,00
5316,75662860.00,0B,00
5317,75664460.00,80,00
5318,75666060.00,04,00
5319,75667660.00,00,00
5320,75669260.00,06,00
5321,75670870.00,E8,00
5322,75672460.00,E2,00
5323,75674060.00,C2,00
5324,75675660.00,00,00
5325,75677260.00,00,00
5326,75678860.00,06,00
5327,75680460.00,80,00
5328,75682060.00,0B,00
5329,75910870.00,C6,00
5330,75912470.00,0F,00
5331,75914070.00,80,00
5332,75915670.00,0F,00
5333,75917270.00,80,00
5334,75918870.00,1F,00
5335,75920470.00,80,00
5336,75922070.00,0C,00
5337,75923670.00,00,00
5338,75925270.00,0E,00
5339,75926870.00,F9,00
5340,75928470.00,E7,00
5341,75930070.00,C6,00
5342,75931670.00,00,00
5343,75933270.00,00,00
5344,75934870.00,0F,00
5345,75936470.00,80,00
5346,75938070.00,1F,00
5347,76166870.00,42,00
5348,76168470.00,07,00
5349,76170070.00,80,00
5350,76171670.00,06,00
5351,76173270.00,80,00
5352,76174870.00,0B,00
5353,76176470.00,80,00
5354,76178070.00,04,00
5355,76179670.00,00,00
5356,76181270.00,06,00
5357,76182870.00,68,00
5358,76184470.00,E2,00
5359,76186070.00,C2,00
5360,76187670.00,00,00
5361,76189270.00,00,00
5362,76190870.00,06,00
5363,76192470.00,80,00
5364,76194070.00,0B,00
5365,76422870.00,42,00
5366,76424470.00,07,00
5367,76426070.00,80,00
5368,76427670.00,06,00
5369,76429270.00,80,00
5370,76430870.00,0B,00
5371,76432470.00,80,00
5372,76434070.00,04,00
5373,76435670.00,00,00
5374,76437270.00,06,00
5375,76438870.00,68,00
5376,76440470.00,E2,00
5377,76442070.00,C2,00
5378,76443670.00,00,00
5379,76445270.00,00,00
5380,76446870.00,06,00
5381,76448470.00,80,00
5382,76450070.00,0B,00
5383,76678870.00,42,00
5384,76680470.00,07,00
5385,76682070.00,80,00
5386,76683670.00,06,00
5387,76685270.00,80,00
5388,76686870.00,0B,00
5389,76688470.00,80,00
5390,76690070.00,04,00
5391,76691670.00,00,00
5392,76693270.00,06,00
5393,76694870.00,68,00
5394,76696470.00,E2,00
5395,76698070.00,C2,00
5396,76699670.00,00,00
5397,76701270.00,00,00
5398,76702870.00,06,00
5399,76704470.00,80,00
5400,76706070.00,0B,00
5401,76934870.00,42,00
5402,76936470.00,07,00
5403,76938070.00,80,00
5404,76939670.00,06,00
5405,76941270.00,80,00
5406,76942870.00,0B,00
5407,76944470.00,00,00
5408,76946070.00,04,00
5409,76947670.00,00,00
5410,76949270.00,06,00
5411,76950870.00,3D,00
5412,76952470.00,CA,00
5413,76954070.00,42,00
5414,76955670.00,00,00
5415,76957270.00,00,00
5416,76958870.00,06,00
5417,76960470.00,80,00
5418,76962070.00,0B,00
5419,77190870.00,42,00
5420,77192470.00,07,00
5421,77194070.00,80,00
5422,77195670.00,06,00
5423,77197270.00,80,00
5424,77198870.00,0B,00
5425,77200470.00,00,00
5426,77202070.00,04,00
5427,77203670.00,00,00
5428,77205270.00,06,00
5429,77206870.00,3D,00
5430,77208470.00,CA,00
5431,77210070.00,42,00
5432,77211670.00,00,00
5433,77213270.00,00,00
5434,77214870.00,06,00
5435,77216470.00,80,00
5436,77218070.00,0B,00
5437,77446870.00,42,00
5438,77448470.00,07,00
5439,77450070.00,80,00
5440,77451670.00,06,00
5441,77453270.00,80,00
5442,77454870.00,0B,00
5443,77456470.00,00,00
5444,77458070.00,04,00
5445,77459670.00,00,00
5446,77461270.00,0E,00
5447,77462880.00,3D,00
5448,77464470.00,CA,00
5449,77466070.00,42,00
5450,77467670.00,00,00
5451,77469280.00,00,00
5452,77470870.00,07,00
5453,77472470.00,80,00
5454,77474080.00,13,00
5455,77702880.00,C6,00
5456,77704480.00,0F,00
5457,77706080.00,80,00
5458,77707680.00,0F,00
5459,77709280.00,80,00
5460,77710880.00,1F,00
5461,77712480.00,80,00
5462,77714080.00,0C,00
5463,77715680.00,00,00
5464,77717280.00,0E,00
5465,77718880.00,F8,00
5466,77720480.00,E7,00
5467,77722080.00,C2,00
5468,77723680.00,00,00
5469,77725280.00,00,00
5470,77726880.00,0F,00
5471,77728480.00,80,00
5472,77730080.00,1F,00
5473,77958880.00,42,00
5474,77960480.00,07,00
5475,77962080.00,80,00
5476,77963680.00,06,00
5477,77965280.00,80,00
5478,77966880.00,0B,00
5479,77968480.00,80,00
5480,77970080.00,04,00
5481,77971680.00,00,00
5482,77973280.00,06,00
5483,77974880.00,E0,00
5484,77976480.00,F2,00
5485,77978080.00,42,00
5486,77979680.00,00,00
5487,77981280.00,00,00
5488,77982880.00,06,00
5489,77984480.00,80,00
5490,77986080.00,0B,00
5491,78214930.00,42,00
5492,78216530.00,07,00
5493,78218130.00,80,00
5494,78219730.00,06,00
5495,78221330.00,80,00
5496,78222930.00,0B,00
5497,78224530.00,80,00
5498,78226130.00,04,00
5499,78227730.00,00,00
5500,78229330.00,06,00
5501,78230930.00,E0,00
5502,78232530.00,F2,00
5503,78234130.00,42,00
5504,78235730.00,00,00
5505,78237330.00,00,00
5506,78238930.00,06,00
5507,78240530.00,80,00
5508,78242130.00,0B,00
5509,78470880.00,42,00
5510,78472480.00,07,00
5511,78474080.00,80,00
5512,78475680.00,06,00
5513,78477280.00,80,00
5514,78478880.00,0B,00
5515,78480480.00,80,00
5516,78482080.00,03,00
5517,78483680.00,80,00
5518,78485280.00,06,00
5519,78486880.00,7E,00
5520,78488480.00,FA,00
5521,78490080.00,42,00
5522,78491680.00,00,00
5523,78493280.00,00,00
5524,78494880.00,06,00
5525,78496480.00,80,00
5526,78498080.00,0B,00
5527,78726880.00,42,00
5528,78728480.00,07,00
5529,78730080.00,80,00
5530,78731680.00,06,00
5531,78733280.00,80,00
5532,78734880.00,0B,00
5533,78736480.00,80,00
5534,78738080.00,03,00
5535,78739680.00,80,00
5536,78741280.00,06,00
5537,78742880.00,7E,00
5538,78744480.00,FA,00
5539,78746080.00,42,00
5540,78747680.00,00,00
5541,78749280.00,00,00
5542,78750880.00,06,00
5543,78752480.00,80,00
5544,78754080.00,0B,00
5545,78982880.00,42,00
5546,78984480.00,07,00
5547,78986080.00,80,00
5548,78987680.00,06,00
5549,78989280.00,80,00
5550,78990880.00,0B,00
5551,78992480.00,00,00
5552,78994080.00,03,00
5553,78995680.00,80,00
5554,78997280.00,06,00
5555,78998880.00,2B,00
5556,79000480.00,D2,00
5557,79002080.00,C2,00
5558,79003680.00,00,00
5559,79005280.00,00,00
5560,79006880.00,06,00
5561,79008480.00,80,00
5562,79010080.00,0B,00
5563,79238930.00,46,00
5564,79240530.00,07,00
5565,79242130.00,80,00
5566,79243730.00,07,00
5567,79245340.00,00,00
5568,79246930.00,1B,00
5569,79248530.00,80,00
5570,79250140.00,04,00
5571,79251730.00,00,00
5572,79253330.00,06,00
5573,79254930.00,59,00
5574,79256540.00,E4,00
5575,79258130.00,C2,00
5576,79259730.00,00,00
5577,79261330.00,00,00
5578,79262930.00,0D,00
5579,79264540.00,00,00
5580,79266140.00,1B,00
5581,79494890.00,C6,00
5582,79496490.00,0F,00
5583,79498090.00,80,00
5584,79499690.00,0F,00
5585,79501290.00,80,00
5586,79502890.00,1B,00
5587,79504490.00,80,00
5588,79506090.00,0C,00
5589,79507690.00,00,00
5590,79509290.00,0E,00
5591,79510890.00,F9,00
5592,79512490.00,E6,00
5593,79514090.00,C6,00
5594,79515690.00,00,00
5595,79517290.00,00,00
5596,79518890.00,06,00
5597,79520490.00,80,00
5598,79522090.00,1F,00
5599,79750890.00,42,00
5600,79752490.00,07,00
5601,79754090.00,80,00
5602,79755690.00,06,00
5603,79757290.00,80,00
5604,79758890.00,0B,00
5605,79760490.00,80,00
5606,79762090.00,04,00
5607,79763690.00,00,00
5608,79765290.00,06,00
5609,79766890.00,68,00
5610,79768490.00,E2,00
5611,79770090.00,C2,00
5612,79771690.00,00,00
5613,79773290.00,00,00
5614,79774890.00,06,00
5615,79776490.00,80,00
5616,79778090.00,0B,00
5617,80006890.00,42,00
5618,80008490.00,07,00
5619,80010090.00,80,00
5620,80011690.00,06,00
5621,80013290.00,80,00
5622,80014890.00,0B,00
5623,80016490.00,80,00
5624,80018090.00,04,00
5625,80019690.00,00,00
5626,80021290.00,06,00
5627,80022890.00,68,00
5628,80024490.00,E2,00
5629,80026090.00,C2,00
5630,80027690.00,00,00
5631,80029290.00,00,00
5632,80030890.00,06,00
5633,80032490.00,80,00
5634,80034090.00,0B,00
5635,80262940.00,42,00
5636,80264540.00,07,00
5637,80266140.00,80,00
5638,80267740.00,06,00
5639,80269340.00,80,00
5640,80270940.00,0B,00
5641,80272540.00,80,00
5642,80274140.00,03,00
5643,80275740.00,80,00
5644,80277340.00,06,00
5645,80278940.00,7E,00
5646,80280540.00,FA,00
5647,80282140.00,42,00
5648,80283740.00,00,00
5649,80285340.00,00,00
5650,80286940.00,06,00
5651,80288540.00,80,00
5652,80290140.00,0B,00
5653,80518890.00,42,00
5654,80520490.00,07,00
5655,80522090.00,80,00
5656,80523690.00,06,00
5657,80525290.00,80,00
5658,80526890.00,0B,00
5659,80528490.00,80,00
5660,80530090.00,03,00
5661,80531690.00,80,00
5662,80533290.00,06,00
5663,80534890.00,7E,00
5664,80536490.00,FA,00
5665,80538090.00,42,00
5666,80539690.00,00,00
5667,80541290.00,00,00
5668,80542890.00,06,00
5669,80544490.00,80,00
5670,80546090.00,0B,00
5671,80774890.00,42,00
5672,80776490.00,07,00
5673,80778090.00,80,00
5674,80779690.00,06,00
5675,80781290.00,80,00
5676,80782890.00,0B,00
5677,80784490.00,80,00
5678,80786090.00,04,00
5679,80787690.00,00,00
5680,80789290.00,06,00
5681,80790890.00,68,00
5682,80792490.00,E2,00
5683,80794090.00,C2,00
5684,80795690.00,00,00
5685,80797290.00,00,00
5686,80798890.00,06,00
5687,80800490.00,80,00
5688,80802090.00,0B,00
5689,81030890.00,42,00
5690,81032500.00,07,00
5691,81034100.00,00,00
5692,81035690.00,05,00
5693,81037300.00,80,00
5694,81038900.00,1F,00
5695,81040490.00,80,00
5696,81042100.00,07,00
5697,81043690.00,80,00
5698,81045300.00,0C,00
5699,81046900.00,FE,00
5700,81048490.00,FA,00
5701,81050100.00,84,00
5702,81051690.00,00,00
5703,81053300.00,00,00
5704,81054900.00,0F,00
5705,81056500.00,80,00
5706,81058100.00,1F,00
5707,81286950.00,C2,00
5708,81288550.00,0F,00
5709,81290150.00,80,00
5710,81291750.00,0F,00
5711,81293350.00,80,00
5712,81294950.00,0F,00
5713,81296550.00,80,00
5714,81298150.00,03,00
5715,81299750.00,80,00
5716,81301350.00,0E,00
5717,81302950.00,7E,00
5718,81304550.00,FA,00
5719,81306150.00,C2,00
5720,81307750.00,00,00
5721,81309350.00,00,00
5722,81310950.00,0E,00
5723,81312550.00,80,00
5724,81314150.00,1F,00
5725,81542900.00,42,00
5726,81544500.00,07,00
5727,81546100.00,80,00
5728,81547700.00,06,00
5729,81549300.00,80,00
5730,81550900.00,0B,00
5731,81552500.00,80,00
5732,81554100.00,03,00
5733,81555700.00,80,00
5734,81557300.00,06,00
5735,81558900.00,F6,00
5736,81560500.00,EA,00
5737,81562100.00,C2,00
5738,81563700.00,00,00
5739,81565300.00,00,00
5740,81566900.00,06,00
5741,81568500.00,80,00
5742,81570100.00,0B,00
5743,81798900.00,42,00
5744,81800500.00,07,00
5745,81802100.00,80,00
5746,81803700.00,06,00
5747,81805300.00,80,00
5748,81806900.00,0B,00
5749,81808500.00,80,00
5750,81810100.00,03,00
5751,81811700.00,80,00
5752,81813300.00,06,00
5753,81814900.00,F6,00
5754,81816500.00,EA,00
5755,81818100.00,C2,00
5756,81819700.00,00,00
5757,81821300.00,00,00
5758,81822900.00,06,00
5759,81824500.00,80,00
5760,81826100.00,0B,00
5761,82054900.00,42,00
5762,82056500.00,07,00
5763,82058100.00,80,00
5764,82059700.00,06,00
5765,82061300.00,80,00
5766,82062900.00,0B,00
5767,82064500.00,80,00
5768,82066100.00,03,00
5769,82067700.00,80,00
5770,82069300.00,06,00
5771,82070900.00,F6,00
5772,82072500.00,EA,00
5773,82074100.00,C2,00
5774,82075700.00,00,00
5775,82077300.00,00,00
5776,82078900.00,06,00
5777,82080500.00,80,00
5778,82082100.00,0B,00
5779,82310950.00,42,00
5780,82312550.00,07,00
5781,82314150.00,80,00
5782,82315750.00,06,00
5783,82317350.00,80,00
5784,82318950.00,0B,00
5785,82320550.00,80,00
5786,82322150.00,03,00
5787,82323750.00,80,00
5788,82325350.00,06,00
5789,82326950.00,F6,00
5790,82328550.00,EA,00
5791,82330150.00,C2,00
5792,82331750.00,00,00
5793,82333350.00,00,00
5794,82334950.00,06,00
5795,82336550.00,80,00
5796,82338150.00,0B,00
5797,82566900.00,42,00
5798,82568500.00,07,00
5799,82570100.00,80,00
5800,82571700.00,06,00
5801,82573300.00,80,00
5802,82574900.00,0B,00
5803,82576500.00,80,00
5804,82578100.00,04,00
5805,82579700.00,00,00
5806,82581300.00,06,00
5807,82582900.00,68,00
5808,82584500.00,E2,00
5809,82586100.00,C2,00
5810,82587700.00,00,00
5811,82589300.00,00,00
5812,82590900.00,06,00
5813,82592500.00,80,00
5814,82594100.00,0B,00
5815,82822900.00,42,00
5816,82824510.00,0F,00
5817,82826100.00,80,00
5818,82827710.00,0F,00
5819,82829310.00,80,00
5820,82830910.00,0B,00
5821,82832510.00,00,00
5822,82834110.00,08,00
5823,82835700.00,00,00
5824,82837300.00,0C,00
5825,82838910.00,F9,00
5826,82840510.00,C7,00
5827,82842110.00,C6,00
5828,82843710.00,00,00
5829,82845310.00,00,00
5830,82846910.00,0F,00
5831,82848510.00,80,00
5832,82850110.00,17,00
5833,83078910.00,C6,00
5834,83080510.00,0F,00
5835,83082110.00,80,00
5836,83083710.00,06,00
5837,83085310.00,80,00
5838,83086910.00,0B,00
5839,83088510.00,80,00
5840,83090110.00,04,00
5841,83091710.00,00,00
5842,83093310.00,0E,00
5843,83094910.00,F8,00
5844,83096510.00,E2,00
5845,83098110.00,C2,00
5846,83099710.00,00,00
5847,83101310.00,00,00
5848,83102910.00,06,00
5849,83104510.00,80,00
5850,83106110.00,0F,00
5851,83334960.00,42,00
5852,83336560.00,07,00
5853,83338160.00,80,00
5854,83339760.00,06,00
5855,83341360.00,80,00
5856,83342960.00,0B,00
5857,83344560.00,80,00
5858,83346160.00,04,00
5859,83347760.00,00,00
5860,83349360.00,06,00
5861,83350960.00,68,00
5862,83352560.00,E2,00
5863,83354160.00,C2,00
5864,83355760.00,00,00
5865,83357360.00,00,00
5866,83358960.00,06,00
5867,83360560.00,80,00
5868,83362160.00,0B,00
5869,83590910.00,42,00
5870,83592510.00,07,00
5871,83594110.00,80,00
5872,83595710.00,06,00
5873,83597310.00,80,00
5874,83598910.00,0B,00
5875,83600510.00,80,00
5876,83602110.00,04,00
5877,83603710.00,00,00
5878,83605310.00,06,00
5879,83606910.00,E0,00
5880,83608510.00,F2,00
5881,83610110.00,42,00
5882,83611710.00,00,00
5883,83613310.00,00,00
5884,83614910.00,06,00
5885,83616510.00,80,00
5886,83618110.00,0B,00
5887,83846910.00,42,00
5888,83848510.00,07,00
5889,83850110.00,80,00
5890,83851710.00,06,00
5891,83853310.00,80,00
5892,83854910.00,0B,00
5893,83856510.00,80,00
5894,83858110.00,04,00
5895,83859710.00,00,00
5896,83861310.00,06,00
5897,83862910.00,E0,00
5898,83864510.00,F2,00
5899,83866110.00,42,00
5900,83867710.00,00,00
5901,83869310.00,00,00
5902,83870910.00,06,00
5903,83872510.00,80,00
5904,83874110.00,0B,00
5905,84102910.00,42,00
5906,84104510.00,07,00
5907,84106110.00,80,00
5908,84107710.00,06,00
5909,84109310.00,80,00
5910,84110910.00,0B,00
5911,84112510.00,80,00
5912,84114110.00,04,00
5913,84115710.00,00,00
5914,84117310.00,06,00
5915,84118910.00,68,00
5916,84120510.00,E2,00
5917,84122110.00,C2,00
5918,84123710.00,00,00
5919,84125310.00,00,00
5920,84126910.00,06,00
5921,84128510.00,80,00
5922,84130110.00,0B,00
5923,84358960.00,42,00
5924,84360560.00,07,00
5925,84362160.00,80,00
5926,84363760.00,06,00
5927,84365360.00,80,00
5928,84366960.00,0B,00
5929,84368560.00,80,00
5930,84370160.00,04,00
5931,84371760.00,00,00
5932,84373360.00,06,00
5933,84374960.00,E0,00
5934,84376560.00,F2,00
5935,84378160.00,42,00
5936,84379760.00,00,00
5937,84381360.00,00,00
5938,84382960.00,06,00
5939,84384560.00,80,00
5940,84386160.00,0B,00
5941,84614910.00,46,00
5942,84616520.00,0F,00
5943,84618120.00,80,00
5944,84619720.00,05,00
5945,84621320.00,00,00
5946,84622920.00,1F,00
5947,84624520.00,80,00
5948,84626120.00,0C,00
5949,84627720.00,00,00
5950,84629320.00,0F,00
5951,84630920.00,C1,00
5952,84632520.00,F6,00
5953,84634120.00,C6,00
5954,84635720.00,00,00
5955,84637320.00,00,00
5956,84638920.00,0D,00
5957,84640520.00,80,00
5958,84642120.00,1F,00
5959,84870920.00,C6,00
5960,84872520.00,0F,00
5961,84874120.00,80,00
5962,84875720.00,06,00
5963,84877320.00,80,00
5964,84878920.00,0F,00
5965,84880520.00,80,00
5966,84882120.00,04,00
5967,84883720.00,00,00
5968,84885320.00,06,00
5969,84886920.00,69,00
5970,84888520.00,E2,00
5971,84890120.00,C2,00
5972,84891720.00,00,00
5973,84893320.00,00,00
5974,84894920.00,06,00
5975,84896520.00,80,00
5976,84898120.00,0B,00
5977,85126920.00,42,00
5978,85128520.00,07,00
5979,85130120.00,80,00
5980,85131720.00,06,00
5981,85133320.00,80,00
5982,85134920.00,0B,00
5983,85136520.00,80,00
5984,85138120.00,04,00
5985,85139720.00,00,00
5986,85141320.00,06,00
5987,85142920.00,68,00
5988,85144520.00,E2,00
5989,85146120.00,C2,00
5990,85147720.00,00,00
5991,85149320.00,00,00
5992,85150920.00,06,00
5993,85152520.00,80,00
5994,85154120.00,0B,00
5995,85382970.00,42,00
5996,85384570.00,07,00
5997,85386170.00,80,00
5998,85387770.00,06,00
5999,85389370.00,80,00
6000,85390970.00,0B,00
6001,85392570.00,80,00
6002,85394170.00,04,00
6003,85395770.00,00,00
6004,85397370.00,06,00
6005,85398970.00,68,00
6006,85400570.00,E2,00
6007,85402170.00,C2,00
6008,85403770.00,00,00
6009,85405370.00,00,00
6010,85406970.00,06,00
6011,85408570.00,80,00
6012,85410170.00,0B,00
6013,85638920.00,42,00
6014,85640520.00,07,00
6015,85642120.00,80,00
6016,85643720.00,06,00
6017,85645320.00,80,00
6018,85646920.00,0B,00
6019,85648520.00,80,00
6020,85650120.00,04,00
6021,85651720.00,00,00
6022,85653320.00,06,00
6023,85654920.00,68,00
6024,85656520.00,E2,00
6025,85658120.00,C2,00
6026,85659720.00,00,00
6027,85661320.00,00,00
6028,85662920.00,06,00
6029,85664520.00,80,00
6030,85666120.00,0B,00
6031,85894920.00,42,00
6032,85896520.00,07,00
6033,85898120.00,80,00
6034,85899720.00,06,00
6035,85901320.00,80,00
6036,85902920.00,0B,00
6037,85904520.00,80,00
6038,85906120.00,04,00
6039,85907720.00,00,00
6040,85909320.00,06,00
6041,85910920.00,E0,00
6042,85912520.00,F2,00
6043,85914120.00,42,00
6044,85915720.00,00,00
6045,85917320.00,00,00
6046,85918920.00,06,00
6047,85920520.00,80,00
6048,85922120.00,0B,00
6049,86150920.00,42,00
6050,86152520.00,07,00
6051,86154120.00,80,00
6052,86155720.00,06,00
6053,86157320.00,80,00
6054,86158920.00,0B,00
6055,86160520.00,00,00
6056,86162120.00,04,00
6057,86163720.00,00,00
6058,86165320.00,06,00
6059,86166920.00,3D,00
6060,86168520.00,CA,00
6061,86170120.00,42,00
6062,86171720.00,00,00
6063,86173320.00,00,00
6064,86174920.00,06,00
6065,86176520.00,80,00
6066,86178120.00,0B,00
6067,86406930.00,C6,00
6068,86408530.00,0F,00
6069,86410130.00,80,00
6070,86411730.00,0F,00
6071,86413320.00,80,00
6072,86414930.00,1F,00
6073,86416530.00,80,00
6074,86418130.00,0C,00
6075,86419730.00,00,00
6076,86421330.00,0E,00
6077,86422930.00,F9,00
6078,86424530.00,E7,00
6079,86426130.00,86,00
6080,86427730.00,00,00
6081,86429330.00,00,00
6082,86430930.00,0F,00
6083,86432530.00,80,00
6084,86434130.00,1F,00
6085,86662930.00,42,00
6086,86664530.00,07,00
6087,86666130.00,80,00
6088,86667730.00,06,00
6089,86669330.00,80,00
6090,86670930.00,0B,00
6091,86672530.00,80,00
6092,86674130.00,04,00
6093,86675730.00,00,00
6094,86677330.00,06,00
6095,86678930.00,E0,00
6096,86680530.00,F2,00
6097,86682130.00,42,00
6098,86683730.00,00,00
6099,86685330.00,00,00
6100,86686930.00,0E,00
6101,86688530.00,80,00
6102,86690130.00,0B,00
6103,86918930.00,42,00
6104,86920530.00,07,00
6105,86922130.00,80,00
6106,86923730.00,06,00
6107,86925330.00,80,00
6108,86926930.00,0B,00
6109,86928530.00,80,00
6110,86930130.00,03,00
6111,86931730.00,80,00
6112,86933330.00,06,00
6113,86934930.00,7E,00
6114,86936530.00,FA,00
6115,86938130.00,42,00
6116,86939730.00,00,00
6117,86941330.00,00,00
6118,86942930.00,06,00
6119,86944530.00,80,00
6120,86946130.00,0B,00
6121,87174930.00,42,00
6122,87176530.00,07,00
6123,87178130.00,80,00
6124,87179730.00,06,00
6125,87181330.00,80,00
6126,87182930.00,0B,00
6127,87184530.00,80,00
6128,87186130.00,04,00
6129,87187730.00,00,00
6130,87189330.00,06,00
6131,87190930.00,68,00
6132,87192530.00,E2,00
6133,87194130.00,C2,00
6134,87195730.00,00,00
6135,87197330.00,00,00
6136,87198930.00,06,00
6137,87200530.00,80,00
6138,87202130.00,0B,00
6139,87430930.00,42,00
6140,87432530.00,07,00
6141,87434130.00,80,00
6142,87435730.00,06,00
6143,87437330.00,80,00
6144,87438930.00,0B,00
6145,87440530.00,80,00
6146,87442130.00,04,00
6147,87443730.00,00,00
6148,87445330.00,06,00
6149,87446930.00,68,00
6150,87448530.00,E2,00
6151,87450130.00,C2,00
6152,87451730.00,00,00
6153,87453330.00,00,00
6154,87454930.00,06,00
6155,87456530.00,80,00
6156,87458130.00,0B,00
6157,87686930.00,42,00
6158,87688530.00,07,00
6159,87690130.00,80,00
6160,87691730.00,06,00
6161,87693330.00,80,00
6162,87694930.00,0B,00
6163,87696530.00,80,00
6164,87698130.00,04,00
6165,87699730.00,00,00
6166,87701330.00,06,00
6167,87702930.00,68,00
6168,87704530.00,E2,00
6169,87706130.00,C2,00
6170,87707730.00,00,00
6171,87709330.00,00,00
6172,87710930.00,06,00
6173,87712530.00,80,00
6174,87714130.00,0B,00
6175,87942930.00,42,00
6176,87944530.00,07,00
6177,87946130.00,80,00
6178,87947730.00,06,00
6179,87949330.00,80,00
6180,87950930.00,0B,00
6181,87952530.00,80,00
6182,87954130.00,04,00
6183,87955730.00,00,00
6184,87957330.00,06,00
6185,87958930.00,E0,00
6186,87960530.00,F2,00
6187,87962130.00,42,00
6188,87963730.00,00,00
6189,87965330.00,00,00
6190,87966930.00,06,00
6191,87968530.00,80,00
6192,87970130.00,0B,00
6193,88198980.00,46,00
6194,88200590.00,0F,00
6195,88202190.00,80,00
6196,88203790.00,0F,00
6197,88205390.00,80,00
6198,88206990.00,1F,00
6199,88208590.00,80,00
6200,88210190.00,0C,00
6201,88211790.00,00,00
6202,88213390.00,0F,00
6203,88214990.00,E1,00
6204,88216590.00,F6,00
6205,88218190.00,C6,00
6206,88219790.00,00,00
6207,88221390.00,00,00
6208,88222990.00,0F,00
6209,88224590.00,80,00
6210,88226190.00,1F,00
6211,88454940.00,42,00
6212,88456540.00,07,00
6213,88458140.00,80,00
6214,88459740.00,06,00
6215,88461340.00,00,00
6216,88462940.00,0B,00
6217,88464540.00,80,00
6218,88466140.00,04,00
6219,88467740.00,00,00
6220,88469340.00,06,00
6221,88470940.00,34,00
6222,88472540.00,D2,00
6223,88474140.00,42,00
6224,88475740.00,00,00
6225,88477340.00,00,00
6226,88478940.00,06,00
6227,88480540.00,00,00
6228,88482140.00,0B,00
6229,88710940.00,42,00
6230,88712540.00,07,00
6231,88714140.00,80,00
6232,88715740.00,06,00
6233,88717340.00,80,00
6234,88718940.00,0B,00
6235,88720540.00,80,00
6236,88722140.00,04,00
6237,88723740.00,00,00
6238,88725340.00,06,00
6239,88726940.00,68,00
6240,88728540.00,E2,00
6241,88730140.00,C2,00
6242,88731740.00,00,00
6243,88733340.00,00,00
6244,88734940.00,06,00
6245,88736540.00,80,00
6246,88738140.00,0B,00
6247,88966940.00,42,00
6248,88968540.00,07,00
6249,88970140.00,80,00
6250,88971740.00,06,00
6251,88973340.00,80,00
6252,88974940.00,0B,00
6253,88976540.00,80,00
6254,88978140.00,04,00
6255,88979740.00,00,00
6256,88981340.00,06,00
6257,88982940.00,68,00
6258,88984540.00,E2,00
6259,88986140.00,C2,00
6260,88987740.00,00,00
6261,88989340.00,00,00
6262,88990940.00,06,00
6263,88992540.00,80,00
6264,88994140.00,0B,00
6265,89222990.00,42,00
6266,89224590.00,07,00
6267,89226190.00,80,00
6268,89227790.00,06,00
6269,89229390.00,80,00
6270,89230990.00,0B,00
6271,89232590.00,80,00
6272,89234190.00,04,00
6273,89235790.00,00,00
6274,89237390.00,06,00
6275,89238990.00,68,00
6276,89240590.00,E2,00
6277,89242190.00,C2,00
6278,89243790.00,00,00
6279,89245390.00,00,00
6280,89246990.00,06,00
6281,89248590.00,80,00
6282,89250190.00,0B,00
6283,89478940.00,42,00
6284,89480540.00,07,00
6285,89482140.00,80,00
6286,89483740.00,06,00
6287,89485340.00,80,00
6288,89486940.00,0B,00
6289,89488540.00,80,00
6290,89490140.00,04,00
6291,89491740.00,00,00
6292,89493340.00,06,00
6293,89494940.00,68,00
6294,89496540.00,E2,00
6295,89498140.00,C2,00
6296,89499740.00,00,00
6297,89501340.00,00,00
6298,89502940.00,06,00
6299,89504540.00,80,00
6300,89506140.00,0B,00
6301,89734940.00,42,00
6302,89736540.00,07,00
6303,89738140.00,80,00
6304,89739740.00,06,00
6305,89741340.00,80,00
6306,89742940.00,0B,00
6307,89744540.00,80,00
6308,89746140.00,04,00
6309,89747740.00,00,00
6310,89749340.00,06,00
6311,89750940.00,68,00
6312,89752540.00,E2,00
6313,89754140.00,C2,00
6314,89755740.00,00,00
6315,89757340.00,00,00
6316,89758940.00,06,00
6317,89760540.00,80,00
6318,89762140.00,0B,00
6319,89990950.00,C6,00
6320,89992550.00,0F,00
6321,89994150.00,80,00
6322,89995750.00,0F,00
6323,89997350.00,80,00
6324,89998950.00,1F,00
6325,90000550.00,80,00
6326,90002150.00,0C,00
6327,90003750.00,00,00
6328,90005350.00,0F,00
6329,90006950.00,E1,00
6330,90008550.00,F6,00
6331,90010150.00,C2,00
6332,90011750.00,00,00
6333,90013350.00,00,00
6334,90014950.00,0F,00
6335,90016550.00,80,00
6336,90018150.00,1F,00
6337,90247000.00,42,00
6338,90248600.00,07,00
6339,90250200.00,80,00
6340,90251800.00,06,00
6341,90253400.00,80,00
6342,90255000.00,0B,00
6343,90256600.00,80,00
6344,90258200.00,04,00
6345,90259800.00,00,00
6346,90261400.00,06,00
6347,90263000.00,68,00
6348,90264600.00,E2,00
6349,90266200.00,C2,00
6350,90267800.00,00,00
6351,90269400.00,00,00
6352,90271000.00,06,00
6353,90272600.00,80,00
6354,90274200.00,0B,00
6355,90502950.00,42,00
6356,90504550.00,07,00
6357,90506150.00,80,00
6358,90507750.00,06,00
6359,90509350.00,80,00
6360,90510950.00,0B,00
6361,90512550.00,80,00
6362,90514150.00,03,00
6363,90515750.00,80,00
6364,90517350.00,06,00
6365,90518950.00,7E,00
6366,90520550.00,FA,00
6367,90522150.00,42,00
6368,90523750.00,00,00
6369,90525350.00,00,00
6370,90526950.00,06,00
6371,90528550.00,80,00
6372,90530150.00,0B,00
6373,90758950.00,42,00
6374,90760550.00,07,00
6375,90762150.00,80,00
6376,90763750.00,06,00
6377,90765350.00,80,00
6378,90766950.00,0B,00
6379,90768550.00,80,00
6380,90770150.00,04,00
6381,90771750.00,00,00
6382,90773350.00,06,00
6383,90774950.00,E0,00
6384,90776550.00,F2,00
6385,90778150.00,42,00
6386,90779750.00,00,00
6387,90781350.00,00,00
6388,90782950.00,06,00
6389,90784550.00,80,00
6390,90786150.00,0B,00
6391,91014950.00,42,00
6392,91016550.00,07,00
6393,91018150.00,80,00
6394,91019750.00,06,00
6395,91021350.00,80,00
6396,91022950.00,0B,00
6397,91024550.00,80,00
6398,91026150.00,04,00
6399,91027750.00,00,00
6400,91029350.00,06,00
6401,91030950.00,68,00
6402,91032550.00,E2,00
6403,91034150.00,C2,00
6404,91035750.00,00,00
6405,91037350.00,00,00
6406,91038950.00,06,00
6407,91040550.00,80,00
6408,91042150.00,0B,00
6409,91271000.00,42,00
6410,91272600.00,07,00
6411,91274200.00,80,00
6412,91275800.00,06,00
6413,91277400.00,80,00
6414,91279000.00,0B,00
6415,91280600.00,80,00
6416,91282200.00,04,00
6417,91283800.00,00,00
6418,91285400.00,06,00
6419,91287000.00,68,00
6420,91288600.00,E2,00
6421,91290200.00,C2,00
6422,91291800.00,00,00
6423,91293400.00,00,00
6424,91295000.00,06,00
6425,91296600.00,80,00
6426,91298200.00,0B,00
6427,91526950.00,42,00
6428,91528550.00,07,00
6429,91530150.00,80,00
6430,91531750.00,06,00
6431,91533350.00,80,00
6432,91534950.00,0B,00
6433,91536550.00,80,00
6434,91538150.00,04,00
6435,91539750.00,00,00
6436,91541350.00,06,00
6437,91542950.00,68,00
6438,91544550.00,E2,00
6439,91546150.00,C0,00
6440,91547760.00,00,00
6441,91549360.00,00,00
6442,91550950.00,06,00
6443,91552550.00,80,00
6444,91554160.00,0B,00
6445,91782960.00,C6,00
6446,91784560.00,0F,00
6447,91786160.00,80,00
6448,91787760.00,0F,00
6449,91789360.00,80,00
6450,91790960.00,1F,00
6451,91792560.00,80,00
6452,91794160.00,0C,00
6453,91795760.00,00,00
6454,91797360.00,0E,00
6455,91798960.00,F9,00
6456,91800560.00,E7,00
6457,91802160.00,C6,00
6458,91803760.00,00,00
6459,91805360.00,00,00
6460,91806960.00,0F,00
6461,91808560.00,80,00
6462,91810160.00,1F,00
6463,92038960.00,42,00
6464,92040560.00,07,00
6465,92042160.00,80,00
6466,92043760.00,06,00
6467,92045360.00,80,00
6468,92046960.00,0B,00
6469,92048560.00,80,00
6470,92050160.00,04,00
6471,92051760.00,00,00
6472,92053360.00,06,00
6473,92054960.00,68,00
6474,92056560.00,E2,00
6475,92058160.00,C2,00
6476,92059760.00,00,00
6477,92061360.00,00,00
6478,92062960.00,06,00
6479,92064560.00,80,00
6480,92066160.00,0B,00
6481,92295010.00,42,00
6482,92296610.00,07,00
6483,92298210.00,80,00
6484,92299810.00,06,00
6485,92301410.00,80,00
6486,92303010.00,0B,00
6487,92304610.00,80,00
6488,92306210.00,04,00
6489,92307810.00,00,00
6490,92309410.00,06,00
6491,92311010.00,68,00
6492,92312610.00,E2,00
6493,92314210.00,C2,00
6494,92315810.00,00,00
6495,92317410.00,00,00
6496,92319010.00,06,00
6497,92320610.00,80,00
6498,92322210.00,0B,00
6499,92550960.00,42,00
6500,92552560.00,07,00
6501,92554160.00,80,00
6502,92555760.00,06,00
6503,92557360.00,80,00
6504,92558960.00,0B,00
6505,92560560.00,80,00
6506,92562160.00,04,00
6507,92563760.00,00,00
6508,92565360.00,06,00
6509,92566960.00,E0,00
6510,92568560.00,F2,00
6511,92570160.00,42,00
6512,92571760.00,00,00
6513,92573360.00,00,00
6514,92574960.00,06,00
6515,92576560.00,80,00
6516,92578160.00,0B,00
6517,92806960.00,42,00
6518,92808560.00,07,00
6519,92810160.00,80,00
6520,92811760.00,06,00
6521,92813360.00,80,00
6522,92814960.00,0B,00
6523,92816560.00,80,00
6524,92818160.00,04,00
6525,92819760.00,00,00
6526,92821360.00,06,00
6527,92822960.00,68,00
6528,92824560.00,E2,00
6529,92826160.00,C2,00
6530,92827760.00,00,00
6531,92829360.00,00,00
6532,92830960.00,06,00
6533,92832560.00,80,00
6534,92834160.00,0B,00
6535,93062960.00,42,00
6536,93064560.00,07,00
6537,93066160.00,80,00
6538,93067760.00,06,00
6539,93069360.00,80,00
6540,93070960.00,0B,00
6541,93072560.00,80,00
6542,93074160.00,04,00
6543,93075760.00,00,00
6544,93077360.00,06,00
6545,93078960.00,E0,00
6546,93080560.00,F2,00
6547,93082160.00,42,00
6548,93083760.00,00,00
6549,93085360.00,00,00
6550,93086960.00,06,00
6551,93088560.00,80,00
6552,93090160.00,0B,00
6553,93319010.00,42,00
6554,93320610.00,07,00
6555,93322210.00,80,00
6556,93323810.00,06,00
6557,93325410.00,80,00
6558,93327010.00,1B,00
6559,93328610.00,80,00
6560,93330210.00,04,00
6561,93331810.00,00,00
6562,93333410.00,0E,00
6563,93335010.00,69,00
6564,93336620.00,E2,00
6565,93338210.00,C6,00
6566,93339810.00,00,00
6567,93341420.00,00,00
6568,93343010.00,06,00
6569,93344610.00,80,00
6570,93346210.00,0B,00
6571,93574970.00,C6,00
6572,93576570.00,0F,00
6573,93578170.00,80,00
6574,93579770.00,0F,00
6575,93581370.00,80,00
6576,93582970.00,1F,00
6577,93584570.00,80,00
6578,93586170.00,0C,00
6579,93587770.00,00,00
6580,93589370.00,0E,00
6581,93590970.00,F9,00
6582,93592570.00,E7,00
6583,93594170.00,C6,00
6584,93595770.00,00,00
6585,93597370.00,00,00
6586,93598970.00,0F,00
6587,93600570.00,80,00
6588,93602170.00,0F,00
6589,93830970.00,42,00
6590,93832570.00,07,00
6591,93834170.00,80,00
6592,93835770.00,06,00
6593,93837370.00,80,00
6594,93838970.00,0B,00
6595,93840570.00,80,00
6596,93842170.00,04,00
6597,93843770.00,00,00
6598,93845370.00,06,00
6599,93846970.00,68,00
6600,93848570.00,E2,00
6601,93850170.00,C2,00
6602,93851770.00,00,00
6603,93853370.00,00,00
6604,93854970.00,06,00
6605,93856570.00,80,00
6606,93858170.00,0B,00
6607,94086970.00,42,00
6608,94088570.00,07,00
6609,94090170.00,80,00
6610,94091770.00,06,00
6611,94093370.00,80,00
6612,94094970.00,0B,00
6613,94096570.00,80,00
6614,94098170.00,04,00
6615,94099770.00,00,00
6616,94101370.00,06,00
6617,94102970.00,68,00
6618,94104570.00,E2,00
6619,94106170.00,C2,00
6620,94107770.00,00,00
6621,94109370.00,00,00
6622,94110970.00,06,00
6623,94112570.00,80,00
6624,94114170.00,0B,00
6625,94343020.00,42,00
6626,94344620.00,07,00
6627,94346220.00,80,00
6628,94347820.00,06,00
6629,94349420.00,80,00
6630,94351020.00,0B,00
6631,94352620.00,80,00
6632,94354220.00,04,00
6633,94355820.00,00,00
6634,94357420.00,06,00
6635,94359020.00,68,00
6636,94360620.00,E2,00
6637,94362220.00,C2,00
6638,94363820.00,00,00
6639,94365420.00,00,00
6640,94367020.00,06,00
6641,94368620.00,80,00
6642,94370220.00,0B,00
6643,94598970.00,42,00
6644,94600570.00,07,00
6645,94602170.00,80,00
6646,94603770.00,06,00
6647,94605370.00,80,00
6648,94606970.00,0B,00
6649,94608570.00,80,00
6650,94610170.00,04,00
6651,94611770.00,00,00
6652,94613370.00,06,00
6653,94614970.00,68,00
6654,94616570.00,E2,00
6655,94618170.00,C2,00
6656,94619770.00,00,00
6657,94621370.00,00,00
6658,94622970.00,06,00
6659,94624570.00,80,00
6660,94626170.00,0B,00
6661,94854970.00,42,00
6662,94856570.00,07,00
6663,94858170.00,80,00
6664,94859770.00,06,00
6665,94861370.00,80,00
6666,94862970.00,0B,00
6667,94864570.00,80,00
6668,94866170.00,04,00
6669,94867770.00,00,00
6670,94869370.00,06,00
6671,94870970.00,E0,00
6672,94872570.00,F2,00
6673,94874170.00,42,00
6674,94875770.00,00,00
6675,94877370.00,00,00
6676,94878970.00,06,00
6677,94880570.00,80,00
6678,94882170.00,0B,00
6679,95110970.00,42,00
6680,95112570.00,07,00
6681,95114180.00,00,00
6682,95115780.00,06,00
6683,95117370.00,80,00
6684,95118970.00,1F,00
6685,95120570.00,80,00
6686,95122180.00,04,00
6687,95123770.00,00,00
6688,95125370.00,06,00
6689,95126970.00,61,00
6690,95128570.00,C2,00
6691,95130170.00,C6,00
6692,95131780.00,00,00
6693,95133370.00,00,00
6694,95134980.00,0E,00
6695,95136570.00,80,00
6696,95138180.00,1F,00
6697,95367030.00,C6,00
6698,95368630.00,0F,00
6699,95370230.00,80,00
6700,95371830.00,0F,00
6701,95373430.00,80,00
6702,95375030.00,1F,00
6703,95376630.00,80,00
6704,95378230.00,07,00
6705,95379830.00,80,00
6706,95381430.00,0E,00
6707,95383030.00,7E,00
6708,95384630.00,FE,00
6709,95386230.00,46,00
6710,95387830.00,00,00
6711,95389430.00,00,00
6712,95391030.00,06,00
6713,95392630.00,80,00
6714,95394230.00,0B,00
6715,95622980.00,42,00
6716,95624580.00,07,00
6717,95626180.00,80,00
6718,95627780.00,06,00
6719,95629380.00,80,00
6720,95630980.00,0B,00
6721,95632580.00,80,00
6722,95634180.00,03,00
6723,95635780.00,80,00
6724,95637380.00,06,00
6725,95638980.00,7E,00
6726,95640580.00,FA,00
6727,95642180.00,42,00
6728,95643780.00,00,00
6729,95645380.00,00,00
6730,95646980.00,06,00
6731,95648580.00,80,00
6732,95650180.00,0B,00
6733,95878980.00,42,00
6734,95880580.00,07,00
6735,95882180.00,80,00
6736,95883780.00,06,00
6737,95885380.00,80,00
6738,95886980.00,0B,00
6739,95888580.00,80,00
6740,95890180.00,03,00
6741,95891780.00,80,00
6742,95893380.00,06,00
6743,95894980.00,7E,00
6744,95896580.00,FA,00
6745,95898180.00,42,00
6746,95899780.00,00,00
6747,95901380.00,00,00
6748,95902980.00,06,00
6749,95904580.00,80,00
6750,95906180.00,0B,00
6751,96134980.00,42,00
6752,96136580.00,07,00
6753,96138180.00,80,00
6754,96139780.00,06,00
6755,96141380.00,80,00
6756,96142980.00,0B,00
6757,96144580.00,80,00
6758,96146180.00,04,00
6759,96147780.00,00,00
6760,96149380.00,06,00
6761,96150980.00,68,00
6762,96152580.00,E2,00
6763,96154180.00,C2,00
6764,96155780.00,00,00
6765,96157380.00,00,00
6766,96158980.00,06,00
6767,96160580.00,80,00
6768,96162180.00,0B,00
6769,96391030.00,42,00
6770,96392630.00,07,00
6771,96394230.00,80,00
6772,96395830.00,06,00
6773,96397430.00,80,00
6774,96399030.00,0B,00
6775,96400630.00,80,00
6776,96402230.00,04,00
6777,96403830.00,00,00
6778,96405430.00,06,00
6779,96407030.00,E0,00
6780,96408630.00,F2,00
6781,96410230.00,42,00
6782,96411830.00,00,00
6783,96413430.00,00,00
6784,96415030.00,06,00
6785,96416630.00,80,00
6786,96418230.00,0B,00
6787,96646980.00,42,00
6788,96648580.00,07,00
6789,96650180.00,80,00
6790,96651780.00,06,00
6791,96653380.00,80,00
6792,96654980.00,0B,00
6793,96656580.00,80,00
6794,96658180.00,04,00
6795,96659780.00,00,00
6796,96661380.00,06,00
6797,96662980.00,68,00
6798,96664580.00,E2,00
6799,96666180.00,C2,00
6800,96667780.00,00,00
6801,96669380.00,00,00
6802,96670980.00,06,00
6803,96672580.00,80,00
6804,96674180.00,0B,00
6805,96902980.00,42,00
6806,96904580.00,07,00
6807,96906190.00,80,00
6808,96907780.00,0E,00
6809,96909390.00,80,00
6810,96910980.00,0B,00
6811,96912580.00,80,00
6812,96914190.00,03,00
6813,96915790.00,80,00
6814,96917380.00,0C,00
6815,96918990.00,FE,00
6816,96920590.00,F4,00
6817,96922190.00,80,00
6818,96923790.00,00,00
6819,96925380.00,00,00
6820,96926990.00,05,00
6821,96928580.00,80,00
6822,96930190.00,1F,00
6823,97158990.00,C6,00
6824,97160590.00,0F,00
6825,97162190.00,80,00
6826,97163790.00,0F,00
6827,97165390.00,80,00
6828,97166990.00,1F,00
6829,97168590.00,80,00
6830,97170190.00,04,00
6831,97171790.00,00,00
6832,97173390.00,0F,00
6833,97174990.00,E1,00
6834,97176590.00,F2,00
6835,97178190.00,C6,00
6836,97179790.00,00,00
6837,97181390.00,00,00
6838,97182990.00,07,00
6839,97184590.00,80,00
6840,97186190.00,1F,00
6841,97414990.00,42,00
6842,97416590.00,07,00
6843,97418190.00,80,00
6844,97419790.00,06,00
6845,97421390.00,80,00
6846,97422990.00,0B,00
6847,97424590.00,80,00
6848,97426190.00,03,00
6849,97427790.00,80,00
6850,97429390.00,06,00
6851,97430990.00,7E,00
6852,97432590.00,FA,00
6853,97434190.00,42,00
6854,97435790.00,00,00
6855,97437390.00,00,00
6856,97438990.00,06,00
6857,97440590.00,80,00
6858,97442190.00,0B,00
6859,97670990.00,42,00
6860,97672590.00,07,00
6861,97674190.00,80,00
6862,97675790.00,06,00
6863,97677390.00,80,00
6864,97678990.00,0B,00
6865,97680590.00,80,00
6866,97682190.00,03,00
6867,97683790.00,80,00
6868,97685390.00,06,00
6869,97686990.00,7E,00
6870,97688590.00,FA,00
6871,97690190.00,42,00
6872,97691790.00,00,00
6873,97693390.00,00,00
6874,97694990.00,06,00
6875,97696590.00,80,00
6876,97698190.00,0B,00
6877,97926990.00,42,00
6878,97928590.00,07,00
6879,97930190.00,80,00
6880,97931790.00,06,00
6881,97933390.00,80,00
6882,97934990.00,0B,00
6883,97936590.00,80,00
6884,97938190.00,04,00
6885,97939790.00,00,00
6886,97941390.00,06,00
6887,97942990.00,68,00
6888,97944590.00,E2,00
6889,97946190.00,C2,00
6890,97947790.00,00,00
6891,97949390.00,00,00
6892,97950990.00,06,00
6893,97952590.00,80,00
6894,97954190.00,0B,00
6895,98182990.00,42,00
6896,98184590.00,07,00
6897,98186190.00,80,00
6898,98187790.00,06,00
6899,98189390.00,80,00
6900,98190990.00,0B,00
6901,98192590.00,80,00
6902,98194190.00,03,00
6903,98195790.00,80,00
6904,98197390.00,06,00
6905,98198990.00,7E,00
6906,98200590.00,FA,00
6907,98202190.00,42,00
6908,98203790.00,00,00
6909,98205390.00,00,00
6910,98206990.00,06,00
6911,98208590.00,80,00
6912,98210190.00,0B,00
6913,98438990.00,42,00
6914,98440590.00,07,00
6915,98442190.00,80,00
6916,98443790.00,06,00
6917,98445390.00,80,00
6918,98446990.00,0B,00
6919,98448590.00,80,00
6920,98450190.00,04,00
6921,98451790.00,00,00
6922,98453390.00,06,00
6923,98454990.00,68,00
6924,98456590.00,E2,00
6925,98458190.00,C2,00
6926,98459790.00,00,00
6927,98461390.00,00,00
6928,98462990.00,06,00
6929,98464590.00,80,00
6930,98466190.00,0B,00
6931,98694990.00,46,00
6932,98696600.00,0F,00
6933,98698200.00,80,00
6934,98699790.00,0F,00
6935,98701400.00,80,00
6936,98703000.00,1F,00
6937,98704600.00,00,00
6938,98706200.00,0C,00
6939,98707790.00,00,00
6940,98709400.00,0F,00
6941,98711000.00,C1,00
6942,98712600.00,F6,00
6943,98714200.00,C6,00
6944,98715800.00,00,00
6945,98717400.00,00,00
6946,98719000.00,0F,00
6947,98720600.00,80,00
6948,98722190.00,0B,00
6949,98951000.00,42,00
6950,98952600.00,07,00
6951,98954200.00,80,00
6952,98955800.00,07,00
6953,98957400.00,80,00
6954,98959000.00,0B,00
6955,98960600.00,80,00
6956,98962200.00,04,00
6957,98963800.00,00,00
6958,98965400.00,06,00
6959,98967000.00,78,00
6960,98968600.00,E2,00
6961,98970200.00,C2,00
6962,98971800.00,00,00
6963,98973400.00,00,00
6964,98975000.00,06,00
6965,98976600.00,80,00
6966,98978200.00,0F,00
6967,99207050.00,42,00
6968,99208650.00,07,00
6969,99210250.00,80,00
6970,99211850.00,06,00
6971,99213450.00,80,00
6972,99215050.00,0B,00
6973,99216650.00,80,00
6974,99218250.00,03,00
6975,99219850.00,80,00
6976,99221450.00,06,00
6977,99223050.00,7E,00
6978,99224650.00,FA,00
6979,99226250.00,42,00
6980,99227850.00,00,00
6981,99229450.00,00,00
6982,99231050.00,06,00
6983,99232650.00,80,00
6984,99234250.00,0B,00
6985,99463000.00,42,00
6986,99464600.00,07,00
6987,99466200.00,80,00
6988,99467800.00,06,00
6989,99469400.00,80,00
6990,99471000.00,0B,00
6991,99472600.00,80,00
6992,99474200.00,03,00
6993,99475800.00,80,00
6994,99477400.00,06,00
6995,99479000.00,7E,00
6996,99480600.00,FA,00
6997,99482200.00,42,00
6998,99483800.00,00,00
6999,99485400.00,00,00
7000,99487000.00,06,00
7001,99488600.00,80,00
7002,99490200.00,0B,00
7003,99719000.00,42,00
7004,99720600.00,07,00
7005,99722200.00,80,00
7006,99723800.00,06,00
7007,99725400.00,80,00
7008,99727000.00,0B,00
7009,99728600.00,80,00
7010,99730200.00,03,00
7011,99731800.00,80,00
7012,99733400.00,06,00
7013,99735000.00,7E,00
7014,99736600.00,FA,00
7015,99738200.00,42,00
7016,99739800.00,00,00
7017,99741400.00,00,00
7018,99743000.00,06,00
7019,99744600.00,80,00
7020,99746200.00,0B,00
7021,99975000.00,42,00
7022,99976600.00,07,00
7023,99978200.00,80,00
7024,99979800.00,06,00
7025,99981400.00,80,00
7026,99983000.00,0B,00
7027,99984600.00,80,00
7028,99986200.00,04,00
7029,99987800.00,00,00
7030,99989400.00,06,00
7031,99991000.00,68,00
7032,99992600.00,E2,00
7033,99994200.00,C2,00
7034,99995800.00,00,00
7035,99997400.00,00,00
7036,99999000.00,06,00
7037,100000600.00,80,00
7038,100002200.00,0B,00
7039,100231050.00,42,00
7040,100232650.00,07,00
7041,100234250.00,80,00
7042,100235850.00,06,00
7043,100237450.00,80,00
7044,100239050.00,0B,00
7045,100240650.00,80,00
7046,100242250.00,04,00
7047,100243850.00,00,00
7048,100245450.00,06,00
7049,100247050.00,68,00
7050,100248650.00,E2,00
7051,100250250.00,C2,00
7052,100251850.00,00,00
7053,100253450.00,00,00
7054,100255050.00,06,00
7055,100256650.00,80,00
7056,100258250.00,0B,00
7057,100487010.00,C6,00
7058,100488600.00,07,00
7059,100490200.00,80,00
7060,100491810.00,0F,00
7061,100493410.00,80,00
7062,100495010.00,07,00
7063,100496610.00,80,00
7064,100498210.00,0C,00
7065,100499810.00,00,00
7066,100501410.00,0F,00
7067,100503010.00,C1,00
7068,100504610.00,E6,00
7069,100506210.00,C6,00
7070,100507810.00,00,00
7071,100509410.00,00,00
7072,100511010.00,0D,00
7073,100512610.00,80,00
7074,100514210.00,17,00
7075,100743010.00,C6,00
7076,100744610.00,0F,00
7077,100746210.00,80,00
7078,100747810.00,06,00
7079,100749410.00,80,00
7080,100751010.00,0B,00
7081,100752610.00,00,00
7082,100754210.00,04,00
7083,100755810.00,00,00
7084,100757410.00,06,00
7085,100759010.00,B5,00
7086,100760610.00,DA,00
7087,100762210.00,C2,00
7088,100763810.00,00,00
7089,100765410.00,00,00
7090,100767010.00,06,00
7091,100768610.00,80,00
7092,100770210.00,0B,00
7093,100999010.00,42,00
7094,101000610.00,07,00
7095,101002210.00,80,00
7096,101003810.00,06,00
7097,101005410.00,80,00
7098,101007010.00,0B,00
7099,101008610.00,80,00
7100,101010210.00,04,00
7101,101011810.00,00,00
7102,101013410.00,06,00
7103,101015010.00,E0,00
7104,101016610.00,F2,00
7105,101018210.00,42,00
7106,101019810.00,00,00
7107,101021410.00,00,00
7108,101023010.00,06,00
7109,101024610.00,80,00
7110,101026210.00,0B,00
7111,101255060.00,42,00
7112,101256660.00,07,00
7113,101258260.00,80,00
7114,101259860.00,06,00
7115,101261460.00,80,00
7116,101263060.00,0B,00
7117,101264660.00,80,00
7118,101266260.00,04,00
7119,101267860.00,00,00
7120,101269460.00,06,00
7121,101271060.00,E0,00
7122,101272660.00,F2,00
7123,101274260.00,42,00
7124,101275860.00,00,00
7125,101277460.00,00,00
7126,101279060.00,06,00
7127,101280660.00,80,00
7128,101282260.00,0B,00
7129,101511010.00,42,00
7130,101512610.00,07,00
7131,101514210.00,80,00
7132,101515810.00,06,00
7133,101517410.00,80,00
7134,101519010.00,0B,00
7135,101520610.00,80,00
7136,101522210.00,04,00
7137,101523810.00,00,00
7138,101525410.00,06,00
7139,101527010.00,68,00
7140,101528610.00,E2,00
7141,101530210.00,C2,00
7142,101531810.00,00,00
7143,101533410.00,00,00
7144,101535010.00,06,00
7145,101536610.00,80,00
7146,101538210.00,0B,00
7147,101767010.00,42,00
7148,101768610.00,07,00
7149,101770210.00,80,00
7150,101771810.00,06,00
7151,101773410.00,80,00
7152,101775010.00,0B,00
7153,101776610.00,80,00
7154,101778210.00,04,00
7155,101779810.00,00,00
7156,101781410.00,06,00
7157,101783010.00,E0,00
7158,101784610.00,F2,00
7159,101786210.00,42,00
7160,101787810.00,00,00
7161,101789410.00,00,00
7162,101791010.00,06,00
7163,101792610.00,80,00
7164,101794210.00,0B,00
7165,102023010.00,42,00
7166,102024610.00,07,00
7167,102026210.00,80,00
7168,102027810.00,06,00
7169,102029410.00,80,00
7170,102031010.00,0B,00
7171,102032610.00,80,00
7172,102034210.00,04,00
7173,102035810.00,00,00
7174,102037410.00,06,00
7175,102039010.00,68,00
7176,102040610.00,E2,00
7177,102042210.00,C2,00
7178,102043810.00,00,00
7179,102045410.00,00,00
7180,102047010.00,06,00
7181,102048610.00,80,00
7182,102050210.00,0B,00
7183,102279070.00,C6,00
7184,102280670.00,0F,00
7185,102282270.00,80,00
7186,102283870.00,07,00
7187,102285470.00,80,00
7188,102287070.00,1F,00
7189,102288670.00,80,00
7190,102290270.00,0C,00
7191,102291870.00,00,00
7192,102293470.00,0E,00
7193,102295070.00,F9,00
7194,102296670.00,E7,00
7195,102298270.00,C6,00
7196,102299870.00,00,00
7197,102301470.00,00,00
7198,102303070.00,0F,00
7199,102304670.00,80,00
7200,102306270.00,1F,00
7201,102535020.00,C6,00
7202,102536620.00,0F,00
7203,102538220.00,80,00
7204,102539820.00,06,00
7205,102541420.00,80,00
7206,102543020.00,1B,00
7207,102544620.00,80,00
7208,102546220.00,04,00
7209,102547820.00,00,00
7210,102549420.00,06,00
7211,102551020.00,68,00
7212,102552620.00,E2,00
7213,102554220.00,C2,00
7214,102555820.00,00,00
7215,102557420.00,00,00
7216,102559020.00,06,00
7217,102560620.00,80,00
7218,102562220.00,0B,00
7219,102791020.00,42,00
7220,102792620.00,07,00
7221,102794220.00,80,00
7222,102795820.00,06,00
7223,102797420.00,80,00
7224,102799020.00,0B,00
7225,102800620.00,80,00
7226,102802220.00,04,00
7227,102803820.00,00,00
7228,102805420.00,06,00
7229,102807020.00,68,00
7230,102808620.00,E2,00
7231,102810220.00,C2,00
7232,102811820.00,00,00
7233,102813420.00,00,00
7234,102815020.00,06,00
7235,102816620.00,80,00
7236,102818220.00,0B,00
7237,103047020.00,42,00
7238,103048620.00,07,00
7239,103050220.00,80,00
7240,103051820.00,06,00
7241,103053420.00,80,00
7242,103055020.00,0B,00
7243,103056620.00,80,00
7244,103058220.00,04,00
7245,103059820.00,00,00
7246,103061420.00,06,00
7247,103063020.00,68,00
7248,103064620.00,E2,00
7249,103066220.00,C2,00
7250,103067820.00,00,00
7251,103069420.00,00,00
7252,103071020.00,06,00
7253,103072620.00,80,00
7254,103074220.00,0B,00
7255,103303070.00,42,00
7256,103304670.00,07,00
7257,103306270.00,80,00
7258,103307870.00,06,00
7259,103309470.00,80,00
7260,103311070.00,0B,00
7261,103312670.00,80,00
7262,103314270.00,04,00
7263,103315870.00,00,00
7264,103317470.00,06,00
7265,103319070.00,68,00
7266,103320670.00,E2,00
7267,103322270.00,C2,00
7268,103323870.00,00,00
7269,103325470.00,00,00
7270,103327070.00,06,00
7271,103328670.00,80,00
7272,103330270.00,0B,00
7273,103559020.00,42,00
7274,103560620.00,07,00
7275,103562220.00,80,00
7276,103563820.00,06,00
7277,103565420.00,80,00
7278,103567020.00,0B,00
7279,103568620.00,80,00
7280,103570220.00,04,00
7281,103571820.00,00,00
7282,103573420.00,06,00
7283,103575020.00,68,00
7284,103576620.00,E2,00
7285,103578220.00,C2,00
7286,103579820.00,00,00
7287,103581420.00,00,00
7288,103583020.00,06,00
7289,103584620.00,80,00
7290,103586220.00,0B,00
7291,103815020.00,42,00
7292,103816620.00,07,00
7293,103818220.00,80,00
7294,103819820.00,06,00
7295,103821420.00,80,00
7296,103823020.00,0B,00
7297,103824620.00,80,00
7298,103826220.00,04,00
7299,103827820.00,00,00
7300,103829420.00,06,00
7301,103831020.00,68,00
7302,103832620.00,E2,00
7303,103834220.00,C2,00
7304,103835820.00,00,00
7305,103837420.00,00,00
7306,103839020.00,06,00
7307,103840620.00,80,00
7308,103842220.00,0B,00
7309,104071030.00,C6,00
7310,104072630.00,0F,00
7311,104074230.00,80,00
7312,104075830.00,0F,00
7313,104077430.00,80,00
7314,104079030.00,1F,00
7315,104080630.00,80,00
7316,104082230.00,0C,00
7317,104083830.00,00,00
7318,104085430.00,0E,00
7319,104087030.00,F9,00
7320,104088630.00,E7,00
7321,104090230.00,C6,00
7322,104091830.00,00,00
7323,104093430.00,00,00
7324,104095030.00,0F,00
7325,104096630.00,80,00
7326,104098230.00,1F,00
7327,104327080.00,C2,00
7328,104328680.00,07,00
7329,104330280.00,80,00
7330,104331880.00,06,00
7331,104333480.00,80,00
7332,104335080.00,0B,00
7333,104336680.00,80,00
7334,104338280.00,04,00
7335,104339880.00,00,00
7336,104341480.00,06,00
7337,104343080.00,68,00
7338,104344680.00,E3,00
7339,104346280.00,C2,00
7340,104347880.00,00,00
7341,104349480.00,00,00
7342,104351080.00,06,00
7343,104352680.00,80,00
7344,104354280.00,0B,00
7345,104583030.00,42,00
7346,104584630.00,07,00
7347,104586230.00,80,00
7348,104587830.00,06,00
7349,104589430.00,80,00
7350,104591030.00,0B,00
7351,104592630.00,80,00
7352,104594230.00,04,00
7353,104595830.00,00,00
7354,104597430.00,06,00
7355,104599030.00,68,00
7356,104600630.00,E2,00
7357,104602230.00,C2,00
7358,104603830.00,00,00
7359,104605430.00,00,00
7360,104607030.00,06,00
7361,104608630.00,80,00
7362,104610230.00,0B,00
7363,104839030.00,42,00
7364,104840630.00,07,00
7365,104842230.00,80,00
7366,104843830.00,06,00
7367,104845430.00,80,00
7368,104847030.00,0B,00
7369,104848630.00,80,00
7370,104850230.00,04,00
7371,104851830.00,00,00
7372,104853430.00,06,00
7373,104855030.00,E0,00
7374,104856630.00,F2,00
7375,104858230.00,42,00
7376,104859830.00,00,00
7377,104861430.00,00,00
7378,104863030.00,06,00
7379,104864630.00,80,00
7380,104866230.00,0B,00
7381,105095030.00,42,00
7382,105096630.00,07,00
7383,105098230.00,80,00
7384,105099830.00,06,00
7385,105101430.00,80,00
7386,105103030.00,0B,00
7387,105104630.00,80,00
7388,105106230.00,03,00
7389,105107830.00,80,00
7390,105109430.00,06,00
7391,105111030.00,7E,00
7392,105112630.00,FA,00
7393,105114230.00,42,00
7394,105115830.00,00,00
7395,105117430.00,00,00
7396,105119030.00,06,00
7397,105120630.00,80,00
7398,105122230.00,0B,00
7399,105351080.00,42,00
7400,105352680.00,07,00
7401,105354280.00,80,00
7402,105355880.00,06,00
7403,105357480.00,80,00
7404,105359080.00,0B,00
7405,105360680.00,80,00
7406,105362280.00,03,00
7407,105363880.00,80,00
7408,105365480.00,06,00
7409,105367080.00,7E,00
7410,105368680.00,FA,00
7411,105370280.00,42,00
7412,105371880.00,00,00
7413,105373480.00,00,00
7414,105375080.00,06,00
7415,105376680.00,80,00
7416,105378280.00,0B,00
7417,105607030.00,42,00
7418,105608630.00,07,00
7419,105610230.00,80,00
7420,105611830.00,06,00
7421,105613430.00,80,00
7422,105615030.00,0B,00
7423,105616630.00,80,00
7424,105618230.00,03,00
7425,105619830.00,80,00
7426,105621430.00,06,00
7427,105623030.00,7E,00
7428,105624630.00,FC,00
7429,105626240.00,82,00
7430,105627830.00,00,00
7431,105629430.00,00,00
7432,105631030.00,06,00
7433,105632630.00,80,00
7434,105634230.00,0B,00
7435,105863040.00,C6,00
7436,105864640.00,0F,00
7437,105866240.00,80,00
7438,105867840.00,0F,00
7439,105869440.00,80,00
7440,105871040.00,1F,00
7441,105872640.00,80,00
7442,105874240.00,07,00
7443,105875840.00,80,00
7444,105877440.00,0E,00
7445,105879040.00,FF,00
7446,105880640.00,FE,00
7447,105882240.00,C6,00
7448,105883840.00,00,00
7449,105885440.00,00,00
7450,105887040.00,0F,00
7451,105888640.00,80,00
7452,105890240.00,1F,00
7453,106119040.00,42,00
7454,106120640.00,07,00
7455,106122240.00,80,00
7456,106123840.00,06,00
7457,106125440.00,80,00
7458,106127040.00,0B,00
7459,106128640.00,80,00
7460,106130240.00,03,00
7461,106131840.00,80,00
7462,106133440.00,06,00
7463,106135040.00,7E,00
7464,106136640.00,FA,00
7465,106138240.00,42,00
7466,106139840.00,00,00
7467,106141440.00,00,00
7468,106143040.00,06,00
7469,106144640.00,80,00
7470,106146240.00,0B,00
7471,106375090.00,42,00
7472,106376690.00,07,00
7473,106378290.00,80,00
7474,106379890.00,06,00
7475,106381490.00,80,00
7476,106383090.00,0B,00
7477,106384690.00,80,00
7478,106386290.00,04,00
7479,106387890.00,00,00
7480,106389490.00,06,00
7481,106391090.00,68,00
7482,106392690.00,E2,00
7483,106394290.00,C2,00
7484,106395890.00,00,00
7485,106397490.00,00,00
7486,106399090.00,06,00
7487,106400690.00,80,00
7488,106402290.00,0B,00
7489,106631040.00,42,00
7490,106632640.00,07,00
7491,106634240.00,80,00
7492,106635840.00,06,00
7493,106637440.00,80,00
7494,106639040.00,0B,00
7495,106640640.00,80,00
7496,106642240.00,04,00
7497,106643840.00,00,00
7498,106645440.00,06,00
7499,106647040.00,68,00
7500,106648640.00,E2,00
7501,106650240.00,C2,00
7502,106651840.00,00,00
7503,106653440.00,00,00
7504,106655040.00,06,00
7505,106656640.00,80,00
7506,106658240.00,0B,00
7507,106887040.00,42,00
7508,106888640.00,07,00
7509,106890240.00,80,00
7510,106891840.00,06,00
7511,106893440.00,80,00
7512,106895040.00,0B,00
7513,106896640.00,80,00
7514,106898240.00,04,00
7515,106899840.00,00,00
7516,106901440.00,06,00
7517,106903040.00,68,00
7518,106904640.00,E2,00
7519,106906240.00,C2,00
7520,106907840.00,00,00
7521,106909440.00,00,00
7522,106911040.00,06,00
7523,106912640.00,80,00
7524,106914240.00,0B,00
7525,107143040.00,42,00
7526,107144640.00,07,00
7527,107146240.00,80,00
7528,107147840.00,06,00
7529,107149440.00,80,00
7530,107151040.00,0B,00
7531,107152640.00,80,00
7532,107154240.00,04,00
7533,107155840.00,00,00
7534,107157440.00,06,00
7535,107159040.00,68,00
7536,107160640.00,E2,00
7537,107162240.00,C2,00
7538,107163840.00,00,00
7539,107165440.00,00,00
7540,107167040.00,06,00
7541,107168640.00,80,00
7542,107170240.00,0B,00
7543,107399090.00,42,00
7544,107400690.00,07,00
7545,107402290.00,80,00
7546,107403890.00,06,00
7547,107405490.00,80,00
7548,107407090.00,0B,00
7549,107408690.00,80,00
7550,107410290.00,04,00
7551,107411890.00,00,00
7552,107413500.00,06,00
7553,107415090.00,68,00
7554,107416690.00,E2,00
7555,107418290.00,C2,00
7556,107419890.00,00,00
7557,107421490.00,00,00
7558,107423090.00,06,00
7559,107424690.00,80,00
7560,107426290.00,1B,00
7561,107655050.00,C6,00
7562,107656650.00,0F,00
7563,107658250.00,80,00
7564,107659850.00,0F,00
7565,107661450.00,80,00
7566,107663050.00,1F,00
7567,107664650.00,80,00
7568,107666250.00,0C,00
7569,107667850.00,00,00
7570,107669450.00,0E,00
7571,107671050.00,F9,00
7572,107672650.00,E7,00
7573,107674250.00,C6,00
7574,107675850.00,00,00
7575,107677450.00,00,00
7576,107679050.00,0F,00
7577,107680650.00,80,00
7578,107682250.00,1F,00
7579,107911050.00,42,00
7580,107912650.00,07,00
7581,107914250.00,80,00
7582,107915850.00,06,00
7583,107917450.00,80,00
7584,107919050.00,0B,00
7585,107920650.00,80,00
7586,107922250.00,04,00
7587,107923850.00,00,00
7588,107925450.00,06,00
7589,107927050.00,68,00
7590,107928650.00,E2,00
7591,107930250.00,C2,00
7592,107931850.00,00,00
7593,107933450.00,00,00
7594,107935050.00,06,00
7595,107936650.00,80,00
7596,107938250.00,0B,00
7597,108167050.00,42,00
7598,108168650.00,07,00
7599,108170250.00,80,00
7600,108171850.00,06,00
7601,108173450.00,80,00
7602,108175050.00,0B,00
7603,108176650.00,80,00
7604,108178250.00,04,00
7605,108179850.00,00,00
7606,108181450.00,06,00
7607,108183050.00,68,00
7608,108184650.00,E2,00
7609,108186250.00,C2,00
7610,108187850.00,00,00
7611,108189450.00,00,00
7612,108191050.00,06,00
7613,108192650.00,80,00
7614,108194250.00,0B,00
7615,108423050.00,42,00
7616,108424650.00,07,00
7617,108426250.00,80,00
7618,108427850.00,06,00
7619,108429450.00,80,00
7620,108431050.00,0B,00
7621,108432650.00,80,00
7622,108434250.00,04,00
7623,108435850.00,00,00
7624,108437450.00,06,00
7625,108439050.00,68,00
7626,108440650.00,E2,00
7627,108442250.00,C2,00
7628,108443850.00,00,00
7629,108445450.00,00,00
7630,108447050.00,06,00
7631,108448650.00,80,00
7632,108450250.00,0B,00
7633,108679050.00,42,00
7634,108680650.00,07,00
7635,108682250.00,80,00
7636,108683850.00,06,00
7637,108685450.00,80,00
7638,108687050.00,0B,00
7639,108688650.00,80,00
7640,108690250.00,04,00
7641,108691850.00,00,00
7642,108693450.00,06,00
7643,108695050.00,68,00
7644,108696650.00,E2,00
7645,108698250.00,C2,00
7646,108699850.00,00,00
7647,108701450.00,00,00
7648,108703050.00,06,00
7649,108704650.00,80,00
7650,108706250.00,0B,00
7651,108935050.00,42,00
7652,108936650.00,07,00
7653,108938250.00,80,00
7654,108939850.00,06,00
7655,108941450.00,80,00
7656,108943050.00,0B,00
7657,108944650.00,80,00
7658,108946250.00,04,00
7659,108947850.00,00,00
7660,108949450.00,06,00
7661,108951050.00,68,00
7662,108952650.00,E2,00
7663,108954250.00,C2,00
7664,108955850.00,00,00
7665,108957450.00,00,00
7666,108959050.00,06,00
7667,108960650.00,80,00
7668,108962250.00,0B,00
7669,109191050.00,42,00
7670,109192650.00,07,00
7671,109194250.00,80,00
7672,109195860.00,06,00
7673,109197450.00,80,00
7674,109199050.00,0B,00
7675,109200650.00,80,00
7676,109202250.00,04,00
7677,109203850.00,00,00
7678,109205460.00,06,00
7679,109207050.00,E0,00
7680,109208650.00,F2,00
7681,109210260.00,C2,00
7682,109211850.00,00,00
7683,109213450.00,00,00
7684,109215050.00,06,00
7685,109216650.00,80,00
7686,109218260.00,1F,00
7687,109447060.00,C6,00
7688,109448660.00,0F,00
7689,109450260.00,80,00
7690,109451860.00,0F,00
7691,109453460.00,80,00
7692,109455060.00,1F,00
7693,109456660.00,80,00
7694,109458260.00,0C,00
7695,109459860.00,00,00
7696,109461460.00,0E,00
7697,109463060.00,F9,00
7698,109464660.00,E7,00
7699,109466260.00,C6,00
7700,109467860.00,00,00
7701,109469460.00,00,00
7702,109471060.00,0E,00
7703,109472660.00,80,00
7704,109474260.00,1F,00
7705,109703060.00,42,00
7706,109704660.00,07,00
7707,109706260.00,80,00
7708,109707860.00,06,00
7709,109709460.00,80,00
7710,109711060.00,0B,00
7711,109712660.00,80,00
7712,109714260.00,04,00
7713,109715860.00,00,00
7714,109717460.00,06,00
7715,109719060.00,68,00
7716,109720660.00,E2,00
7717,109722260.00,C2,00
7718,109723860.00,00,00
7719,109725460.00,00,00
7720,109727060.00,06,00
7721,109728660.00,80,00
7722,109730260.00,0B,00
7723,109959060.00,42,00
7724,109960660.00,07,00
7725,109962260.00,80,00
7726,109963860.00,06,00
7727,109965460.00,80,00
7728,109967060.00,0B,00
7729,109968660.00,80,00
7730,109970260.00,04,00
7731,109971860.00,00,00
7732,109973460.00,06,00
7733,109975060.00,68,00
7734,109976660.00,E2,00
7735,109978260.00,C2,00
7736,109979860.00,00,00
7737,109981460.00,00,00
7738,109983060.00,06,00
7739,109984660.00,80,00
7740,109986260.00,0B,00
7741,110215110.00,42,00
7742,110216710.00,07,00
7743,110218310.00,80,00
7744,110219910.00,06,00
7745,110221510.00,80,00
7746,110223110.00,0B,00
7747,110224710.00,80,00
7748,110226310.00,04,00
7749,110227910.00,00,00
7750,110229510.00,06,00
7751,110231110.00,68,00
7752,110232710.00,E2,00
7753,110234310.00,C2,00
7754,110235910.00,00,00
7755,110237510.00,00,00
7756,110239110.00,06,00
7757,110240710.00,80,00
7758,110242310.00,0B,00
7759,110471060.00,42,00
7760,110472660.00,07,00
7761,110474260.00,80,00
7762,110475860.00,06,00
7763,110477460.00,80,00
7764,110479060.00,0B,00
7765,110480660.00,80,00
7766,110482260.00,04,00
7767,110483860.00,00,00
7768,110485460.00,06,00
7769,110487060.00,68,00
7770,110488660.00,E2,00
7771,110490260.00,C2,00
7772,110491860.00,00,00
7773,110493460.00,00,00
7774,110495060.00,06,00
7775,110496660.00,80,00
7776,110498260.00,0B,00
7777,110727060.00,42,00
7778,110728660.00,07,00
7779,110730260.00,80,00
7780,110731860.00,06,00
7781,110733460.00,80,00
7782,110735060.00,0B,00
7783,110736660.00,80,00
7784,110738260.00,04,00
7785,110739860.00,00,00
7786,110741460.00,06,00
7787,110743060.00,68,00
7788,110744660.00,E2,00
7789,110746260.00,C2,00
7790,110747860.00,00,00
7791,110749460.00,00,00
7792,110751060.00,06,00
7793,110752660.00,80,00
7794,110754260.00,0B,00
7795,110983060.00,42,00
7796,110984660.00,07,00
7797,110986260.00,80,00
7798,110987860.00,06,00
7799,110989460.00,80,00
7800,110991060.00,1B,00
7801,110992660.00,80,00
7802,110994270.00,00,00
7803,110995870.00,00,00
7804,110997460.00,06,00
7805,110999070.00,D0,00
7806,111000660.00,E2,00
7807,111002270.00,86,00
7808,111003860.00,00,00
7809,111005470.00,00,00
7810,111007070.00,0F,00
7811,111008670.00,80,00
7812,111010260.00,1F,00
7813,111239120.00,C6,00
7814,111240720.00,0F,00
7815,111242320.00,80,00
7816,111243920.00,0F,00
7817,111245520.00,80,00
7818,111247120.00,1F,00
7819,111248720.00,80,00
7820,111250320.00,0C,00
7821,111251920.00,00,00
7822,111253520.00,0F,00
7823,111255120.00,E1,00
7824,111256720.00,F2,00
7825,111258320.00,C2,00
7826,111259920.00,00,00
7827,111261520.00,00,00
7828,111263120.00,0F,00
7829,111264720.00,80,00
7830,111266320.00,1F,00
7831,111495070.00,42,00
7832,111496670.00,07,00
7833,111498270.00,80,00
7834,111499870.00,06,00
7835,111501470.00,80,00
7836,111503070.00,0B,00
7837,111504670.00,80,00
7838,111506270.00,04,00
7839,111507870.00,00,00
7840,111509470.00,06,00
7841,111511070.00,68,00
7842,111512670.00,E2,00
7843,111514270.00,C2,00
7844,111515870.00,00,00
7845,111517470.00,00,00
7846,111519070.00,06,00
7847,111520670.00,80,00
7848,111522270.00,0B,00
7849,111751070.00,42,00
7850,111752670.00,07,00
7851,111754270.00,80,00
7852,111755870.00,06,00
7853,111757470.00,80,00
7854,111759070.00,0B,00
7855,111760670.00,80,00
7856,111762270.00,04,00
7857,111763870.00,00,00
7858,111765470.00,06,00
7859,111767070.00,68,00
7860,111768670.00,E2,00
7861,111770270.00,C2,00
7862,111771870.00,00,00
7863,111773470.00,00,00
7864,111775070.00,06,00
7865,111776670.00,80,00
7866,111778270.00,0B,00
7867,112007070.00,42,00
7868,112008670.00,07,00
7869,112010270.00,80,00
7870,112011870.00,06,00
7871,112013470.00,80,00
7872,112015070.00,0B,00
7873,112016670.00,80,00
7874,112018270.00,03,00
7875,112019870.00,80,00
7876,112021470.00,06,00
7877,112023070.00,7E,00
7878,112024670.00,FA,00
7879,112026270.00,42,00
7880,112027870.00,00,00
7881,112029470.00,00,00
7882,112031070.00,06,00
7883,112032670.00,80,00
7884,112034270.00,0B,00
7885,112263120.00,42,00
7886,112264720.00,07,00
7887,112266320.00,80,00
7888,112267920.00,06,00
7889,112269520.00,80,00
7890,112271120.00,0B,00
7891,112272720.00,80,00
7892,112274320.00,03,00
7893,112275920.00,80,00
7894,112277520.00,06,00
7895,112279120.00,7E,00
7896,112280720.00,FA,00
7897,112282320.00,42,00
7898,112283920.00,00,00
7899,112285520.00,00,00
7900,112287120.00,06,00
7901,112288720.00,80,00
7902,112290320.00,0B,00
7903,112519070.00,42,00
7904,112520670.00,07,00
7905,112522270.00,80,00
7906,112523870.00,06,00
7907,112525470.00,80,00
7908,112527070.00,0B,00
7909,112528670.00,80,00
7910,112530270.00,04,00
7911,112531870.00,00,00
7912,112533470.00,06,00
7913,112535070.00,68,00
7914,112536670.00,E2,00
7915,112538270.00,C2,00
7916,112539870.00,00,00
7917,112541470.00,00,00
7918,112543070.00,06,00
7919,112544670.00,80,00
7920,112546270.00,0B,00
7921,112775070.00,42,00
7922,112776680.00,0F,00
7923,112778270.00,80,00
7924,112779870.00,06,00
7925,112781470.00,80,00
7926,112783080.00,1B,00
7927,112784680.00,00,00
7928,112786270.00,08,00
7929,112787870.00,00,00
7930,112789480.00,0F,00
7931,112791080.00,C0,00
7932,112792670.00,E4,00
7933,112794270.00,40,00
7934,112795880.00,00,00
7935,112797470.00,00,00
7936,112799080.00,0E,00
7937,112800670.00,80,00
7938,112802280.00,13,00
7939,113031080.00,C6,00
7940,113032680.00,0F,00
7941,113034280.00,80,00
7942,113035880.00,0F,00
7943,113037480.00,80,00
7944,113039080.00,0F,00
7945,113040680.00,80,00
7946,113042280.00,0C,00
7947,113043880.00,00,00
7948,113045480.00,0F,00
7949,113047080.00,E1,00
7950,113048680.00,F2,00
7951,113050280.00,C2,00
7952,113051880.00,00,00
7953,113053480.00,00,00
7954,113055080.00,06,00
7955,113056680.00,80,00
7956,113058280.00,1F,00
7957,113287130.00,42,00
7958,113288730.00,07,00
7959,113290330.00,80,00
7960,113291930.00,06,00
7961,113293530.00,80,00
7962,113295130.00,0B,00
7963,113296730.00,80,00
7964,113298330.00,04,00
7965,113299930.00,00,00
7966,113301530.00,06,00
7967,113303130.00,E0,00
7968,113304730.00,F2,00
7969,113306330.00,42,00
7970,113307930.00,00,00
7971,113309530.00,00,00
7972,113311130.00,06,00
7973,113312730.00,80,00
7974,113314330.00,0B,00
7975,113543080.00,42,00
7976,113544680.00,07,00
7977,113546280.00,80,00
7978,113547880.00,06,00
7979,113549480.00,80,00
7980,113551080.00,0B,00
7981,113552680.00,80,00
7982,113554280.00,04,00
7983,113555880.00,00,00
7984,113557480.00,06,00
7985,113559080.00,68,00
7986,113560680.00,E2,00
7987,113562280.00,C2,00
7988,113563880.00,00,00
7989,113565480.00,00,00
7990,113567080.00,06,00
7991,113568680.00,80,00
7992,113570280.00,0B,00
7993,113799080.00,42,00
7994,113800680.00,07,00
7995,113802280.00,80,00
7996,113803880.00,06,00
7997,113805480.00,80,00
7998,113807080.00,0B,00
7999,113808680.00,80,00
8000,113810280.00,04,00
8001,113811880.00,00,00
8002,113813480.00,06,00
8003,113815080.00,68,00
8004,113816680.00,E2,00
8005,113818280.00,C2,00
8006,113819880.00,00,00
8007,113821480.00,00,00
8008,113823080.00,06,00
8009,113824680.00,80,00
8010,113826280.00,0B,00
8011,114055080.00,42,00
8012,114056680.00,07,00
8013,114058280.00,80,00
8014,114059880.00,06,00
8015,114061480.00,80,00
8016,114063080.00,0B,00
8017,114064680.00,80,00
8018,114066280.00,04,00
8019,114067880.00,00,00
8020,114069480.00,06,00
8021,114071080.00,68,00
8022,114072680.00,E2,00
8023,114074280.00,C2,00
8024,114075880.00,00,00
8025,114077480.00,00,00
8026,114079080.00,06,00
8027,114080680.00,80,00
8028,114082280.00,0B,00
8029,114311130.00,42,00
8030,114312730.00,07,00
8031,114314330.00,80,00
8032,114315930.00,06,00
8033,114317530.00,80,00
8034,114319130.00,0B,00
8035,114320730.00,80,00
8036,114322330.00,04,00
8037,114323930.00,00,00
8038,114325530.00,06,00
8039,114327130.00,E0,00
8040,114328730.00,F2,00
8041,114330330.00,42,00
8042,114331930.00,00,00
8043,114333530.00,00,00
8044,114335130.00,06,00
8045,114336730.00,80,00
8046,114338330.00,0B,00
8047,114567080.00,42,00
8048,114568690.00,07,00
8049,114570280.00,80,00
8050,114571880.00,0F,00
8051,114573490.00,80,00
8052,114575090.00,0B,00
8053,114576690.00,80,00
8054,114578290.00,04,00
8055,114579890.00,00,00
8056,114581490.00,06,00
8057,114583090.00,E9,00
8058,114584680.00,E7,00
8059,114586290.00,C4,00
8060,114587890.00,00,00
8061,114589490.00,00,00
8062,114591090.00,07,00
8063,114592690.00,80,00
8064,114594290.00,1B,00
8065,114823090.00,C6,00
8066,114824690.00,07,00
8067,114826290.00,80,00
8068,114827890.00,06,00
8069,114829490.00,80,00
8070,114831090.00,0F,00
8071,114832690.00,80,00
8072,114834290.00,0C,00
8073,114835890.00,00,00
8074,114837490.00,06,00
8075,114839090.00,F8,00
8076,114840690.00,E6,00
8077,114842290.00,C2,00
8078,114843890.00,00,00
8079,114845490.00,00,00
8080,114847090.00,07,00
8081,114848690.00,80,00
8082,114850290.00,0B,00
8083,115079090.00,42,00
8084,115080690.00,07,00
8085,115082290.00,80,00
8086,115083890.00,06,00
8087,115085490.00,80,00
8088,115087090.00,0B,00
8089,115088690.00,80,00
8090,115090290.00,04,00
8091,115091890.00,00,00
8092,115093490.00,06,00
8093,115095090.00,E0,00
8094,115096690.00,F2,00
8095,115098290.00,42,00
8096,115099890.00,00,00
8097,115101490.00,00,00
8098,115103090.00,06,00
8099,115104690.00,80,00
8100,115106290.00,0B,00
8101,115335140.00,42,00
8102,115336740.00,07,00
8103,115338340.00,80,00
8104,115339940.00,06,00
8105,115341540.00,80,00
8106,115343140.00,0B,00
8107,115344740.00,80,00
8108,115346340.00,04,00
8109,115347940.00,00,00
8110,115349540.00,06,00
8111,115351140.00,68,00
8112,115352740.00,E2,00
8113,115354340.00,C2,00
8114,115355940.00,00,00
8115,115357540.00,00,00
8116,115359140.00,06,00
8117,115360740.00,80,00
8118,115362340.00,0B,00
8119,115591090.00,42,00
8120,115592690.00,07,00
8121,115594290.00,80,00
8122,115595890.00,06,00
8123,115597490.00,80,00
8124,115599090.00,0B,00
8125,115600690.00,80,00
8126,115602290.00,04,00
8127,115603890.00,00,00
8128,115605490.00,06,00
8129,115607090.00,68,00
8130,115608690.00,E2,00
8131,115610290.00,C2,00
8132,115611890.00,00,00
8133,115613490.00,00,00
8134,115615090.00,06,00
8135,115616690.00,80,00
8136,115618290.00,0B,00
8137,115847090.00,42,00
8138,115848690.00,07,00
8139,115850290.00,80,00
8140,115851890.00,06,00
8141,115853490.00,80,00
8142,115855090.00,0B,00
8143,115856690.00,80,00
8144,115858290.00,04,00
8145,115859890.00,00,00
8146,115861490.00,06,00
8147,115863090.00,68,00
8148,115864690.00,E2,00
8149,115866290.00,C2,00
8150,115867890.00,00,00
8151,115869490.00,00,00
8152,115871090.00,06,00
8153,115872690.00,80,00
8154,115874290.00,0B,00
8155,116103090.00,42,00
8156,116104690.00,07,00
8157,116106290.00,80,00
8158,116107890.00,06,00
8159,116109490.00,80,00
8160,116111090.00,0B,00
8161,116112690.00,80,00
8162,116114290.00,04,00
8163,116115890.00,00,00
8164,116117490.00,06,00
8165,116119090.00,68,00
8166,116120690.00,E2,00
8167,116122290.00,C2,00
8168,116123890.00,00,00
8169,116125490.00,00,00
8170,116127090.00,06,00
8171,116128690.00,80,00
8172,116130290.00,0B,00
8173,116359150.00,C6,00
8174,116360750.00,07,00
8175,116362350.00,80,00
8176,116363950.00,0F,00
8177,116365550.00,80,00
8178,116367150.00,1F,00
8179,116368750.00,00,00
8180,116370350.00,0C,00
8181,116371950.00,00,00
8182,116373550.00,06,00
8183,116375150.00,F9,00
8184,116376750.00,E7,00
8185,116378350.00,C6,00
8186,116379950.00,00,00
8187,116381550.00,00,00
8188,116383140.00,0F,00
8189,116384750.00,00,00
8190,116386350.00,1F,00
8191,116615100.00,C6,00
8192,116616700.00,0F,00
8193,116618300.00,80,00
8194,116619900.00,06,00
8195,116621500.00,80,00
8196,116623100.00,1B,00
8197,116624700.00,80,00
8198,116626300.00,0C,00
8199,116627900.00,00,00
8200,116629500.00,06,00
8201,116631100.00,68,00
8202,116632700.00,E2,00
8203,116634300.00,C2,00
8204,116635900.00,00,00
8205,116637500.00,00,00
8206,116639100.00,06,00
8207,116640700.00,80,00
8208,116642300.00,0B,00
8209,116871100.00,42,00
8210,116872700.00,07,00
8211,116874300.00,80,00
8212,116875900.00,06,00
8213,116877500.00,80,00
8214,116879100.00,0B,00
8215,116880700.00,00,00
8216,116882300.00,04,00
8217,116883900.00,00,00
8218,116885500.00,06,00
8219,116887100.00,3D,00
8220,116888700.00,CA,00
8221,116890300.00,42,00
8222,116891900.00,00,00
8223,116893500.00,00,00
8224,116895100.00,06,00
8225,116896700.00,80,00
8226,116898300.00,0B,00
8227,117127100.00,42,00
8228,117128700.00,07,00
8229,117130300.00,80,00
8230,117131900.00,06,00
8231,117133500.00,80,00
8232,117135100.00,0B,00
8233,117136700.00,00,00
8234,117138300.00,04,00
8235,117139900.00,00,00
8236,117141500.00,06,00
8237,117143100.00,3D,00
8238,117144700.00,CA,00
8239,117146300.00,42,00
8240,117147900.00,00,00
8241,117149500.00,00,00
8242,117151100.00,06,00
8243,117152700.00,80,00
8244,117154300.00,0B,00
8245,117383150.00,42,00
8246,117384750.00,07,00
8247,117386350.00,80,00
8248,117387950.00,06,00
8249,117389550.00,80,00
8250,117391150.00,0B,00
8251,117392750.00,80,00
8252,117394350.00,04,00
8253,117395950.00,00,00
8254,117397550.00,06,00
8255,117399150.00,68,00
8256,117400750.00,E2,00
8257,117402350.00,C2,00
8258,117403950.00,00,00
8259,117405550.00,00,00
8260,117407150.00,06,00
8261,117408750.00,80,00
8262,117410350.00,0B,00
8263,117639100.00,42,00
8264,117640700.00,07,00
8265,117642300.00,80,00
8266,117643900.00,06,00
8267,117645500.00,80,00
8268,117647100.00,0B,00
8269,117648700.00,80,00
8270,117650300.00,04,00
8271,117651900.00,00,00
8272,117653500.00,06,00
8273,117655100.00,68,00
8274,117656700.00,E2,00
8275,117658300.00,C2,00
8276,117659900.00,00,00
8277,117661500.00,00,00
8278,117663100.00,06,00
8279,117664700.00,80,00
8280,117666300.00,0B,00
8281,117895100.00,42,00
8282,117896700.00,07,00
8283,117898300.00,80,00
8284,117899900.00,06,00
8285,117901500.00,80,00
8286,117903100.00,0B,00
8287,117904700.00,80,00
8288,117906300.00,04,00
8289,117907900.00,00,00
8290,117909500.00,06,00
8291,117911100.00,68,00
8292,117912700.00,E2,00
8293,117914300.00,C2,00
8294,117915900.00,00,00
8295,117917500.00,00,00
8296,117919100.00,06,00
8297,117920700.00,80,00
8298,117922300.00,0B,00
8299,118151110.00,C6,00
8300,118152710.00,0F,00
8301,118154310.00,80,00
8302,118155910.00,0F,00
8303,118157510.00,80,00
8304,118159110.00,1F,00
8305,118160710.00,00,00
8306,118162310.00,0C,00
8307,118163910.00,00,00
8308,118165510.00,0C,00
8309,118167110.00,F9,00
8310,118168700.00,C7,00
8311,118170310.00,C6,00
8312,118171910.00,00,00
8313,118173510.00,00,00
8314,118175110.00,0F,00
8315,118176710.00,80,00
8316,118178310.00,1F,00
8317,118407110.00,46,00
8318,118408710.00,0F,00
8319,118410310.00,80,00
8320,118411910.00,07,00
8321,118413510.00,80,00
8322,118415110.00,0B,00
8323,118416710.00,80,00
8324,118418310.00,04,00
8325,118419910.00,00,00
8326,118421510.00,06,00
8327,118423110.00,E0,00
8328,118424710.00,F2,00
8329,118426310.00,42,00
8330,118427910.00,00,00
8331,118429510.00,00,00
8332,118431110.00,06,00
8333,118432710.00,80,00
8334,118434310.00,0B,00
8335,118663110.00,42,00
8336,118664710.00,07,00
8337,118666310.00,80,00
8338,118667910.00,06,00
8339,118669510.00,80,00
8340,118671110.00,0B,00
8341,118672710.00,80,00
8342,118674310.00,04,00
8343,118675910.00,00,00
8344,118677510.00,06,00
8345,118679110.00,68,00
8346,118680710.00,E2,00
8347,118682310.00,C2,00
8348,118683910.00,00,00
8349,118685510.00,00,00
8350,118687110.00,06,00
8351,118688710.00,80,00
8352,118690310.00,0B,00
8353,118919110.00,42,00
8354,118920710.00,07,00
8355,118922310.00,80,00
8356,118923910.00,06,00
8357,118925510.00,80,00
8358,118927110.00,0B,00
8359,118928710.00,80,00
8360,118930310.00,04,00
8361,118931910.00,00,00
8362,118933510.00,06,00
8363,118935110.00,68,00
8364,118936710.00,E2,00
8365,118938310.00,C2,00
8366,118939910.00,00,00
8367,118941510.00,00,00
8368,118943110.00,06,00
8369,118944710.00,80,00
8370,118946310.00,0B,00
8371,119175110.00,42,00
8372,119176710.00,07,00
8373,119178310.00,80,00
8374,119179910.00,06,00
8375,119181510.00,80,00
8376,119183110.00,0B,00
8377,119184710.00,80,00
8378,119186310.00,04,00
8379,119187910.00,00,00
8380,119189510.00,06,00
8381,119191110.00,68,00
8382,119192710.00,E2,00
8383,119194310.00,C2,00
8384,119195910.00,00,00
8385,119197510.00,00,00
8386,119199110.00,06,00
8387,119200710.00,80,00
8388,119202310.00,0B,00
8389,119431110.00,42,00
8390,119432710.00,07,00
8391,119434310.00,80,00
8392,119435910.00,06,00
8393,119437510.00,80,00
8394,119439110.00,0B,00
8395,119440710.00,80,00
8396,119442310.00,04,00
8397,119443910.00,00,00
8398,119445510.00,06,00
8399,119447110.00,68,00
8400,119448710.00,E2,00
8401,119450310.00,C2,00
8402,119451910.00,00,00
8403,119453510.00,00,00
8404,119455110.00,06,00
8405,119456710.00,80,00
8406,119458310.00,0B,00
8407,119687110.00,42,00
8408,119688710.00,07,00
8409,119690310.00,80,00
8410,119691910.00,06,00
8411,119693510.00,80,00
8412,119695110.00,0B,00
8413,119696710.00,80,00
8414,119698310.00,04,00
8415,119699910.00,00,00
8416,119701510.00,06,00
8417,119703110.00,68,00
8418,119704710.00,E2,00
8419,119706310.00,C2,00
8420,119707910.00,00,00
8421,119709510.00,00,00
8422,119711110.00,06,00
8423,119712710.00,80,00
8424,119714310.00,0B,00
8425,119943120.00,C6,00
8426,119944720.00,0F,00
8427,119946320.00,80,00
8428,119947920.00,0F,00
8429,119949520.00,80,00
8430,119951120.00,1F,00
8431,119952720.00,80,00
8432,119954320.00,0C,00
8433,119955920.00,00,00
8434,119957520.00,0E,00
8435,119959120.00,F9,00
8436,119960720.00,E7,00
8437,119962320.00,C6,00
8438,119963920.00,00,00
8439,119965520.00,00,00
8440,119967120.00,0F,00
8441,119968720.00,80,00
8442,119970320.00,1F,00
8443,120199170.00,42,00
8444,120200770.00,07,00
8445,120202370.00,80,00
8446,120203970.00,06,00
8447,120205570.00,80,00
8448,120207170.00,0B,00
8449,120208770.00,80,00
8450,120210370.00,04,00
8451,120211970.00,00,00
8452,120213570.00,06,00
8453,120215170.00,E0,00
8454,120216770.00,F2,00
8455,120218370.00,42,00
8456,120219970.00,00,00
8457,120221570.00,00,00
8458,120223170.00,06,00
8459,120224770.00,80,00
8460,120226370.00,0B,00
8461,120455120.00,42,00
8462,120456720.00,07,00
8463,120458320.00,80,00
8464,120459920.00,06,00
8465,120461520.00,80,00
8466,120463120.00,0B,00
8467,120464720.00,80,00
8468,120466320.00,04,00
8469,120467920.00,00,00
8470,120469520.00,06,00
8471,120471120.00,68,00
8472,120472720.00,E2,00
8473,120474320.00,C2,00
8474,120475920.00,00,00
8475,120477520.00,00,00
8476,120479120.00,06,00
8477,120480720.00,80,00
8478,120482320.00,0B,00
8479,120711120.00,42,00
8480,120712720.00,07,00
8481,120714320.00,80,00
8482,120715920.00,06,00
8483,120717520.00,80,00
8484,120719120.00,0B,00
8485,120720720.00,80,00
8486,120722320.00,04,00
8487,120723920.00,00,00
8488,120725520.00,06,00
8489,120727120.00,68,00
8490,120728720.00,E2,00
8491,120730320.00,C2,00
8492,120731920.00,00,00
8493,120733520.00,00,00
8494,120735120.00,06,00
8495,120736720.00,80,00
8496,120738320.00,0B,00
8497,120967120.00,42,00
8498,120968720.00,07,00
8499,120970320.00,80,00
8500,120971920.00,06,00
8501,120973520.00,80,00
8502,120975120.00,0B,00
8503,120976720.00,80,00
8504,120978320.00,04,00
8505,120979920.00,00,00
8506,120981520.00,06,00
8507,120983120.00,68,00
8508,120984720.00,E2,00
8509,120986320.00,C2,00
8510,120987920.00,00,00
8511,120989520.00,00,00
8512,120991120.00,06,00
8513,120992720.00,80,00
8514,120994320.00,0B,00
8515,121223170.00,42,00
8516,121224770.00,07,00
8517,121226370.00,80,00
8518,121227970.00,06,00
8519,121229570.00,80,00
8520,121231170.00,0B,00
8521,121232770.00,80,00
8522,121234370.00,03,00
8523,121235970.00,80,00
8524,121237570.00,06,00
8525,121239170.00,7E,00
8526,121240770.00,FA,00
8527,121242370.00,42,00
8528,121243970.00,00,00
8529,121245570.00,00,00
8530,121247170.00,06,00
8531,121248770.00,80,00
8532,121250370.00,0B,00
8533,121479120.00,42,00
8534,121480720.00,07,00
8535,121482320.00,80,00
8536,121483920.00,06,00
8537,121485520.00,80,00
8538,121487120.00,0B,00
8539,121488720.00,80,00
8540,121490320.00,04,00
8541,121491920.00,00,00
8542,121493520.00,06,00
8543,121495120.00,68,00
8544,121496720.00,E2,00
8545,121498320.00,C2,00
8546,121499920.00,00,00
8547,121501520.00,00,00
8548,121503120.00,06,00
8549,121504730.00,00,00
8550,121506320.00,1F,00
8551,121735130.00,C6,00
8552,121736730.00,0F,00
8553,121738330.00,80,00
8554,121739930.00,0F,00
8555,121741530.00,80,00
8556,121743130.00,1F,00
8557,121744730.00,80,00
8558,121746330.00,0C,00
8559,121747930.00,00,00
8560,121749530.00,0F,00
8561,121751130.00,E1,00
8562,121752730.00,F6,00
8563,121754330.00,C6,00
8564,121755930.00,00,00
8565,121757530.00,00,00
8566,121759130.00,0F,00
8567,121760730.00,80,00
8568,121762330.00,1F,00
8569,121991130.00,42,00
8570,121992730.00,07,00
8571,121994330.00,80,00
8572,121995930.00,06,00
8573,121997530.00,80,00
8574,121999130.00,0B,00
8575,122000730.00,80,00
8576,122002330.00,04,00
8577,122003930.00,00,00
8578,122005530.00,06,00
8579,122007130.00,E0,00
8580,122008730.00,F2,00
8581,122010330.00,42,00
8582,122011930.00,00,00
8583,122013530.00,00,00
8584,122015130.00,06,00
8585,122016730.00,80,00
8586,122018330.00,0B,00
8587,122247180.00,42,00
8588,122248780.00,07,00
8589,122250380.00,80,00
8590,122251980.00,06,00
8591,122253580.00,80,00
8592,122255180.00,0B,00
8593,122256780.00,80,00
8594,122258380.00,04,00
8595,122259980.00,00,00
8596,122261580.00,06,00
8597,122263180.00,E0,00
8598,122264780.00,F2,00
8599,122266380.00,42,00
8600,122267980.00,00,00
8601,122269580.00,00,00
8602,122271180.00,06,00
8603,122272780.00,80,00
8604,122274380.00,0B,00
8605,122503130.00,42,00
8606,122504730.00,07,00
8607,122506330.00,80,00
8608,122507930.00,06,00
8609,122509530.00,80,00
8610,122511130.00,0B,00
8611,122512730.00,80,00
8612,122514330.00,04,00
8613,122515930.00,00,00
8614,122517530.00,06,00
8615,122519130.00,68,00
8616,122520730.00,E2,00
8617,122522330.00,C2,00
8618,122523930.00,00,00
8619,122525530.00,00,00
8620,122527130.00,06,00
8621,122528730.00,80,00
8622,122530330.00,0B,00
8623,122759130.00,42,00
8624,122760730.00,07,00
8625,122762330.00,80,00
8626,122763930.00,06,00
8627,122765530.00,80,00
8628,122767130.00,0B,00
8629,122768730.00,80,00
8630,122770330.00,04,00
8631,122771930.00,00,00
8632,122773530.00,06,00
8633,122775130.00,E0,00
8634,122776730.00,F2,00
8635,122778330.00,42,00
8636,122779930.00,00,00
8637,122781530.00,00,00
8638,122783130.00,06,00
8639,122784730.00,80,00
8640,122786330.00,0B,00
8641,123015130.00,42,00
8642,123016730.00,07,00
8643,123018330.00,80,00
8644,123019930.00,06,00
8645,123021530.00,80,00
8646,123023130.00,0B,00
8647,123024730.00,80,00
8648,123026330.00,03,00
8649,123027930.00,80,00
8650,123029530.00,06,00
8651,123031130.00,F6,00
8652,123032730.00,EA,00
8653,123034330.00,C2,00
8654,123035930.00,00,00
8655,123037530.00,00,00
8656,123039130.00,06,00
8657,123040730.00,80,00
8658,123042330.00,0B,00
8659,123271180.00,42,00
8660,123272780.00,07,00
8661,123274380.00,80,00
8662,123275980.00,06,00
8663,123277580.00,80,00
8664,123279180.00,0B,00
8665,123280780.00,80,00
8666,123282380.00,03,00
8667,123283980.00,80,00
8668,123285580.00,06,00
8669,123287180.00,F6,00
8670,123288780.00,EA,00
8671,123290380.00,C2,00
8672,123291980.00,00,00
8673,123293580.00,00,00
8674,123295180.00,06,00
8675,123296780.00,80,00
8676,123298380.00,0B,00
8677,123527140.00,C6,00
8678,123528740.00,0F,00
8679,123530340.00,80,00
8680,123531940.00,0F,00
8681,123533540.00,80,00
8682,123535140.00,1F,00
8683,123536740.00,80,00
8684,123538340.00,07,00
8685,123539940.00,80,00
8686,123541540.00,0F,00
8687,123543140.00,FF,00
8688,123544740.00,FF,00
8689,123546340.00,C6,00
8690,123547940.00,00,00
8691,123549540.00,00,00
8692,123551140.00,0F,00
8693,123552740.00,80,00
8694,123554340.00,1F,00
8695,123783140.00,42,00
8696,123784740.00,07,00
8697,123786340.00,80,00
8698,123787940.00,06,00
8699,123789540.00,80,00
8700,123791140.00,0B,00
8701,123792740.00,80,00
8702,123794340.00,03,00
8703,123795940.00,80,00
8704,123797540.00,06,00
8705,123799140.00,7E,00
8706,123800740.00,FA,00
8707,123802340.00,42,00
8708,123803940.00,00,00
8709,123805540.00,00,00
8710,123807140.00,06,00
8711,123808740.00,80,00
8712,123810340.00,0B,00
8713,124039140.00,42,00
8714,124040740.00,07,00
8715,124042340.00,80,00
8716,124043940.00,06,00
8717,124045540.00,80,00
8718,124047140.00,0B,00
8719,124048740.00,80,00
8720,124050340.00,04,00
8721,124051940.00,00,00
8722,124053540.00,06,00
8723,124055140.00,E0,00
8724,124056740.00,F2,00
8725,124058340.00,42,00
8726,124059940.00,00,00
8727,124061540.00,00,00
8728,124063140.00,06,00
8729,124064740.00,80,00
8730,124066340.00,0B,00
8731,124295190.00,42,00
8732,124296790.00,07,00
8733,124298390.00,80,00
8734,124299990.00,06,00
8735,124301590.00,80,00
8736,124303190.00,0B,00
8737,124304790.00,80,00
8738,124306390.00,04,00
8739,124307990.00,00,00
8740,124309590.00,06,00
8741,124311190.00,E0,00
8742,124312790.00,F2,00
8743,124314390.00,42,00
8744,124315990.00,00,00
8745,124317590.00,00,00
8746,124319190.00,06,00
8747,124320790.00,80,00
8748,124322390.00,0B,00
8749,124551140.00,42,00
8750,124552740.00,07,00
8751,124554340.00,80,00
8752,124555940.00,06,00
8753,124557540.00,80,00
8754,124559140.00,0B,00
8755,124560740.00,80,00
8756,124562340.00,04,00
8757,124563940.00,00,00
8758,124565540.00,06,00
8759,124567140.00,E0,00
8760,124568740.00,F2,00
8761,124570340.00,42,00
8762,124571940.00,00,00
8763,124573540.00,00,00
8764,124575140.00,06,00
8765,124576740.00,80,00
8766,124578340.00,0B,00
8767,124807140.00,42,00
8768,124808740.00,07,00
8769,124810340.00,80,00
8770,124811940.00,06,00
8771,124813540.00,80,00
8772,124815140.00,0B,00
8773,124816740.00,80,00
8774,124818340.00,04,00
8775,124819940.00,00,00
8776,124821540.00,06,00
8777,124823140.00,68,00
8778,124824740.00,E2,00
8779,124826340.00,C2,00
8780,124827940.00,00,00
8781,124829540.00,00,00
8782,124831140.00,06,00
8783,124832740.00,80,00
8784,124834340.00,0B,00
8785,125063140.00,42,00
8786,125064740.00,07,00
8787,125066340.00,80,00
8788,125067940.00,06,00
8789,125069540.00,80,00
8790,125071140.00,0B,00
8791,125072740.00,80,00
8792,125074340.00,04,00
8793,125075940.00,00,00
8794,125077540.00,06,00
8795,125079140.00,68,00
8796,125080740.00,E2,00
8797,125082340.00,C2,00
8798,125083940.00,00,00
8799,125085540.00,00,00
8800,125087140.00,06,00
8801,125088740.00,80,00
8802,125090340.00,0B,00
8803,125319200.00,C6,00
8804,125320800.00,0F,00
8805,125322400.00,80,00
8806,125324000.00,0F,00
8807,125325600.00,80,00
8808,125327200.00,1F,00
8809,125328800.00,80,00
8810,125330400.00,0C,00
8811,125332000.00,00,00
8812,125333600.00,0E,00
8813,125335200.00,F9,00
8814,125336800.00,E7,00
8815,125338400.00,C6,00
8816,125340000.00,00,00
8817,125341600.00,00,00
8818,125343200.00,0F,00
8819,125344800.00,80,00
8820,125346400.00,1F,00
8821,125575150.00,42,00
8822,125576750.00,07,00
8823,125578350.00,80,00
8824,125579950.00,06,00
8825,125581550.00,80,00
8826,125583150.00,0B,00
8827,125584750.00,80,00
8828,125586350.00,04,00
8829,125587950.00,00,00
8830,125589550.00,06,00
8831,125591150.00,68,00
8832,125592750.00,E2,00
8833,125594350.00,C2,00
8834,125595950.00,00,00
8835,125597550.00,00,00
8836,125599150.00,06,00
8837,125600750.00,80,00
8838,125602350.00,0B,00
8839,125831150.00,42,00
8840,125832750.00,07,00
8841,125834350.00,80,00
8842,125835950.00,06,00
8843,125837550.00,80,00
8844,125839150.00,0B,00
8845,125840750.00,80,00
8846,125842350.00,04,00
8847,125843950.00,00,00
8848,125845550.00,06,00
8849,125847150.00,68,00
8850,125848750.00,E2,00
8851,125850350.00,C2,00
8852,125851950.00,00,00
8853,125853550.00,00,00
8854,125855150.00,06,00
8855,125856750.00,80,00
8856,125858350.00,0B,00
8857,126087150.00,42,00
8858,126088750.00,07,00
8859,126090350.00,80,00
8860,126091950.00,06,00
8861,126093550.00,80,00
8862,126095150.00,0B,00
8863,126096750.00,80,00
8864,126098350.00,04,00
8865,126099950.00,00,00
8866,126101550.00,06,00
8867,126103150.00,68,00
8868,126104750.00,E2,00
8869,126106350.00,C2,00
8870,126107950.00,00,00
8871,126109550.00,00,00
8872,126111150.00,06,00
8873,126112750.00,80,00
8874,126114350.00,0B,00
8875,126343200.00,42,00
8876,126344800.00,07,00
8877,126346400.00,80,00
8878,126348000.00,06,00
8879,126349600.00,80,00
8880,126351200.00,0B,00
8881,126352800.00,80,00
8882,126354400.00,04,00
8883,126356000.00,00,00
8884,126357600.00,06,00
8885,126359200.00,E0,00
8886,126360800.00,F2,00
8887,126362400.00,42,00
8888,126364000.00,00,00
8889,126365600.00,00,00
8890,126367200.00,06,00
8891,126368800.00,80,00
8892,126370400.00,0B,00
8893,126599150.00,42,00
8894,126600750.00,07,00
8895,126602350.00,80,00
8896,126603950.00,06,00
8897,126605550.00,80,00
8898,126607150.00,0B,00
8899,126608750.00,80,00
8900,126610350.00,04,00
8901,126611950.00,00,00
8902,126613550.00,06,00
8903,126615150.00,E0,00
8904,126616750.00,F2,00
8905,126618350.00,42,00
8906,126619950.00,00,00
8907,126621550.00,00,00
8908,126623150.00,06,00
8909,126624750.00,80,00
8910,126626350.00,0B,00
8911,126855150.00,42,00
8912,126856750.00,07,00
8913,126858350.00,80,00
8914,126859960.00,06,00
8915,126861550.00,80,00
8916,126863150.00,0B,00
8917,126864750.00,80,00
8918,126866350.00,04,00
8919,126867950.00,00,00
8920,126869560.00,0D,00
8921,126871150.00,E0,00
8922,126872750.00,F6,00
8923,126874350.00,42,00
8924,126875950.00,00,00
8925,126877550.00,00,00
8926,126879160.00,06,00
8927,126880750.00,80,00
8928,126882350.00,0B,00
8929,127111160.00,C6,00
8930,127112760.00,0F,00
8931,127114360.00,80,00
8932,127115960.00,0F,00
8933,127117560.00,80,00
8934,127119160.00,0F,00
8935,127120760.00,80,00
8936,127122360.00,0C,00
8937,127123960.00,00,00
8938,127125560.00,0E,00
8939,127127160.00,F9,00
8940,127128760.00,E3,00
8941,127130360.00,C6,00
8942,127131960.00,00,00
8943,127133560.00,00,00
8944,127135160.00,0F,00
8945,127136760.00,80,00
8946,127138360.00,1F,00
8947,127367210.00,42,00
8948,127368810.00,07,00
8949,127370410.00,80,00
8950,127372010.00,06,00
8951,127373610.00,80,00
8952,127375210.00,0B,00
8953,127376810.00,00,00
8954,127378410.00,04,00
8955,127380010.00,00,00
8956,127381610.00,06,00
8957,127383210.00,3D,00
8958,127384810.00,CA,00
8959,127386410.00,42,00
8960,127388010.00,00,00
8961,127389610.00,00,00
8962,127391210.00,06,00
8963,127392810.00,80,00
8964,127394410.00,0B,00
8965,127623160.00,42,00
8966,127624760.00,07,00
8967,127626360.00,80,00
8968,127627960.00,06,00
8969,127629560.00,80,00
8970,127631160.00,0B,00
8971,127632760.00,80,00
8972,127634360.00,04,00
8973,127635960.00,00,00
8974,127637560.00,06,00
8975,127639160.00,68,00
8976,127640760.00,E2,00
8977,127642360.00,C2,00
8978,127643960.00,00,00
8979,127645560.00,00,00
8980,127647160.00,06,00
8981,127648760.00,80,00
8982,127650360.00,0B,00
8983,127879160.00,42,00
8984,127880760.00,07,00
8985,127882360.00,80,00
8986,127883960.00,06,00
8987,127885560.00,80,00
8988,127887160.00,0B,00
8989,127888760.00,80,00
8990,127890360.00,04,00
8991,127891960.00,00,00
8992,127893560.00,06,00
8993,127895160.00,68,00
8994,127896760.00,E2,00
8995,127898360.00,C2,00
8996,127899960.00,00,00
8997,127901560.00,00,00
8998,127903160.00,06,00
8999,127904760.00,80,00
9000,127906360.00,0B,00
9001,128135160.00,42,00
9002,128136760.00,07,00
9003,128138360.00,80,00
9004,128139960.00,06,00
9005,128141560.00,80,00
9006,128143160.00,0B,00
9007,128144760.00,80,00
9008,128146360.00,04,00
9009,128147960.00,00,00
9010,128149560.00,06,00
9011,128151160.00,E0,00
9012,128152760.00,F2,00
9013,128154360.00,42,00
9014,128155960.00,00,00
9015,128157560.00,00,00
9016,128159160.00,06,00
9017,128160760.00,80,00
9018,128162360.00,0B,00
9019,128391210.00,42,00
9020,128392810.00,07,00
9021,128394410.00,80,00
9022,128396010.00,06,00
9023,128397610.00,80,00
9024,128399210.00,0B,00
9025,128400810.00,00,00
9026,128402410.00,04,00
9027,128404010.00,00,00
9028,128405610.00,06,00
9029,128407210.00,B5,00
9030,128408810.00,DA,00
9031,128410410.00,C2,00
9032,128412010.00,00,00
9033,128413610.00,00,00
9034,128415210.00,06,00
9035,128416810.00,80,00
9036,128418410.00,0B,00
9037,128647160.00,42,00
9038,128648760.00,07,00
9039,128650370.00,80,00
9040,128651960.00,06,00
9041,128653560.00,80,00
9042,128655160.00,0B,00
9043,128656760.00,80,00
9044,128658370.00,0C,00
9045,128659960.00,00,00
9046,128661570.00,0E,00
9047,128663160.00,E0,00
9048,128664760.00,F0,00
9049,128666370.00,C6,00
9050,128667970.00,00,00
9051,128669570.00,00,00
9052,128671170.00,07,00
9053,128672770.00,00,00
9054,128674370.00,1B,00
9055,128903170.00,C6,00
9056,128904770.00,0F,00
9057,128906370.00,80,00
9058,128907970.00,0E,00
9059,128909570.00,80,00
9060,128911170.00,1F,00
9061,128912770.00,80,00
9062,128914370.00,0C,00
9063,128915970.00,00,00
9064,128917570.00,0F,00
9065,128919170.00,E1,00
9066,128920770.00,F2,00
9067,128922370.00,C6,00
9068,128923970.00,00,00
9069,128925570.00,00,00
9070,128927170.00,0F,00
9071,128928770.00,80,00
9072,128930370.00,1F,00
9073,129159170.00,42,00
9074,129160770.00,07,00
9075,129162370.00,80,00
9076,129163970.00,06,00
9077,129165570.00,80,00
9078,129167170.00,0B,00
9079,129168770.00,80,00
9080,129170370.00,04,00
9081,129171970.00,00,00
9082,129173570.00,06,00
9083,129175170.00,E0,00
9084,129176770.00,F2,00
9085,129178370.00,42,00
9086,129179970.00,00,00
9087,129181570.00,00,00
9088,129183170.00,06,00
9089,129184770.00,80,00
9090,129186370.00,0B,00
9091,129415170.00,42,00
9092,129416770.00,07,00
9093,129418370.00,80,00
9094,129419970.00,06,00
9095,129421570.00,80,00
9096,129423170.00,0B,00
9097,129424770.00,80,00
9098,129426370.00,04,00
9099,129427970.00,00,00
9100,129429570.00,06,00
9101,129431170.00,E0,00
9102,129432770.00,F2,00
9103,129434370.00,42,00
9104,129435970.00,00,00
9105,129437570.00,00,00
9106,129439170.00,06,00
9107,129440770.00,80,00
9108,129442370.00,0B,00
9109,129671170.00,42,00
9110,129672770.00,07,00
9111,129674370.00,80,00
9112,129675970.00,06,00
9113,129677570.00,80,00
9114,129679170.00,0B,00
9115,129680770.00,80,00
9116,129682370.00,04,00
9117,129683970.00,00,00
9118,129685570.00,06,00
9119,129687170.00,68,00
9120,129688770.00,E2,00
9121,129690370.00,C2,00
9122,129691970.00,00,00
9123,129693570.00,00,00
9124,129695170.00,06,00
9125,129696770.00,80,00
9126,129698370.00,0B,00
9127,129927170.00,42,00
9128,129928770.00,07,00
9129,129930370.00,80,00
9130,129931970.00,06,00
9131,129933570.00,80,00
9132,129935170.00,0B,00
9133,129936770.00,80,00
9134,129938370.00,04,00
9135,129939970.00,00,00
9136,129941570.00,06,00
9137,129943170.00,68,00
9138,129944770.00,E2,00
9139,129946370.00,C2,00
9140,129947970.00,00,00
9141,129949570.00,00,00
9142,129951170.00,06,00
9143,129952770.00,80,00
9144,129954370.00,0B,00
9145,130183170.00,42,00
9146,130184770.00,07,00
9147,130186370.00,80,00
9148,130187970.00,06,00
9149,130189570.00,80,00
9150,130191170.00,0B,00
9151,130192770.00,80,00
9152,130194370.00,04,00
9153,130195970.00,00,00
9154,130197570.00,06,00
9155,130199170.00,68,00
9156,130200770.00,E2,00
9157,130202370.00,C2,00
9158,130203970.00,00,00
9159,130205570.00,00,00
9160,130207170.00,06,00
9161,130208770.00,80,00
9162,130210370.00,0B,00
9163,130439170.00,42,00
9164,130440780.00,07,00
9165,130442380.00,80,00
9166,130443970.00,0C,00
9167,130445580.00,00,00
9168,130447170.00,17,00
9169,130448780.00,80,00
9170,130450370.00,04,00
9171,130451980.00,00,00
9172,130453580.00,0C,00
9173,130455180.00,D9,00
9174,130456780.00,E7,00
9175,130458380.00,86,00
9176,130459980.00,00,00
9177,130461570.00,00,00
9178,130463180.00,07,00
9179,130464770.00,80,00
9180,130466380.00,1F,00
9181,130695180.00,C6,00
9182,130696780.00,0F,00
9183,130698380.00,80,00
9184,130699980.00,0F,00
9185,130701580.00,80,00
9186,130703180.00,0F,00
9187,130704780.00,80,00
9188,130706380.00,0C,00
9189,130707980.00,00,00
9190,130709580.00,0E,00
9191,130711180.00,F8,00
9192,130712780.00,E2,00
9193,130714380.00,C2,00
9194,130715980.00,00,00
9195,130717580.00,00,00
9196,130719180.00,06,00
9197,130720780.00,80,00
9198,130722380.00,0F,00
9199,130951180.00,42,00
9200,130952780.00,07,00
9201,130954380.00,80,00
9202,130955980.00,06,00
9203,130957580.00,80,00
9204,130959180.00,0B,00
9205,130960780.00,80,00
9206,130962380.00,04,00
9207,130963980.00,00,00
9208,130965580.00,06,00
9209,130967180.00,68,00
9210,130968780.00,E2,00
9211,130970380.00,C2,00
9212,130971980.00,00,00
9213,130973580.00,00,00
9214,130975180.00,06,00
9215,130976780.00,80,00
9216,130978380.00,0B,00
9217,131207230.00,42,00
9218,131208830.00,07,00
9219,131210430.00,80,00
9220,131212030.00,06,00
9221,131213630.00,80,00
9222,131215230.00,0B,00
9223,131216830.00,80,00
9224,131218430.00,04,00
9225,131220030.00,00,00
9226,131221630.00,06,00
9227,131223230.00,E0,00
9228,131224830.00,F2,00
9229,131226430.00,42,00
9230,131228030.00,00,00
9231,131229630.00,00,00
9232,131231230.00,06,00
9233,131232830.00,80,00
9234,131234430.00,0B,00
9235,131463180.00,42,00
9236,131464780.00,07,00
9237,131466380.00,80,00
9238,131467980.00,06,00
9239,131469580.00,80,00
9240,131471180.00,0B,00
9241,131472780.00,80,00
9242,131474380.00,04,00
9243,131475980.00,00,00
9244,131477580.00,06,00
9245,131479180.00,E0,00
9246,131480780.00,F2,00
9247,131482380.00,42,00
9248,131483980.00,00,00
9249,131485580.00,00,00
9250,131487180.00,06,00
9251,131488780.00,80,00
9252,131490380.00,0B,00
9253,131719180.00,42,00
9254,131720780.00,07,00
9255,131722380.00,80,00
9256,131723980.00,06,00
9257,131725580.00,80,00
9258,131727180.00,0B,00
9259,131728780.00,80,00
9260,131730380.00,04,00
9261,131731980.00,00,00
9262,131733580.00,06,00
9263,131735180.00,E0,00
9264,131736780.00,F2,00
9265,131738380.00,42,00
9266,131739980.00,00,00
9267,131741580.00,00,00
9268,131743180.00,06,00
9269,131744780.00,80,00
9270,131746380.00,0B,00
9271,131975180.00,42,00
9272,131976780.00,07,00
9273,131978380.00,80,00
9274,131979980.00,06,00
9275,131981580.00,80,00
9276,131983180.00,0B,00
9277,131984780.00,80,00
9278,131986380.00,04,00
9279,131987980.00,00,00
9280,131989580.00,06,00
9281,131991180.00,68,00
9282,131992780.00,E2,00
9283,131994380.00,C2,00
9284,131995980.00,00,00
9285,131997580.00,00,00
9286,131999180.00,06,00
9287,132000780.00,80,00
9288,132002380.00,0B,00
9289,132231230.00,46,00
9290,132232840.00,07,00
9291,132234440.00,80,00
9292,132236040.00,07,00
9293,132237640.00,00,00
9294,132239240.00,1F,00
9295,132240840.00,00,00
9296,132242440.00,0C,00
9297,132244040.00,00,00
9298,132245630.00,0E,00
9299,132247240.00,F9,00
9300,132248840.00,E4,00
9301,132250430.00,C6,00
9302,132252040.00,00,00
9303,132253640.00,00,00
9304,132255240.00,0F,00
9305,132256840.00,80,00
9306,132258440.00,17,00
9307,132487190.00,46,00
9308,132488790.00,07,00
9309,132490390.00,80,00
9310,132491990.00,06,00
9311,132493590.00,80,00
9312,132495190.00,0B,00
9313,132496790.00,80,00
9314,132498390.00,04,00
9315,132499990.00,00,00
9316,132501590.00,06,00
9317,132503190.00,79,00
9318,132504790.00,E2,00
9319,132506390.00,C2,00
9320,132507990.00,00,00
9321,132509590.00,00,00
9322,132511190.00,07,00
9323,132512790.00,80,00
9324,132514390.00,0F,00
9325,132743190.00,42,00
9326,132744790.00,07,00
9327,132746390.00,80,00
9328,132747990.00,06,00
9329,132749590.00,80,00
9330,132751190.00,0B,00
9331,132752790.00,80,00
9332,132754390.00,04,00
9333,132755990.00,00,00
9334,132757590.00,06,00
9335,132759190.00,E0,00
9336,132760790.00,F2,00
9337,132762390.00,42,00
9338,132763990.00,00,00
9339,132765590.00,00,00
9340,132767190.00,06,00
9341,132768790.00,80,00
9342,132770390.00,0B,00
9343,132999190.00,42,00
9344,133000790.00,07,00
9345,133002390.00,80,00
9346,133003990.00,06,00
9347,133005590.00,80,00
9348,133007190.00,0B,00
9349,133008790.00,80,00
9350,133010390.00,04,00
9351,133011990.00,00,00
9352,133013590.00,06,00
9353,133015190.00,68,00
9354,133016790.00,E2,00
9355,133018390.00,C2,00
9356,133019990.00,00,00
9357,133021590.00,00,00
9358,133023190.00,06,00
9359,133024790.00,80,00
9360,133026390.00,0B,00
9361,133255240.00,42,00
9362,133256840.00,07,00
9363,133258440.00,80,00
9364,133260040.00,06,00
9365,133261640.00,80,00
9366,133263240.00,0B,00
9367,133264840.00,80,00
9368,133266440.00,04,00
9369,133268040.00,00,00
9370,133269640.00,06,00
9371,133271240.00,68,00
9372,133272840.00,E2,00
9373,133274440.00,C2,00
9374,133276040.00,00,00
9375,133277640.00,00,00
9376,133279240.00,06,00
9377,133280840.00,80,00
9378,133282440.00,0B,00
9379,133511190.00,42,00
9380,133512790.00,07,00
9381,133514390.00,80,00
9382,133515990.00,06,00
9383,133517590.00,80,00
9384,133519190.00,0B,00
9385,133520790.00,80,00
9386,133522390.00,04,00
9387,133523990.00,00,00
9388,133525590.00,06,00
9389,133527190.00,68,00
9390,133528790.00,E2,00
9391,133530390.00,C2,00
9392,133531990.00,00,00
9393,133533590.00,00,00
9394,133535190.00,06,00
9395,133536790.00,80,00
9396,133538390.00,0B,00
9397,133767190.00,42,00
9398,133768790.00,07,00
9399,133770390.00,80,00
9400,133771990.00,06,00
9401,133773590.00,80,00
9402,133775190.00,0B,00
9403,133776790.00,80,00
9404,133778390.00,04,00
9405,133779990.00,00,00
9406,133781590.00,06,00
9407,133783190.00,E0,00
9408,133784790.00,F2,00
9409,133786390.00,42,00
9410,133787990.00,00,00
9411,133789590.00,00,00
9412,133791190.00,06,00
9413,133792790.00,80,00
9414,133794390.00,0B,00
9415,134023190.00,42,00
9416,134024800.00,0F,00
9417,134026400.00,80,00
9418,134028000.00,0F,00
9419,134029590.00,80,00
9420,134031200.00,1F,00
9421,134032800.00,80,00
9422,134034400.00,0C,00
9423,134036000.00,00,00
9424,134037600.00,0F,00
9425,134039200.00,C1,00
9426,134040800.00,F6,00
9427,134042400.00,C6,00
9428,134044000.00,00,00
9429,134045600.00,00,00
9430,134047200.00,0F,00
9431,134048800.00,80,00
9432,134050400.00,1F,00
9433,134279250.00,C2,00
9434,134280850.00,07,00
9435,134282450.00,80,00
9436,134284050.00,06,00
9437,134285650.00,80,00
9438,134287250.00,0B,00
9439,134288850.00,80,00
9440,134290450.00,04,00
9441,134292050.00,00,00
9442,134293650.00,06,00
9443,134295250.00,E0,00
9444,134296850.00,F2,00
9445,134298450.00,42,00
9446,134300050.00,00,00
9447,134301650.00,00,00
9448,134303250.00,06,00
9449,134304850.00,80,00
9450,134306450.00,0B,00
9451,134535200.00,42,00
9452,134536800.00,07,00
9453,134538400.00,80,00
9454,134540000.00,06,00
9455,134541600.00,80,00
9456,134543200.00,0B,00
9457,134544800.00,80,00
9458,134546400.00,04,00
9459,134548000.00,00,00
9460,134549600.00,06,00
9461,134551200.00,68,00
9462,134552800.00,E2,00
9463,134554400.00,C2,00
9464,134556000.00,00,00
9465,134557600.00,00,00
9466,134559200.00,06,00
9467,134560800.00,80,00
9468,134562400.00,0B,00
9469,134791200.00,42,00
9470,134792800.00,07,00
9471,134794400.00,80,00
9472,134796000.00,06,00
9473,134797600.00,80,00
9474,134799200.00,0B,00
9475,134800800.00,80,00
9476,134802400.00,03,00
9477,134804000.00,80,00
9478,134805600.00,06,00
9479,134807200.00,7E,00
9480,134808800.00,FA,00
9481,134810400.00,42,00
9482,134812000.00,00,00
9483,134813600.00,00,00
9484,134815200.00,06,00
9485,134816800.00,80,00
9486,134818400.00,0B,00
9487,135047200.00,42,00
9488,135048800.00,07,00
9489,135050400.00,80,00
9490,135052000.00,06,00
9491,135053600.00,80,00
9492,135055200.00,0B,00
9493,135056800.00,80,00
9494,135058400.00,04,00
9495,135060000.00,00,00
9496,135061600.00,06,00
9497,135063200.00,68,00
9498,135064800.00,E2,00
9499,135066400.00,C2,00
9500,135068000.00,00,00
9501,135069600.00,00,00
9502,135071200.00,06,00
9503,135072800.00,80,00
9504,135074400.00,0B,00
9505,135303250.00,42,00
9506,135304850.00,07,00
9507,135306450.00,80,00
9508,135308050.00,06,00
9509,135309650.00,80,00
9510,135311250.00,0B,00
9511,135312850.00,80,00
9512,135314450.00,04,00
9513,135316050.00,00,00
9514,135317650.00,06,00
9515,135319250.00,E0,00
9516,135320850.00,F2,00
9517,135322450.00,42,00
9518,135324050.00,00,00
9519,135325650.00,00,00
9520,135327250.00,06,00
9521,135328850.00,80,00
9522,135330450.00,0B,00
9523,135559200.00,42,00
9524,135560800.00,07,00
9525,135562400.00,80,00
9526,135564000.00,06,00
9527,135565600.00,80,00
9528,135567200.00,0B,00
9529,135568800.00,80,00
9530,135570400.00,04,00
9531,135572000.00,00,00
9532,135573600.00,06,00
9533,135575200.00,68,00
9534,135576800.00,E2,00
9535,135578400.00,C2,00
9536,135580000.00,00,00
9537,135581600.00,00,00
9538,135583200.00,06,00
9539,135584800.00,80,00
9540,135586400.00,0B,00
9541,135815200.00,46,00
9542,135816810.00,0F,00
9543,135818410.00,80,00
9544,135820010.00,0F,00
9545,135821610.00,80,00
9546,135823210.00,1F,00
9547,135824810.00,80,00
9548,135826410.00,0C,00
9549,135828010.00,00,00
9550,135829610.00,0E,00
9551,135831210.00,F9,00
9552,135832810.00,E7,00
9553,135834410.00,C6,00
9554,135836010.00,00,00
9555,135837610.00,00,00
9556,135839210.00,0F,00
9557,135840810.00,80,00
9558,135842410.00,1F,00
9559,136071210.00,46,00
9560,136072810.00,0F,00
9561,136074410.00,80,00
9562,136076010.00,06,00
9563,136077610.00,80,00
9564,136079210.00,0B,00
9565,136080810.00,80,00
9566,136082410.00,04,00
9567,136084010.00,00,00
9568,136085610.00,06,00
9569,136087210.00,E0,00
9570,136088810.00,F2,00
9571,136090410.00,42,00
9572,136092010.00,00,00
9573,136093610.00,00,00
9574,136095210.00,06,00
9575,136096810.00,80,00
9576,136098410.00,0B,00
9577,136327260.00,42,00
9578,136328860.00,07,00
9579,136330460.00,80,00
9580,136332060.00,06,00
9581,136333660.00,80,00
9582,136335260.00,0B,00
9583,136336860.00,80,00
9584,136338460.00,04,00
9585,136340060.00,00,00
9586,136341660.00,06,00
9587,136343260.00,68,00
9588,136344860.00,E2,00
9589,136346460.00,C2,00
9590,136348060.00,00,00
9591,136349660.00,00,00
9592,136351260.00,06,00
9593,136352860.00,80,00
9594,136354460.00,0B,00
9595,136583210.00,42,00
9596,136584810.00,07,00
9597,136586410.00,80,00
9598,136588010.00,06,00
9599,136589610.00,80,00
9600,136591210.00,0B,00
9601,136592810.00,80,00
9602,136594410.00,04,00
9603,136596010.00,00,00
9604,136597610.00,06,00
9605,136599210.00,68,00
9606,136600810.00,E2,00
9607,136602410.00,C2,00
9608,136604010.00,00,00
9609,136605610.00,00,00
9610,136607210.00,06,00
9611,136608810.00,80,00
9612,136610410.00,0B,00
9613,136839210.00,42,00
9614,136840810.00,07,00
9615,136842410.00,80,00
9616,136844010.00,06,00
9617,136845610.00,80,00
9618,136847210.00,0B,00
9619,136848810.00,80,00
9620,136850410.00,04,00
9621,136852010.00,00,00
9622,136853610.00,06,00
9623,136855210.00,E0,00
9624,136856810.00,F2,00
9625,136858410.00,42,00
9626,136860010.00,00,00
9627,136861610.00,00,00
9628,136863210.00,06,00
9629,136864810.00,80,00
9630,136866410.00,0B,00
9631,137095210.00,42,00
9632,137096810.00,07,00
9633,137098410.00,80,00
9634,137100010.00,06,00
9635,137101610.00,80,00
9636,137103210.00,0B,00
9637,137104810.00,80,00
9638,137106410.00,04,00
9639,137108010.00,00,00
9640,137109610.00,06,00
9641,137111210.00,68,00
9642,137112810.00,E2,00
9643,137114410.00,C2,00
9644,137116010.00,00,00
9645,137117610.00,00,00
9646,137119210.00,06,00
9647,137120810.00,80,00
9648,137122410.00,0B,00
9649,137351260.00,42,00
9650,137352860.00,07,00
9651,137354460.00,80,00
9652,137356060.00,06,00
9653,137357660.00,80,00
9654,137359260.00,0B,00
9655,137360860.00,80,00
9656,137362460.00,04,00
9657,137364060.00,00,00
9658,137365660.00,06,00
9659,137367260.00,68,00
9660,137368860.00,E2,00
9661,137370460.00,C2,00
9662,137372060.00,00,00
9663,137373660.00,00,00
9664,137375260.00,06,00
9665,137376860.00,80,00
9666,137378460.00,0B,00
9667,137607210.00,46,00
9668,137608820.00,0F,00
9669,137610420.00,80,00
9670,137612020.00,0F,00
9671,137613620.00,80,00
9672,137615220.00,1F,00
9673,137616820.00,80,00
9674,137618420.00,0C,00
9675,137620020.00,00,00
9676,137621620.00,0F,00
9677,137623220.00,E1,00
9678,137624820.00,F6,00
9679,137626420.00,C6,00
9680,137628020.00,00,00
9681,137629620.00,00,00
9682,137631220.00,0F,00
9683,137632820.00,80,00
9684,137634420.00,1F,00
9685,137863220.00,42,00
9686,137864820.00,07,00
9687,137866420.00,80,00
9688,137868020.00,06,00
9689,137869620.00,80,00
9690,137871220.00,0B,00
9691,137872820.00,80,00
9692,137874420.00,04,00
9693,137876020.00,00,00
9694,137877620.00,06,00
9695,137879220.00,E0,00
9696,137880820.00,F2,00
9697,137882420.00,42,00
9698,137884020.00,00,00
9699,137885620.00,00,00
9700,137887220.00,06,00
9701,137888820.00,80,00
9702,137890420.00,0B,00
9703,138119220.00,42,00
9704,138120820.00,07,00
9705,138122420.00,80,00
9706,138124020.00,06,00
9707,138125620.00,80,00
9708,138127220.00,0B,00
9709,138128820.00,00,00
9710,138130420.00,04,00
9711,138132020.00,00,00
9712,138133620.00,06,00
9713,138135220.00,B5,00
9714,138136820.00,DA,00
9715,138138420.00,C2,00
9716,138140020.00,00,00
9717,138141620.00,00,00
9718,138143220.00,06,00
9719,138144820.00,80,00
9720,138146420.00,0B,00
9721,138375270.00,42,00
9722,138376870.00,07,00
9723,138378470.00,80,00
9724,138380070.00,06,00
9725,138381670.00,80,00
9726,138383270.00,0B,00
9727,138384870.00,80,00
9728,138386470.00,04,00
9729,138388070.00,00,00
9730,138389670.00,06,00
9731,138391270.00,E0,00
9732,138392870.00,F2,00
9733,138394470.00,42,00
9734,138396070.00,00,00
9735,138397670.00,00,00
9736,138399270.00,06,00
9737,138400870.00,80,00
9738,138402470.00,0B,00
9739,138631220.00,42,00
9740,138632820.00,07,00
9741,138634420.00,80,00
9742,138636020.00,06,00
9743,138637620.00,80,00
9744,138639220.00,0B,00
9745,138640820.00,80,00
9746,138642420.00,04,00
9747,138644020.00,00,00
9748,138645620.00,06,00
9749,138647220.00,68,00
9750,138648820.00,E2,00
9751,138650420.00,C2,00
9752,138652020.00,00,00
9753,138653620.00,00,00
9754,138655220.00,06,00
9755,138656820.00,80,00
9756,138658420.00,0B,00
9757,138887220.00,42,00
9758,138888820.00,07,00
9759,138890420.00,80,00
9760,138892020.00,06,00
9761,138893620.00,80,00
9762,138895220.00,0B,00
9763,138896820.00,80,00
9764,138898420.00,04,00
9765,138900020.00,00,00
9766,138901620.00,06,00
9767,138903220.00,E0,00
9768,138904820.00,F2,00
9769,138906420.00,42,00
9770,138908020.00,00,00
9771,138909620.00,00,00
9772,138911220.00,06,00
9773,138912820.00,80,00
9774,138914420.00,0B,00
9775,139143220.00,42,00
9776,139144820.00,07,00
9777,139146420.00,80,00
9778,139148020.00,06,00
9779,139149620.00,80,00
9780,139151220.00,0B,00
9781,139152820.00,80,00
9782,139154420.00,04,00
9783,139156020.00,00,00
9784,139157620.00,06,00
9785,139159220.00,E0,00
9786,139160820.00,F2,00
9787,139162420.00,46,00
9788,139164020.00,00,00
9789,139165620.00,00,00
9790,139167220.00,04,00
9791,139168820.00,80,00
9792,139170420.00,0B,00
9793,139399280.00,C6,00
9794,139400880.00,0F,00
9795,139402480.00,80,00
9796,139404080.00,0F,00
9797,139405680.00,80,00
9798,139407280.00,1F,00
9799,139408880.00,80,00
9800,139410480.00,0C,00
9801,139412080.00,00,00
9802,139413680.00,0E,00
9803,139415280.00,F9,00
9804,139416880.00,E7,00
9805,139418480.00,C6,00
9806,139420080.00,00,00
9807,139421680.00,00,00
9808,139423280.00,0F,00
9809,139424880.00,80,00
9810,139426480.00,1F,00
9811,139655230.00,42,00
9812,139656830.00,07,00
9813,139658430.00,80,00
9814,139660030.00,06,00
9815,139661630.00,80,00
9816,139663230.00,0B,00
9817,139664830.00,80,00
9818,139666430.00,04,00
9819,139668030.00,00,00
9820,139669630.00,06,00
9821,139671230.00,68,00
9822,139672830.00,E2,00
9823,139674430.00,C2,00
9824,139676030.00,00,00
9825,139677630.00,00,00
9826,139679230.00,06,00
9827,139680830.00,80,00
9828,139682430.00,0B,00
9829,139911230.00,42,00
9830,139912830.00,07,00
9831,139914430.00,80,00
9832,139916030.00,06,00
9833,139917630.00,80,00
9834,139919230.00,0B,00
9835,139920830.00,80,00
9836,139922430.00,04,00
9837,139924030.00,00,00
9838,139925630.00,06,00
9839,139927230.00,68,00
9840,139928830.00,E2,00
9841,139930430.00,C2,00
9842,139932030.00,00,00
9843,139933630.00,00,00
9844,139935230.00,06,00
9845,139936830.00,80,00
9846,139938430.00,0B,00
9847,140167230.00,42,00
9848,140168830.00,07,00
9849,140170430.00,80,00
9850,140172030.00,06,00
9851,140173630.00,80,00
9852,140175230.00,0B,00
9853,140176830.00,80,00
9854,140178430.00,04,00
9855,140180030.00,00,00
9856,140181630.00,06,00
9857,140183230.00,68,00
9858,140184830.00,E2,00
9859,140186430.00,C2,00
9860,140188030.00,00,00
9861,140189630.00,00,00
9862,140191230.00,06,00
9863,140192830.00,80,00
9864,140194430.00,0B,00
9865,140423230.00,42,00
9866,140424830.00,07,00
9867,140426430.00,80,00
9868,140428030.00,06,00
9869,140429630.00,80,00
9870,140431230.00,0B,00
9871,140432830.00,80,00
9872,140434430.00,04,00
9873,140436030.00,00,00
9874,140437630.00,06,00
9875,140439230.00,E0,00
9876,140440830.00,F2,00
9877,140442430.00,42,00
9878,140444030.00,00,00
9879,140445630.00,00,00
9880,140447230.00,06,00
9881,140448830.00,80,00
9882,140450430.00,0B,00
9883,140679230.00,42,00
9884,140680830.00,07,00
9885,140682430.00,80,00
9886,140684030.00,06,00
9887,140685630.00,80,00
9888,140687230.00,0B,00
9889,140688830.00,80,00
9890,140690430.00,04,00
9891,140692030.00,00,00
9892,140693630.00,06,00
9893,140695230.00,68,00
9894,140696830.00,E2,00
9895,140698430.00,C2,00
9896,140700030.00,00,00
9897,140701630.00,00,00
9898,140703230.00,06,00
9899,140704830.00,80,00
9900,140706430.00,0B,00
9901,140935230.00,42,00
9902,140936830.00,07,00
9903,140938430.00,80,00
9904,140940030.00,06,00
9905,140941630.00,80,00
9906,140943230.00,0B,00
9907,140944830.00,80,00
9908,140946430.00,04,00
9909,140948030.00,00,00
9910,140949630.00,06,00
9911,140951230.00,68,00
9912,140952830.00,E2,00
9913,140954430.00,C4,00
9914,140956040.00,00,00
9915,140957630.00,00,00
9916,140959230.00,04,00
9917,140960840.00,00,00
9918,140962430.00,0B,00
9919,141191240.00,C6,00
9920,141192840.00,0F,00
9921,141194440.00,80,00
9922,141196040.00,0F,00
9923,141197640.00,80,00
9924,141199240.00,1F,00
9925,141200840.00,80,00
9926,141202440.00,0C,00
9927,141204040.00,00,00
9928,141205640.00,0F,00
9929,141207240.00,E1,00
9930,141208840.00,F6,00
9931,141210440.00,46,00
9932,141212040.00,00,00
9933,141213640.00,00,00
9934,141215240.00,0F,00
9935,141216840.00,80,00
9936,141218440.00,1F,00
9937,141447240.00,42,00
9938,141448840.00,07,00
9939,141450440.00,80,00
9940,141452040.00,06,00
9941,141453640.00,80,00
9942,141455240.00,0B,00
9943,141456840.00,80,00
9944,141458440.00,04,00
9945,141460040.00,00,00
9946,141461640.00,06,00
9947,141463240.00,68,00
9948,141464840.00,E2,00
9949,141466440.00,C2,00
9950,141468040.00,00,00
9951,141469640.00,00,00
9952,141471240.00,06,00
9953,141472840.00,80,00
9954,141474440.00,0B,00
9955,141703240.00,42,00
9956,141704840.00,07,00
9957,141706440.00,80,00
9958,141708040.00,06,00
9959,141709640.00,80,00
9960,141711240.00,0B,00
9961,141712840.00,80,00
9962,141714440.00,04,00
9963,141716040.00,00,00
9964,141717640.00,06,00
9965,141719240.00,68,00
9966,141720840.00,E2,00
9967,141722440.00,C2,00
9968,141724040.00,00,00
9969,141725640.00,00,00
9970,141727240.00,06,00
9971,141728840.00,80,00
9972,141730440.00,0B,00
9973,141959240.00,42,00
9974,141960840.00,07,00
9975,141962440.00,80,00
9976,141964040.00,06,00
9977,141965640.00,80,00
9978,141967240.00,0B,00
9979,141968840.00,80,00
9980,141970440.00,04,00
9981,141972040.00,00,00
9982,141973640.00,06,00
9983,141975240.00,68,00
9984,141976840.00,E2,00
9985,141978440.00,C2,00
9986,141980040.00,00,00
9987,141981640.00,00,00
9988,141983240.00,06,00
9989,141984840.00,80,00
9990,141986440.00,0B,00
9991,142215290.00,42,00
9992,142216890.00,07,00
9993,142218490.00,80,00
9994,142220090.00,06,00
9995,142221690.00,80,00
9996,142223290.00,0B,00
9997,142224890.00,80,00
9998,142226490.00,04,00
9999,142228090.00,00,00
10000,142229690.00,06,00
10001,142231290.00,68,00
10002,142232890.00,E2,00
10003,142234490.00,C2,00
10004,142236090.00,00,00
10005,142237690.00,00,00
10006,142239290.00,06,00
10007,142240890.00,80,00
10008,142242490.00,0B,00
10009,142471240.00,42,00
10010,142472840.00,07,00
10011,142474440.00,80,00
10012,142476040.00,06,00
10013,142477640.00,80,00
10014,142479240.00,0B,00
10015,142480840.00,80,00
10016,142482440.00,04,00
10017,142484040.00,00,00
10018,142485640.00,06,00
10019,142487240.00,68,00
10020,142488840.00,E2,00
10021,142490440.00,C2,00
10022,142492040.00,00,00
10023,142493640.00,00,00
10024,142495240.00,06,00
10025,142496840.00,80,00
10026,142498440.00,0B,00
10027,142727240.00,46,00
10028,142728840.00,07,00
10029,142730440.00,80,00
10030,142732040.00,06,00
10031,142733640.00,80,00
10032,142735240.00,0B,00
10033,142736840.00,80,00
10034,142738440.00,04,00
10035,142740040.00,00,00
10036,142741650.00,06,00
10037,142743240.00,68,00
10038,142744840.00,E2,00
10039,142746440.00,C6,00
10040,142748050.00,00,00
10041,142749650.00,00,00
10042,142751250.00,06,00
10043,142752840.00,80,00
10044,142754450.00,0B,00
10045,142983250.00,C6,00
10046,142984850.00,0F,00
10047,142986450.00,80,00
10048,142988050.00,0F,00
10049,142989650.00,80,00
10050,142991250.00,1F,00
10051,142992850.00,80,00
10052,142994450.00,0C,00
10053,142996050.00,00,00
10054,142997650.00,0E,00
10055,142999250.00,F9,00
10056,143000850.00,E7,00
10057,143002450.00,C2,00
10058,143004050.00,00,00
10059,143005650.00,00,00
10060,143007250.00,0F,00
10061,143008850.00,80,00
10062,143010450.00,1F,00
10063,143239300.00,42,00
10064,143240900.00,07,00
10065,143242500.00,80,00
10066,143244100.00,06,00
10067,143245700.00,80,00
10068,143247300.00,0B,00
10069,143248900.00,80,00
10070,143250500.00,04,00
10071,143252100.00,00,00
10072,143253700.00,06,00
10073,143255300.00,68,00
10074,143256900.00,E2,00
10075,143258500.00,C2,00
10076,143260100.00,00,00
10077,143261700.00,00,00
10078,143263300.00,06,00
10079,143264900.00,80,00
10080,143266500.00,0B,00
10081,143495250.00,42,00
10082,143496850.00,07,00
10083,143498450.00,80,00
10084,143500050.00,06,00
10085,143501650.00,80,00
10086,143503250.00,0B,00
10087,143504850.00,00,00
10088,143506450.00,04,00
10089,143508050.00,00,00
10090,143509650.00,06,00
10091,143511250.00,B5,00
10092,143512850.00,DA,00
10093,143514450.00,C2,00
10094,143516050.00,00,00
10095,143517650.00,00,00
10096,143519250.00,06,00
10097,143520850.00,80,00
10098,143522450.00,0B,00
10099,143751250.00,42,00
10100,143752850.00,07,00
10101,143754450.00,80,00
10102,143756050.00,06,00
10103,143757650.00,80,00
10104,143759250.00,0B,00
10105,143760850.00,80,00
10106,143762450.00,04,00
10107,143764050.00,00,00
10108,143765650.00,06,00
10109,143767250.00,68,00
10110,143768850.00,E2,00
10111,143770450.00,C2,00
10112,143772050.00,00,00
10113,143773650.00,00,00
10114,143775250.00,06,00
10115,143776850.00,80,00
10116,143778450.00,0B,00
10117,144007250.00,42,00
10118,144008850.00,07,00
10119,144010450.00,80,00
10120,144012050.00,06,00
10121,144013650.00,80,00
10122,144015250.00,0B,00
10123,144016850.00,80,00
10124,144018450.00,04,00
10125,144020050.00,00,00
10126,144021650.00,06,00
10127,144023250.00,68,00
10128,144024850.00,E2,00
10129,144026450.00,C2,00
10130,144028050.00,00,00
10131,144029650.00,00,00
10132,144031250.00,06,00
10133,144032850.00,80,00
10134,144034450.00,0B,00
10135,144263300.00,42,00
10136,144264900.00,07,00
10137,144266500.00,80,00
10138,144268100.00,06,00
10139,144269700.00,80,00
10140,144271300.00,0B,00
10141,144272900.00,80,00
10142,144274500.00,04,00
10143,144276100.00,00,00
10144,144277700.00,06,00
10145,144279300.00,E0,00
10146,144280900.00,F2,00
10147,144282500.00,42,00
10148,144284100.00,00,00
10149,144285700.00,00,00
10150,144287300.00,06,00
10151,144288900.00,80,00
10152,144290500.00,0B,00
10153,144519250.00,42,00
10154,144520850.00,07,00
10155,144522450.00,80,00
10156,144524060.00,0F,00
10157,144525660.00,80,00
10158,144527260.00,0B,00
10159,144528850.00,80,00
10160,144530450.00,0C,00
10161,144532050.00,80,00
10162,144533650.00,07,00
10163,144535260.00,FE,00
10164,144536850.00,6A,00
10165,144538450.00,42,00
10166,144540060.00,00,00
10167,144541660.00,00,00
10168,144543250.00,06,00
10169,144544850.00,80,00
10170,144546450.00,1F,00
10171,144775260.00,C6,00
10172,144776860.00,0F,00
10173,144778460.00,80,00
10174,144780060.00,0F,00
10175,144781660.00,80,00
10176,144783260.00,1F,00
10177,144784860.00,80,00
10178,144786460.00,0C,00
10179,144788060.00,00,00
10180,144789660.00,0E,00
10181,144791260.00,F9,00
10182,144792860.00,E7,00
10183,144794460.00,C2,00
10184,144796060.00,00,00
10185,144797660.00,00,00
10186,144799260.00,0F,00
10187,144800860.00,80,00
10188,144802460.00,1B,00
10189,145031260.00,42,00
10190,145032860.00,07,00
10191,145034460.00,80,00
10192,145036060.00,06,00
10193,145037660.00,80,00
10194,145039260.00,0B,00
10195,145040860.00,80,00
10196,145042460.00,04,00
10197,145044060.00,00,00
10198,145045660.00,06,00
10199,145047260.00,68,00
10200,145048860.00,E2,00
10201,145050460.00,C2,00
10202,145052060.00,00,00
10203,145053660.00,00,00
10204,145055260.00,06,00
10205,145056860.00,80,00
10206,145058460.00,0B,00
10207,145287210.00,42,00
10208,145288810.00,07,00
10209,145290410.00,80,00
10210,145292010.00,06,00
10211,145293610.00,80,00
10212,145295210.00,0B,00
10213,145296810.00,80,00
10214,145298410.00,04,00
10215,145300010.00,00,00
10216,145301610.00,06,00
10217,145303210.00,68,00
10218,145304810.00,E2,00
10219,145306410.00,C2,00
10220,145308010.00,00,00
10221,145309610.00,00,00
10222,145311210.00,06,00
10223,145312810.00,80,00
10224,145314410.00,0B,00
10225,145543260.00,42,00
10226,145544860.00,07,00
10227,145546460.00,80,00
10228,145548060.00,06,00
10229,145549660.00,80,00
10230,145551260.00,0B,00
10231,145552860.00,80,00
10232,145554460.00,04,00
10233,145556060.00,00,00
10234,145557660.00,06,00
10235,145559260.00,68,00
10236,145560860.00,E2,00
10237,145562460.00,C2,00
10238,145564060.00,00,00
10239,145565660.00,00,00
10240,145567260.00,06,00
10241,145568860.00,80,00
10242,145570460.00,0B,00
10243,145799260.00,42,00
10244,145800860.00,07,00
10245,145802460.00,80,00
10246,145804060.00,06,00
10247,145805660.00,80,00
10248,145807260.00,0B,00
10249,145808860.00,80,00
10250,145810460.00,04,00
10251,145812060.00,00,00
10252,145813660.00,06,00
10253,145815260.00,68,00
10254,145816860.00,E2,00
10255,145818460.00,C2,00
10256,145820060.00,00,00
10257,145821660.00,00,00
10258,145823260.00,06,00
10259,145824860.00,80,00
10260,145826460.00,0B,00
10261,146055260.00,42,00
10262,146056860.00,07,00
10263,146058460.00,80,00
10264,146060060.00,06,00
10265,146061660.00,80,00
10266,146063260.00,0B,00
10267,146064860.00,80,00
10268,146066460.00,04,00
10269,146068060.00,00,00
10270,146069660.00,06,00
10271,146071260.00,E0,00
10272,146072860.00,F2,00
10273,146074460.00,42,00
10274,146076060.00,00,00
10275,146077660.00,00,00
10276,146079260.00,06,00
10277,146080860.00,80,00
10278,146082460.00,0B,00
10279,146311310.00,46,00
10280,146312920.00,07,00
10281,146314520.00,80,00
10282,146316110.00,0E,00
10283,146317710.00,80,00
10284,146319310.00,0F,00
10285,146320910.00,80,00
10286,146322520.00,0C,00
10287,146324120.00,00,00
10288,146325720.00,06,00
10289,146327320.00,D9,00
10290,146328920.00,E7,00
10291,146330520.00,C6,00
10292,146332120.00,00,00
10293,146333720.00,00,00
10294,146335320.00,0F,00
10295,146336920.00,80,00
10296,146338520.00,17,00
10297,146567270.00,C6,00
10298,146568870.00,0F,00
10299,146570470.00,80,00
10300,146572070.00,06,00
10301,146573670.00,80,00
10302,146575270.00,1B,00
10303,146576870.00,80,00
10304,146578470.00,0C,00
10305,146580070.00,00,00
10306,146581670.00,0E,00
10307,146583270.00,E0,00
10308,146584870.00,F2,00
10309,146586470.00,46,00
10310,146588070.00,00,00
10311,146589670.00,00,00
10312,146591270.00,06,00
10313,146592870.00,80,00
10314,146594470.00,0F,00
10315,146823270.00,42,00
10316,146824870.00,07,00
10317,146826470.00,80,00
10318,146828070.00,06,00
10319,146829670.00,80,00
10320,146831270.00,0B,00
10321,146832870.00,80,00
10322,146834470.00,04,00
10323,146836070.00,00,00
10324,146837670.00,06,00
10325,146839270.00,E0,00
10326,146840870.00,F2,00
10327,146842470.00,42,00
10328,146844070.00,00,00
10329,146845670.00,00,00
10330,146847270.00,06,00
10331,146848870.00,80,00
10332,146850470.00,0B,00
10333,147079270.00,42,00
10334,147080870.00,07,00
10335,147082470.00,80,00
10336,147084070.00,06,00
10337,147085670.00,80,00
10338,147087270.00,0B,00
10339,147088870.00,80,00
10340,147090470.00,04,00
10341,147092070.00,00,00
10342,147093670.00,06,00
10343,147095270.00,68,00
10344,147096870.00,E2,00
10345,147098470.00,C2,00
10346,147100070.00,00,00
10347,147101670.00,00,00
10348,147103270.00,06,00
10349,147104870.00,80,00
10350,147106470.00,0B,00
10351,147335320.00,42,00
10352,147336920.00,07,00
10353,147338520.00,80,00
10354,147340120.00,06,00
10355,147341720.00,80,00
10356,147343320.00,0B,00
10357,147344920.00,80,00
10358,147346520.00,03,00
10359,147348120.00,80,00
10360,147349720.00,06,00
10361,147351320.00,7E,00
10362,147352920.00,FA,00
10363,147354520.00,42,00
10364,147356120.00,00,00
10365,147357720.00,00,00
10366,147359320.00,06,00
10367,147360920.00,80,00
10368,147362520.00,0B,00
10369,147591270.00,42,00
10370,147592870.00,07,00
10371,147594470.00,80,00
10372,147596070.00,06,00
10373,147597670.00,80,00
10374,147599270.00,0B,00
10375,147600870.00,80,00
10376,147602470.00,04,00
10377,147604070.00,00,00
10378,147605670.00,06,00
10379,147607270.00,E0,00
10380,147608870.00,F2,00
10381,147610470.00,42,00
10382,147612070.00,00,00
10383,147613670.00,00,00
10384,147615270.00,06,00
10385,147616870.00,80,00
10386,147618470.00,0B,00
10387,147847270.00,42,00
10388,147848870.00,07,00
10389,147850470.00,80,00
10390,147852070.00,06,00
10391,147853670.00,80,00
10392,147855270.00,0B,00
10393,147856870.00,80,00
10394,147858470.00,04,00
10395,147860070.00,00,00
10396,147861670.00,06,00
10397,147863270.00,E0,00
10398,147864870.00,F2,00
10399,147866470.00,42,00
10400,147868070.00,00,00
10401,147869670.00,00,00
10402,147871270.00,06,00
10403,147872870.00,80,00
10404,147874470.00,0B,00
10405,148103270.00,42,00
10406,148104870.00,07,00
10407,148106480.00,80,00
10408,148108080.00,0F,00
10409,148109680.00,00,00
10410,148111280.00,1F,00
10411,148112870.00,80,00
10412,148114480.00,0C,00
10413,148116070.00,00,00
10414,148117680.00,0F,00
10415,148119280.00,E0,00
10416,148120870.00,F4,00
10417,148122480.00,C6,00
10418,148124080.00,00,00
10419,148125680.00,00,00
10420,148127280.00,0F,00
10421,148128880.00,80,00
10422,148130480.00,17,00
10423,148359330.00,C2,00
10424,148360930.00,0F,00
10425,148362530.00,80,00
10426,148364130.00,0F,00
10427,148365730.00,80,00
10428,148367330.00,0F,00
10429,148368930.00,80,00
10430,148370530.00,04,00
10431,148372130.00,00,00
10432,148373730.00,0E,00
10433,148375330.00,68,00
10434,148376930.00,E2,00
10435,148378530.00,C2,00
10436,148380130.00,00,00
10437,148381730.00,00,00
10438,148383330.00,0E,00
10439,148384930.00,80,00
10440,148386530.00,0F,00
10441,148615280.00,42,00
10442,148616880.00,07,00
10443,148618480.00,80,00
10444,148620080.00,06,00
10445,148621680.00,80,00
10446,148623280.00,0B,00
10447,148624880.00,80,00
10448,148626480.00,04,00
10449,148628080.00,00,00
10450,148629680.00,06,00
10451,148631280.00,E0,00
10452,148632880.00,F2,00
10453,148634480.00,42,00
10454,148636080.00,00,00
10455,148637680.00,00,00
10456,148639280.00,06,00
10457,148640880.00,80,00
10458,148642480.00,0B,00
10459,148871280.00,42,00
10460,148872880.00,07,00
10461,148874480.00,80,00
10462,148876080.00,06,00
10463,148877680.00,80,00
10464,148879280.00,0B,00
10465,148880880.00,80,00
10466,148882480.00,04,00
10467,148884080.00,00,00
10468,148885680.00,06,00
10469,148887280.00,E0,00
10470,148888880.00,F2,00
10471,148890480.00,42,00
10472,148892080.00,00,00
10473,148893680.00,00,00
10474,148895280.00,06,00
10475,148896880.00,80,00
10476,148898480.00,0B,00
10477,149127280.00,42,00
10478,149128880.00,07,00
10479,149130480.00,80,00
10480,149132080.00,06,00
10481,149133680.00,80,00
10482,149135280.00,0B,00
10483,149136880.00,80,00
10484,149138480.00,04,00
10485,149140080.00,00,00
10486,149141680.00,06,00
10487,149143280.00,E0,00
10488,149144880.00,F2,00
10489,149146480.00,42,00
10490,149148080.00,00,00
10491,149149680.00,00,00
10492,149151280.00,06,00
10493,149152880.00,80,00
10494,149154480.00,0B,00
10495,149383330.00,42,00
10496,149384930.00,07,00
10497,149386530.00,80,00
10498,149388130.00,06,00
10499,149389730.00,80,00
10500,149391330.00,0B,00
10501,149392930.00,80,00
10502,149394530.00,04,00
10503,149396130.00,00,00
10504,149397730.00,06,00
10505,149399330.00,E0,00
10506,149400930.00,F2,00
10507,149402530.00,42,00
10508,149404130.00,00,00
10509,149405730.00,00,00
10510,149407330.00,06,00
10511,149408930.00,80,00
10512,149410530.00,0B,00
10513,149639280.00,42,00
10514,149640880.00,07,00
10515,149642480.00,80,00
10516,149644080.00,06,00
10517,149645680.00,80,00
10518,149647280.00,0B,00
10519,149648880.00,80,00
10520,149650480.00,04,00
10521,149652080.00,00,00
10522,149653680.00,06,00
10523,149655280.00,E0,00
10524,149656880.00,F2,00
10525,149658480.00,42,00
10526,149660080.00,00,00
10527,149661680.00,00,00
10528,149663280.00,06,00
10529,149664880.00,80,00
10530,149666480.00,0B,00
10531,149895280.00,46,00
10532,149896890.00,0F,00
10533,149898490.00,80,00
10534,149900090.00,07,00
10535,149901690.00,80,00
10536,149903290.00,1F,00
10537,149904890.00,80,00
10538,149906490.00,0C,00
10539,149908090.00,00,00
10540,149909690.00,0E,00
10541,149911290.00,F9,00
10542,149912890.00,E7,00
10543,149914490.00,86,00
10544,149916090.00,00,00
10545,149917690.00,00,00
10546,149919290.00,0F,00
10547,149920890.00,80,00
10548,149922490.00,1F,00
10549,150151290.00,C6,00
10550,150152890.00,07,00
10551,150154490.00,80,00
10552,150156090.00,06,00
10553,150157690.00,80,00
10554,150159290.00,0B,00
10555,150160890.00,80,00
10556,150162490.00,04,00
10557,150164090.00,00,00
10558,150165690.00,06,00
10559,150167290.00,68,00
10560,150168890.00,E2,00
10561,150170490.00,C2,00
10562,150172090.00,00,00
10563,150173690.00,00,00
10564,150175290.00,06,00
10565,150176890.00,80,00
10566,150178490.00,0B,00
10567,150407290.00,42,00
10568,150408890.00,07,00
10569,150410490.00,80,00
10570,150412090.00,06,00
10571,150413690.00,80,00
10572,150415290.00,0B,00
10573,150416890.00,80,00
10574,150418490.00,04,00
10575,150420090.00,00,00
10576,150421690.00,06,00
10577,150423290.00,68,00
10578,150424890.00,E2,00
10579,150426490.00,C2,00
10580,150428090.00,00,00
10581,150429690.00,00,00
10582,150431290.00,06,00
10583,150432890.00,80,00
10584,150434490.00,0B,00
10585,150663290.00,42,00
10586,150664890.00,07,00
10587,150666490.00,80,00
10588,150668090.00,06,00
10589,150669690.00,80,00
10590,150671290.00,0B,00
10591,150672890.00,00,00
10592,150674490.00,04,00
10593,150676090.00,00,00
10594,150677690.00,06,00
10595,150679290.00,3D,00
10596,150680890.00,CA,00
10597,150682490.00,42,00
10598,150684090.00,00,00
10599,150685690.00,00,00
10600,150687290.00,06,00
10601,150688890.00,80,00
10602,150690490.00,0B,00
10603,150919290.00,42,00
10604,150920890.00,07,00
10605,150922490.00,80,00
10606,150924090.00,06,00
10607,150925690.00,80,00
10608,150927290.00,0B,00
10609,150928890.00,00,00
10610,150930490.00,04,00
10611,150932090.00,00,00
10612,150933690.00,06,00
10613,150935290.00,B5,00
10614,150936890.00,DA,00
10615,150938490.00,C2,00
10616,150940090.00,00,00
10617,150941690.00,00,00
10618,150943290.00,06,00
10619,150944890.00,80,00
10620,150946490.00,0B,00
10621,151175290.00,42,00
10622,151176890.00,07,00
10623,151178490.00,80,00
10624,151180090.00,06,00
10625,151181690.00,80,00
10626,151183290.00,0B,00
10627,151184890.00,80,00
10628,151186490.00,03,00
10629,151188090.00,80,00
10630,151189690.00,06,00
10631,151191290.00,F6,00
10632,151192890.00,EA,00
10633,151194490.00,C2,00
10634,151196090.00,00,00
10635,151197690.00,00,00
10636,151199290.00,06,00
10637,151200890.00,80,00
10638,151202490.00,0B,00
10639,151431290.00,42,00
10640,151432890.00,07,00
10641,151434490.00,80,00
10642,151436090.00,06,00
10643,151437690.00,80,00
10644,151439290.00,0B,00
10645,151440890.00,80,00
10646,151442490.00,03,00
10647,151444090.00,80,00
10648,151445690.00,06,00
10649,151447290.00,F6,00
10650,151448890.00,EA,00
10651,151450490.00,C2,00
10652,151452090.00,00,00
10653,151453690.00,00,00
10654,151455290.00,06,00
10655,151456890.00,80,00
10656,151458490.00,0B,00
10657,151687300.00,C6,00
10658,151688900.00,0F,00
10659,151690500.00,80,00
10660,151692100.00,0F,00
10661,151693700.00,80,00
10662,151695300.00,1F,00
10663,151696900.00,80,00
10664,151698500.00,0C,00
10665,151700100.00,00,00
10666,151701700.00,0E,00
10667,151703300.00,F9,00
10668,151704900.00,E7,00
10669,151706500.00,C6,00
10670,151708100.00,00,00
10671,151709700.00,00,00
10672,151711300.00,0F,00
10673,151712900.00,80,00
10674,151714500.00,1F,00
10675,151943300.00,42,00
10676,151944900.00,07,00
10677,151946500.00,80,00
10678,151948100.00,06,00
10679,151949700.00,80,00
10680,151951300.00,0B,00
10681,151952900.00,80,00
10682,151954500.00,04,00
10683,151956100.00,00,00
10684,151957700.00,06,00
10685,151959300.00,68,00
10686,151960900.00,E2,00
10687,151962500.00,C2,00
10688,151964100.00,00,00
10689,151965700.00,00,00
10690,151967300.00,06,00
10691,151968900.00,80,00
10692,151970500.00,0B,00
10693,152199350.00,42,00
10694,152200950.00,07,00
10695,152202550.00,80,00
10696,152204150.00,06,00
10697,152205750.00,80,00
10698,152207350.00,0B,00
10699,152208950.00,80,00
10700,152210550.00,04,00
10701,152212150.00,00,00
10702,152213750.00,06,00
10703,152215350.00,E0,00
10704,152216950.00,F2,00
10705,152218550.00,42,00
10706,152220150.00,00,00
10707,152221750.00,00,00
10708,152223350.00,06,00
10709,152224950.00,80,00
10710,152226550.00,0B,00
10711,152455300.00,42,00
10712,152456900.00,07,00
10713,152458500.00,80,00
10714,152460100.00,06,00
10715,152461700.00,80,00
10716,152463300.00,0B,00
10717,152464900.00,80,00
10718,152466500.00,04,00
10719,152468100.00,00,00
10720,152469700.00,06,00
10721,152471300.00,68,00
10722,152472900.00,E2,00
10723,152474500.00,C2,00
10724,152476100.00,00,00
10725,152477700.00,00,00
10726,152479300.00,06,00
10727,152480900.00,80,00
10728,152482500.00,0B,00
10729,152711300.00,42,00
10730,152712900.00,07,00
10731,152714500.00,80,00
10732,152716100.00,06,00
10733,152717700.00,80,00
10734,152719300.00,0B,00
10735,152720900.00,80,00
10736,152722500.00,04,00
10737,152724100.00,00,00
10738,152725700.00,06,00
10739,152727300.00,68,00
10740,152728900.00,E2,00
10741,152730500.00,C2,00
10742,152732100.00,00,00
10743,152733700.00,00,00
10744,152735300.00,06,00
10745,152736900.00,80,00
10746,152738500.00,0B,00
10747,152967300.00,42,00
10748,152968900.00,07,00
10749,152970500.00,80,00
10750,152972100.00,06,00
10751,152973700.00,80,00
10752,152975300.00,0B,00
10753,152976900.00,80,00
10754,152978500.00,04,00
10755,152980100.00,00,00
10756,152981700.00,06,00
10757,152983300.00,E0,00
10758,152984900.00,F2,00
10759,152986500.00,42,00
10760,152988100.00,00,00
10761,152989700.00,00,00
10762,152991300.00,06,00
10763,152992900.00,80,00
10764,152994500.00,0B,00
10765,153223350.00,42,00
10766,153224950.00,07,00
10767,153226550.00,80,00
10768,153228150.00,06,00
10769,153229750.00,80,00
10770,153231350.00,0B,00
10771,153232950.00,80,00
10772,153234550.00,04,00
10773,153236150.00,00,00
10774,153237750.00,06,00
10775,153239350.00,68,00
10776,153240950.00,E2,00
10777,153242550.00,C2,00
10778,153244150.00,00,00
10779,153245750.00,00,00
10780,153247350.00,06,00
10781,153248950.00,80,00
10782,153250550.00,0B,00
10783,153479310.00,C6,00
10784,153480910.00,07,00
10785,153482510.00,80,00
10786,153484110.00,0F,00
10787,153485710.00,80,00
10788,153487310.00,1F,00
10789,153488910.00,80,00
10790,153490510.00,0C,00
10791,153492110.00,00,00
10792,153493710.00,0E,00
10793,153495310.00,F9,00
10794,153496910.00,E7,00
10795,153498510.00,C6,00
10796,153500110.00,00,00
10797,153501710.00,00,00
10798,153503310.00,0F,00
10799,153504910.00,80,00
10800,153506510.00,1F,00
10801,153735310.00,42,00
10802,153736910.00,07,00
10803,153738510.00,80,00
10804,153740110.00,06,00
10805,153741710.00,80,00
10806,153743310.00,0B,00
10807,153744910.00,80,00
10808,153746510.00,04,00
10809,153748110.00,00,00
10810,153749710.00,06,00
10811,153751310.00,68,00
10812,153752910.00,E2,00
10813,153754510.00,C2,00
10814,153756110.00,00,00
10815,153757710.00,00,00
10816,153759310.00,06,00
10817,153760910.00,80,00
10818,153762510.00,0B,00
10819,153991310.00,42,00
10820,153992910.00,07,00
10821,153994510.00,80,00
10822,153996110.00,06,00
10823,153997710.00,80,00
10824,153999310.00,0B,00
10825,154000910.00,80,00
10826,154002510.00,04,00
10827,154004110.00,00,00
10828,154005710.00,06,00
10829,154007310.00,68,00
10830,154008910.00,E2,00
10831,154010510.00,C2,00
10832,154012110.00,00,00
10833,154013710.00,00,00
10834,154015310.00,06,00
10835,154016910.00,80,00
10836,154018510.00,0B,00
10837,154247360.00,42,00
10838,154248960.00,07,00
10839,154250560.00,80,00
10840,154252160.00,06,00
10841,154253760.00,80,00
10842,154255360.00,0B,00
10843,154256960.00,80,00
10844,154258560.00,04,00
10845,154260160.00,00,00
10846,154261760.00,06,00
10847,154263360.00,E0,00
10848,154264960.00,F2,00
10849,154266560.00,42,00
10850,154268160.00,00,00
10851,154269760.00,00,00
10852,154271360.00,06,00
10853,154272960.00,80,00
10854,154274560.00,0B,00
10855,154503310.00,42,00
10856,154504910.00,07,00
10857,154506510.00,80,00
10858,154508110.00,06,00
10859,154509710.00,80,00
10860,154511310.00,0B,00
10861,154512910.00,80,00
10862,154514510.00,03,00
10863,154516110.00,80,00
10864,154517710.00,06,00
10865,154519310.00,F6,00
10866,154520910.00,EA,00
10867,154522510.00,C2,00
10868,154524110.00,00,00
10869,154525710.00,00,00
10870,154527310.00,06,00
10871,154528910.00,80,00
10872,154530510.00,0B,00
10873,154759310.00,42,00
10874,154760910.00,07,00
10875,154762510.00,80,00
10876,154764110.00,06,00
10877,154765710.00,80,00
10878,154767310.00,0B,00
10879,154768910.00,80,00
10880,154770510.00,03,00
10881,154772110.00,80,00
10882,154773710.00,06,00
10883,154775310.00,7E,00
10884,154776910.00,FA,00
10885,154778510.00,42,00
10886,154780110.00,00,00
10887,154781710.00,00,00
10888,154783310.00,06,00
10889,154784910.00,80,00
10890,154786510.00,0B,00
10891,155015310.00,42,00
10892,155016910.00,07,00
10893,155018510.00,80,00
10894,155020110.00,06,00
10895,155021710.00,80,00
10896,155023310.00,0B,00
10897,155024910.00,80,00
10898,155026510.00,03,00
10899,155028110.00,80,00
10900,155029710.00,06,00
10901,155031310.00,F6,00
10902,155032910.00,EA,00
10903,155034510.00,C2,00
10904,155036110.00,00,00
10905,155037720.00,00,00
10906,155039310.00,06,00
10907,155040910.00,80,00
10908,155042510.00,0B,00
10909,155271370.00,C6,00
10910,155272970.00,0F,00
10911,155274570.00,80,00
10912,155276170.00,0F,00
10913,155277770.00,80,00
10914,155279370.00,1F,00
10915,155280970.00,80,00
10916,155282570.00,0C,00
10917,155284170.00,00,00
10918,155285770.00,0F,00
10919,155287370.00,E1,00
10920,155288970.00,F6,00
10921,155290570.00,C6,00
10922,155292170.00,00,00
10923,155293770.00,00,00
10924,155295370.00,0F,00
10925,155296970.00,80,00
10926,155298570.00,1F,00
10927,155527320.00,42,00
10928,155528920.00,07,00
10929,155530520.00,80,00
10930,155532120.00,06,00
10931,155533720.00,80,00
10932,155535320.00,0B,00
10933,155536920.00,80,00
10934,155538520.00,04,00
10935,155540120.00,00,00
10936,155541720.00,06,00
10937,155543320.00,68,00
10938,155544920.00,E2,00
10939,155546520.00,C2,00
10940,155548120.00,00,00
10941,155549720.00,00,00
10942,155551320.00,06,00
10943,155552920.00,80,00
10944,155554520.00,0B,00
10945,155783320.00,42,00
10946,155784920.00,07,00
10947,155786520.00,80,00
10948,155788120.00,06,00
10949,155789720.00,80,00
10950,155791320.00,0B,00
10951,155792920.00,80,00
10952,155794520.00,04,00
10953,155796120.00,00,00
10954,155797720.00,06,00
10955,155799320.00,68,00
10956,155800920.00,E2,00
10957,155802520.00,C2,00
10958,155804120.00,00,00
10959,155805720.00,00,00
10960,155807320.00,06,00
10961,155808920.00,80,00
10962,155810520.00,0B,00
10963,156039320.00,42,00
10964,156040920.00,07,00
10965,156042520.00,80,00
10966,156044120.00,06,00
10967,156045720.00,80,00
10968,156047320.00,0B,00
10969,156048920.00,80,00
10970,156050520.00,04,00
10971,156052120.00,00,00
10972,156053720.00,06,00
10973,156055320.00,68,00
10974,156056920.00,E2,00
10975,156058520.00,C2,00
10976,156060120.00,00,00
10977,156061720.00,00,00
10978,156063320.00,06,00
10979,156064920.00,80,00
10980,156066520.00,0B,00
10981,156295370.00,42,00
10982,156296970.00,07,00
10983,156298570.00,80,00
10984,156300170.00,06,00
10985,156301770.00,80,00
10986,156303370.00,0B,00
10987,156304970.00,80,00
10988,156306570.00,04,00
10989,156308170.00,00,00
10990,156309770.00,06,00
10991,156311370.00,68,00
10992,156312970.00,E2,00
10993,156314570.00,C2,00
10994,156316170.00,00,00
10995,156317770.00,00,00
10996,156319370.00,06,00
10997,156320970.00,80,00
10998,156322570.00,0B,00
10999,156551320.00,42,00
11000,156552920.00,07,00
11001,156554520.00,80,00
11002,156556120.00,06,00
11003,156557720.00,80,00
11004,156559320.00,0B,00
11005,156560920.00,80,00
11006,156562520.00,04,00
11007,156564120.00,00,00
11008,156565720.00,06,00
11009,156567320.00,68,00
11010,156568920.00,E2,00
11011,156570520.00,C2,00
11012,156572120.00,00,00
11013,156573720.00,00,00
11014,156575320.00,06,00
11015,156576920.00,80,00
11016,156578520.00,0B,00
11017,156807320.00,42,00
11018,156808920.00,07,00
11019,156810520.00,80,00
11020,156812120.00,06,00
11021,156813720.00,80,00
11022,156815320.00,0B,00
11023,156816920.00,80,00
11024,156818520.00,04,00
11025,156820120.00,00,00
11026,156821720.00,06,00
11027,156823320.00,E0,00
11028,156824920.00,F2,00
11029,156826520.00,42,00
11030,156828120.00,00,00
11031,156829720.00,00,00
11032,156831330.00,06,00
11033,156832920.00,80,00
11034,156834520.00,0B,00
11035,157063330.00,C6,00
11036,157064930.00,0F,00
11037,157066530.00,80,00
11038,157068130.00,0F,00
11039,157069730.00,80,00
11040,157071330.00,1F,00
11041,157072930.00,80,00
11042,157074530.00,0C,00
11043,157076130.00,00,00
11044,157077730.00,0E,00
11045,157079330.00,F9,00
11046,157080930.00,E7,00
11047,157082530.00,C2,00
11048,157084130.00,00,00
11049,157085730.00,00,00
11050,157087330.00,0F,00
11051,157088930.00,80,00
11052,157090530.00,1F,00
11053,157319380.00,42,00
11054,157320980.00,0F,00
11055,157322580.00,80,00
11056,157324180.00,06,00
11057,157325780.00,80,00
11058,157327380.00,0B,00
11059,157328980.00,80,00
11060,157330580.00,04,00
11061,157332180.00,00,00
11062,157333780.00,06,00
11063,157335380.00,68,00
11064,157336980.00,E2,00
11065,157338580.00,C2,00
11066,157340180.00,00,00
11067,157341780.00,00,00
11068,157343380.00,06,00
11069,157344980.00,80,00
11070,157346580.00,0B,00
11071,157575330.00,42,00
11072,157576930.00,07,00
11073,157578530.00,80,00
11074,157580130.00,06,00
11075,157581730.00,00,00
11076,157583330.00,0B,00
11077,157584930.00,80,00
11078,157586530.00,04,00
11079,157588130.00,00,00
11080,157589730.00,06,00
11081,157591330.00,34,00
11082,157592930.00,D2,00
11083,157594530.00,42,00
11084,157596130.00,00,00
11085,157597730.00,00,00
11086,157599330.00,06,00
11087,157600930.00,00,00
11088,157602530.00,0B,00
11089,157831330.00,42,00
11090,157832930.00,07,00
11091,157834530.00,80,00
11092,157836130.00,06,00
11093,157837730.00,80,00
11094,157839330.00,0B,00
11095,157840930.00,80,00
11096,157842530.00,04,00
11097,157844130.00,00,00
11098,157845730.00,06,00
11099,157847330.00,68,00
11100,157848930.00,E2,00
11101,157850530.00,C2,00
11102,157852130.00,00,00
11103,157853730.00,00,00
11104,157855330.00,06,00
11105,157856930.00,80,00
11106,157858530.00,0B,00
11107,158087330.00,42,00
11108,158088930.00,07,00
11109,158090530.00,80,00
11110,158092130.00,06,00
11111,158093730.00,80,00
11112,158095330.00,0B,00
11113,158096930.00,80,00
11114,158098530.00,04,00
11115,158100130.00,00,00
11116,158101730.00,06,00
11117,158103330.00,68,00
11118,158104930.00,E2,00
11119,158106530.00,C2,00
11120,158108130.00,00,00
11121,158109730.00,00,00
11122,158111330.00,06,00
11123,158112930.00,80,00
11124,158114530.00,0B,00
11125,158343380.00,42,00
11126,158344980.00,07,00
11127,158346580.00,80,00
11128,158348180.00,06,00
11129,158349780.00,80,00
11130,158351380.00,0B,00
11131,158352980.00,80,00
11132,158354580.00,04,00
11133,158356180.00,00,00
11134,158357780.00,06,00
11135,158359380.00,68,00
11136,158360980.00,E2,00
11137,158362580.00,C2,00
11138,158364180.00,00,00
11139,158365780.00,00,00
11140,158367380.00,06,00
11141,158368980.00,80,00
11142,158370580.00,0B,00
11143,158599330.00,42,00
11144,158600930.00,07,00
11145,158602530.00,80,00
11146,158604130.00,07,00
11147,158605730.00,80,00
11148,158607330.00,0F,00
11149,158608930.00,80,00
11150,158610530.00,04,00
11151,158612130.00,00,00
11152,158613740.00,06,00
11153,158615340.00,E8,00
11154,158616930.00,E0,00
11155,158618530.00,C2,00
11156,158620140.00,00,00
11157,158621740.00,00,00
11158,158623330.00,06,00
11159,158624940.00,00,00
11160,158626530.00,1B,00
11161,158855340.00,C6,00
11162,158856940.00,0F,00
11163,158858540.00,80,00
11164,158860140.00,0F,00
11165,158861740.00,80,00
11166,158863340.00,1F,00
11167,158864940.00,80,00
11168,158866540.00,0C,00
11169,158868140.00,00,00
11170,158869740.00,0E,00
11171,158871340.00,F9,00
11172,158872940.00,E7,00
11173,158874540.00,C6,00
11174,158876140.00,00,00
11175,158877740.00,00,00
11176,158879340.00,07,00
11177,158880940.00,80,00
11178,158882540.00,1F,00
11179,159111340.00,42,00
11180,159112940.00,07,00
11181,159114540.00,80,00
11182,159116140.00,06,00
11183,159117740.00,80,00
11184,159119340.00,0B,00
11185,159120940.00,80,00
11186,159122540.00,04,00
11187,159124140.00,00,00
11188,159125740.00,06,00
11189,159127340.00,68,00
11190,159128940.00,E2,00
11191,159130540.00,C2,00
11192,159132140.00,00,00
11193,159133740.00,00,00
11194,159135340.00,06,00
11195,159136940.00,80,00
11196,159138540.00,0B,00
11197,159367390.00,42,00
11198,159368990.00,07,00
11199,159370590.00,80,00
11200,159372190.00,06,00
11201,159373790.00,80,00
11202,159375390.00,0B,00
11203,159376990.00,80,00
11204,159378590.00,04,00
11205,159380190.00,00,00
11206,159381790.00,06,00
11207,159383390.00,E0,00
11208,159384990.00,F2,00
11209,159386590.00,42,00
11210,159388190.00,00,00
11211,159389790.00,00,00
11212,159391390.00,06,00
11213,159392990.00,80,00
11214,159394590.00,0B,00
11215,159623340.00,42,00
11216,159624940.00,07,00
11217,159626540.00,80,00
11218,159628140.00,06,00
11219,159629740.00,80,00
11220,159631340.00,0B,00
11221,159632940.00,80,00
11222,159634540.00,04,00
11223,159636140.00,00,00
11224,159637740.00,06,00
11225,159639340.00,E0,00
11226,159640940.00,F2,00
11227,159642540.00,42,00
11228,159644140.00,00,00
11229,159645740.00,00,00
11230,159647340.00,06,00
11231,159648940.00,80,00
11232,159650540.00,0B,00
11233,159879340.00,42,00
11234,159880940.00,07,00
11235,159882540.00,80,00
11236,159884140.00,06,00
11237,159885740.00,80,00
11238,159887340.00,0B,00
11239,159888940.00,80,00
11240,159890540.00,04,00
11241,159892140.00,00,00
11242,159893740.00,06,00
11243,159895340.00,68,00
11244,159896940.00,E2,00
11245,159898540.00,C2,00
11246,159900140.00,00,00
11247,159901740.00,00,00
11248,159903340.00,06,00
11249,159904940.00,80,00
11250,159906540.00,0B,00
11251,160135340.00,42,00
11252,160136940.00,07,00
11253,160138540.00,80,00
11254,160140140.00,06,00
11255,160141740.00,80,00
11256,160143340.00,0B,00
11257,160144940.00,80,00
11258,160146540.00,04,00
11259,160148140.00,00,00
11260,160149740.00,06,00
11261,160151340.00,68,00
11262,160152940.00,E2,00
11263,160154540.00,C2,00
11264,160156140.00,00,00
11265,160157740.00,00,00
11266,160159340.00,06,00
11267,160160940.00,80,00
11268,160162540.00,0B,00
11269,160391390.00,42,00
11270,160392990.00,07,00
11271,160394590.00,80,00
11272,160396190.00,07,00
11273,160397790.00,80,00
11274,160399400.00,0B,00
11275,160400990.00,80,00
11276,160402590.00,08,00
11277,160404190.00,00,00
11278,160405800.00,07,00
11279,160407400.00,C0,00
11280,160408990.00,F2,00
11281,160410590.00,02,00
11282,160412190.00,00,00
11283,160413800.00,00,00
11284,160415400.00,0E,00
11285,160417000.00,00,00
11286,160418590.00,0F,00
11287,160647350.00,C6,00
11288,160648950.00,0F,00
11289,160650550.00,80,00
11290,160652150.00,0F,00
11291,160653750.00,80,00
11292,160655350.00,1F,00
11293,160656950.00,80,00
11294,160658550.00,0C,00
11295,160660150.00,00,00
11296,160661750.00,0F,00
11297,160663350.00,E1,00
11298,160664950.00,F2,00
11299,160666550.00,46,00
11300,160668150.00,00,00
11301,160669750.00,00,00
11302,160671350.00,0E,00
11303,160672950.00,80,00
11304,160674550.00,1B,00
11305,160903350.00,42,00
11306,160904950.00,07,00
11307,160906550.00,80,00
11308,160908150.00,06,00
11309,160909750.00,80,00
11310,160911350.00,0B,00
11311,160912950.00,80,00
11312,160914550.00,04,00
11313,160916150.00,00,00
11314,160917750.00,06,00
11315,160919350.00,68,00
11316,160920950.00,E2,00
11317,160922550.00,C2,00
11318,160924150.00,00,00
11319,160925750.00,00,00
11320,160927350.00,06,00
11321,160928950.00,80,00
11322,160930550.00,0B,00
11323,161159350.00,42,00
11324,161160950.00,07,00
11325,161162550.00,80,00
11326,161164150.00,06,00
11327,161165750.00,80,00
11328,161167350.00,0B,00
11329,161168950.00,80,00
11330,161170550.00,04,00
11331,161172150.00,00,00
11332,161173750.00,06,00
11333,161175350.00,68,00
11334,161176950.00,E2,00
11335,161178550.00,C2,00
11336,161180150.00,00,00
11337,161181750.00,00,00
11338,161183350.00,06,00
11339,161184950.00,80,00
11340,161186550.00,0B,00
11341,161415350.00,42,00
11342,161416950.00,07,00
11343,161418550.00,80,00
11344,161420150.00,06,00
11345,161421750.00,80,00
11346,161423350.00,0B,00
11347,161424950.00,80,00
11348,161426550.00,04,00
11349,161428150.00,00,00
11350,161429750.00,06,00
11351,161431350.00,68,00
11352,161432950.00,E2,00
11353,161434550.00,C2,00
11354,161436150.00,00,00
11355,161437750.00,00,00
11356,161439350.00,06,00
11357,161440950.00,80,00
11358,161442550.00,0B,00
11359,161671350.00,42,00
11360,161672950.00,07,00
11361,161674550.00,80,00
11362,161676150.00,06,00
11363,161677750.00,80,00
11364,161679350.00,0B,00
11365,161680950.00,00,00
11366,161682550.00,04,00
11367,161684150.00,00,00
11368,161685750.00,06,00
11369,161687350.00,3D,00
11370,161688950.00,CA,00
11371,161690550.00,42,00
11372,161692150.00,00,00
11373,161693750.00,00,00
11374,161695350.00,06,00
11375,161696950.00,80,00
11376,161698550.00,0B,00
11377,161927350.00,42,00
11378,161928950.00,07,00
11379,161930550.00,80,00
11380,161932150.00,06,00
11381,161933750.00,80,00
11382,161935350.00,0B,00
11383,161936950.00,80,00
11384,161938550.00,04,00
11385,161940150.00,00,00
11386,161941750.00,06,00
11387,161943350.00,68,00
11388,161944950.00,E2,00
11389,161946550.00,C2,00
11390,161948150.00,00,00
11391,161949750.00,00,00
11392,161951350.00,06,00
11393,161952950.00,80,00
11394,161954550.00,0B,00
11395,162183350.00,42,00
11396,162184950.00,07,00
11397,162186550.00,80,00
11398,162188150.00,06,00
11399,162189750.00,80,00
11400,162191360.00,07,00
11401,162192950.00,80,00
11402,162194560.00,0C,00
11403,162196160.00,00,00
11404,162197760.00,0E,00
11405,162199360.00,F1,00
11406,162200950.00,E2,00
11407,162202560.00,84,00
11408,162204160.00,00,00
11409,162205750.00,00,00
11410,162207360.00,0D,00
11411,162208960.00,00,00
11412,162210550.00,1F,00
11413,162439360.00,C6,00
11414,162440960.00,0F,00
11415,162442560.00,80,00
11416,162444160.00,0F,00
11417,162445760.00,80,00
11418,162447360.00,1F,00
11419,162448960.00,80,00
11420,162450560.00,0C,00
11421,162452160.00,00,00
11422,162453760.00,06,00
11423,162455360.00,F9,00
11424,162456960.00,E2,00
11425,162458560.00,C2,00
11426,162460160.00,00,00
11427,162461760.00,00,00
11428,162463360.00,06,00
11429,162464960.00,80,00
11430,162466560.00,1F,00
11431,162695360.00,42,00
11432,162696960.00,07,00
11433,162698560.00,80,00
11434,162700160.00,06,00
11435,162701760.00,80,00
11436,162703360.00,0B,00
11437,162704960.00,80,00
11438,162706560.00,04,00
11439,162708160.00,00,00
11440,162709760.00,06,00
11441,162711360.00,68,00
11442,162712960.00,E2,00
11443,162714560.00,C2,00
11444,162716160.00,00,00
11445,162717760.00,00,00
11446,162719360.00,06,00
11447,162720960.00,80,00
11448,162722560.00,0B,00
11449,162951360.00,42,00
11450,162952960.00,07,00
11451,162954560.00,80,00
11452,162956160.00,06,00
11453,162957760.00,80,00
11454,162959360.00,0B,00
11455,162960960.00,80,00
11456,162962560.00,04,00
11457,162964160.00,00,00
11458,162965760.00,06,00
11459,162967360.00,68,00
11460,162968960.00,E2,00
11461,162970560.00,C2,00
11462,162972160.00,00,00
11463,162973760.00,00,00
11464,162975360.00,06,00
11465,162976960.00,80,00
11466,162978560.00,0B,00
11467,163207410.00,42,00
11468,163209010.00,07,00
11469,163210610.00,80,00
11470,163212210.00,06,00
11471,163213810.00,80,00
11472,163215410.00,0B,00
11473,163217010.00,00,00
11474,163218610.00,04,00
11475,163220210.00,00,00
11476,163221810.00,06,00
11477,163223410.00,3D,00
11478,163225010.00,CA,00
11479,163226610.00,42,00
11480,163228210.00,00,00
11481,163229810.00,00,00
11482,163231410.00,06,00
11483,163233010.00,80,00
11484,163234610.00,0B,00
11485,163463360.00,42,00
11486,163464960.00,07,00
11487,163466560.00,80,00
11488,163468160.00,06,00
11489,163469760.00,80,00
11490,163471360.00,0B,00
11491,163472960.00,80,00
11492,163474560.00,04,00
11493,163476160.00,00,00
11494,163477760.00,06,00
11495,163479360.00,68,00
11496,163480960.00,E2,00
11497,163482560.00,C2,00
11498,163484160.00,00,00
11499,163485760.00,00,00
11500,163487360.00,06,00
11501,163488960.00,80,00
11502,163490560.00,0B,00
11503,163719360.00,42,00
11504,163720960.00,07,00
11505,163722560.00,80,00
11506,163724160.00,06,00
11507,163725760.00,80,00
11508,163727360.00,0B,00
11509,163728960.00,80,00
11510,163730560.00,04,00
11511,163732160.00,00,00
11512,163733760.00,06,00
11513,163735360.00,68,00
11514,163736960.00,E2,00
11515,163738560.00,C2,00
11516,163740160.00,00,00
11517,163741760.00,00,00
11518,163743360.00,06,00
11519,163744960.00,80,00
11520,163746560.00,0B,00
11521,163975370.00,C2,00
11522,163976970.00,07,00
11523,163978570.00,80,00
11524,163980160.00,0F,00
11525,163981760.00,80,00
11526,163983360.00,1F,00
11527,163984970.00,80,00
11528,163986570.00,0C,00
11529,163988170.00,00,00
11530,163989770.00,0E,00
11531,163991370.00,D9,00
11532,163992970.00,E4,00
11533,163994570.00,86,00
11534,163996160.00,00,00
11535,163997770.00,00,00
11536,163999370.00,0F,00
11537,164000970.00,00,00
11538,164002570.00,1F,00
11539,164231420.00,C2,00
11540,164233020.00,0F,00
11541,164234620.00,80,00
11542,164236220.00,0F,00
11543,164237820.00,80,00
11544,164239420.00,0B,00
11545,164241020.00,80,00
11546,164242620.00,04,00
11547,164244220.00,00,00
11548,164245820.00,06,00
11549,164247420.00,68,00
11550,164249020.00,E3,00
11551,164250620.00,C2,00
11552,164252220.00,00,00
11553,164253820.00,00,00
11554,164255420.00,0E,00
11555,164257020.00,80,00
11556,164258620.00,0F,00
11557,164487370.00,42,00
11558,164488970.00,07,00
11559,164490570.00,80,00
11560,164492170.00,06,00
11561,164493770.00,80,00
11562,164495370.00,0B,00
11563,164496970.00,80,00
11564,164498570.00,04,00
11565,164500170.00,00,00
11566,164501770.00,06,00
11567,164503370.00,68,00
11568,164504970.00,E2,00
11569,164506570.00,C2,00
11570,164508170.00,00,00
11571,164509770.00,00,00
11572,164511370.00,06,00
11573,164512970.00,80,00
11574,164514570.00,0B,00
11575,164743370.00,42,00
11576,164744970.00,07,00
11577,164746570.00,80,00
11578,164748170.00,06,00
11579,164749770.00,80,00
11580,164751370.00,0B,00
11581,164752970.00,80,00
11582,164754570.00,04,00
11583,164756170.00,00,00
11584,164757770.00,06,00
11585,164759370.00,68,00
11586,164760970.00,E2,00
11587,164762570.00,C2,00
11588,164764170.00,00,00
11589,164765770.00,00,00
11590,164767370.00,06,00
11591,164768970.00,80,00
11592,164770570.00,0B,00
11593,164999370.00,42,00
11594,165000970.00,07,00
11595,165002570.00,80,00
11596,165004170.00,06,00
11597,165005770.00,80,00
11598,165007370.00,0B,00
11599,165008970.00,80,00
11600,165010570.00,03,00
11601,165012170.00,80,00
11602,165013770.00,06,00
11603,165015370.00,7E,00
11604,165016970.00,FA,00
11605,165018570.00,42,00
11606,165020170.00,00,00
11607,165021770.00,00,00
11608,165023370.00,06,00
11609,165024970.00,80,00
11610,165026570.00,0B,00
11611,165255420.00,42,00
11612,165257020.00,07,00
11613,165258620.00,80,00
11614,165260220.00,06,00
11615,165261820.00,80,00
11616,165263420.00,0B,00
11617,165265020.00,80,00
11618,165266620.00,04,00
11619,165268220.00,00,00
11620,165269820.00,06,00
11621,165271420.00,E0,00
11622,165273020.00,F2,00
11623,165274620.00,42,00
11624,165276220.00,00,00
11625,165277820.00,00,00
11626,165279420.00,06,00
11627,165281020.00,80,00
11628,165282620.00,0B,00
11629,165511370.00,42,00
11630,165512970.00,07,00
11631,165514570.00,80,00
11632,165516170.00,06,00
11633,165517770.00,80,00
11634,165519370.00,0B,00
11635,165520970.00,00,00
11636,165522570.00,04,00
11637,165524170.00,00,00
11638,165525770.00,06,00
11639,165527370.00,3D,00
11640,165528970.00,CA,00
11641,165530570.00,42,00
11642,165532170.00,00,00
11643,165533770.00,00,00
11644,165535370.00,06,00
11645,165536970.00,80,00
11646,165538570.00,0B,00
11647,165767370.00,42,00
11648,165768970.00,07,00
11649,165770580.00,80,00
11650,165772170.00,07,00
11651,165773780.00,80,00
11652,165775380.00,1F,00
11653,165776980.00,80,00
11654,165778570.00,08,00
11655,165780180.00,00,00
11656,165781770.00,0E,00
11657,165783380.00,F9,00
11658,165784980.00,E7,00
11659,165786570.00,86,00
11660,165788180.00,00,00
11661,165789780.00,00,00
11662,165791380.00,0F,00
11663,165792980.00,80,00
11664,165794580.00,1F,00
11665,166023380.00,C2,00
11666,166024980.00,0F,00
11667,166026580.00,80,00
11668,166028180.00,0E,00
11669,166029780.00,80,00
11670,166031380.00,0B,00
11671,166032980.00,80,00
11672,166034580.00,04,00
11673,166036180.00,00,00
11674,166037780.00,0E,00
11675,166039380.00,68,00
11676,166040980.00,E2,00
11677,166042580.00,C2,00
11678,166044180.00,00,00
11679,166045780.00,00,00
11680,166047380.00,06,00
11681,166048980.00,80,00
11682,166050580.00,0B,00
11683,166279430.00,42,00
11684,166281030.00,07,00
11685,166282630.00,80,00
11686,166284230.00,06,00
11687,166285830.00,80,00
11688,166287430.00,0B,00
11689,166289030.00,80,00
11690,166290630.00,04,00
11691,166292230.00,00,00
11692,166293830.00,06,00
11693,166295430.00,E0,00
11694,166297030.00,F2,00
11695,166298630.00,42,00
11696,166300230.00,00,00
11697,166301830.00,00,00
11698,166303430.00,06,00
11699,166305030.00,80,00
11700,166306630.00,0B,00
11701,166535380.00,42,00
11702,166536980.00,07,00
11703,166538580.00,80,00
11704,166540180.00,06,00
11705,166541780.00,80,00
11706,166543380.00,0B,00
11707,166544980.00,80,00
11708,166546580.00,04,00
11709,166548180.00,00,00
11710,166549780.00,06,00
11711,166551380.00,E0,00
11712,166552980.00,F2,00
11713,166554580.00,42,00
11714,166556180.00,00,00
11715,166557780.00,00,00
11716,166559380.00,06,00
11717,166560980.00,80,00
11718,166562580.00,0B,00
11719,166791380.00,42,00
11720,166792980.00,07,00
11721,166794580.00,80,00
11722,166796180.00,06,00
11723,166797780.00,80,00
11724,166799380.00,0B,00
11725,166800980.00,80,00
11726,166802580.00,04,00
11727,166804180.00,00,00
11728,166805780.00,06,00
11729,166807380.00,E0,00
11730,166808980.00,F2,00
11731,166810580.00,42,00
11732,166812180.00,00,00
11733,166813780.00,00,00
11734,166815380.00,06,00
11735,166816980.00,80,00
11736,166818580.00,0B,00
11737,167047380.00,42,00
11738,167048980.00,07,00
11739,167050580.00,80,00
11740,167052180.00,06,00
11741,167053780.00,80,00
11742,167055380.00,0B,00
11743,167056980.00,80,00
11744,167058580.00,04,00
11745,167060180.00,00,00
11746,167061780.00,06,00
11747,167063380.00,E0,00
11748,167064980.00,F2,00
11749,167066580.00,42,00
11750,167068180.00,00,00
11751,167069780.00,00,00
11752,167071380.00,06,00
11753,167072980.00,80,00
11754,167074580.00,0B,00
11755,167303430.00,42,00
11756,167305030.00,07,00
11757,167306630.00,80,00
11758,167308230.00,06,00
11759,167309830.00,80,00
11760,167311430.00,0B,00
11761,167313030.00,80,00
11762,167314630.00,04,00
11763,167316230.00,00,00
11764,167317830.00,06,00
11765,167319430.00,E0,00
11766,167321030.00,F2,00
11767,167322630.00,42,00
11768,167324230.00,00,00
11769,167325830.00,00,00
11770,167327430.00,06,00
11771,167329030.00,80,00
11772,167330630.00,0B,00
11773,167559380.00,42,00
11774,167560990.00,07,00
11775,167562580.00,80,00
11776,167564190.00,0F,00
11777,167565790.00,80,00
11778,167567390.00,1F,00
11779,167568990.00,80,00
11780,167570590.00,0C,00
11781,167572190.00,00,00
11782,167573790.00,0E,00
11783,167575390.00,F9,00
11784,167576990.00,E7,00
11785,167578590.00,C6,00
11786,167580190.00,00,00
11787,167581790.00,00,00
11788,167583390.00,0F,00
11789,167584990.00,80,00
11790,167586590.00,1F,00
11791,167815390.00,42,00
11792,167816990.00,07,00
11793,167818590.00,80,00
11794,167820190.00,06,00
11795,167821790.00,80,00
11796,167823390.00,0B,00
11797,167824990.00,80,00
11798,167826590.00,04,00
11799,167828190.00,00,00
11800,167829790.00,06,00
11801,167831390.00,68,00
11802,167832990.00,E2,00
11803,167834590.00,C2,00
11804,167836190.00,00,00
11805,167837790.00,00,00
11806,167839390.00,06,00
11807,167840990.00,80,00
11808,167842590.00,0F,00
11809,168071390.00,42,00
11810,168072990.00,07,00
11811,168074590.00,80,00
11812,168076190.00,06,00
11813,168077790.00,80,00
11814,168079390.00,0B,00
11815,168080990.00,80,00
11816,168082590.00,04,00
11817,168084190.00,00,00
11818,168085790.00,06,00
11819,168087390.00,68,00
11820,168088990.00,E2,00
11821,168090590.00,C2,00
11822,168092190.00,00,00
11823,168093790.00,00,00
11824,168095390.00,06,00
11825,168096990.00,80,00
11826,168098590.00,0B,00
11827,168327440.00,42,00
11828,168329040.00,07,00
11829,168330640.00,80,00
11830,168332240.00,06,00
11831,168333840.00,80,00
11832,168335440.00,0B,00
11833,168337040.00,80,00
11834,168338640.00,04,00
11835,168340240.00,00,00
11836,168341840.00,06,00
11837,168343440.00,68,00
11838,168345040.00,E2,00
11839,168346640.00,C2,00
11840,168348240.00,00,00
11841,168349840.00,00,00
11842,168351440.00,06,00
11843,168353040.00,80,00
11844,168354640.00,0B,00
11845,168583390.00,42,00
11846,168584990.00,07,00
11847,168586590.00,80,00
11848,168588190.00,06,00
11849,168589790.00,80,00
11850,168591390.00,0B,00
11851,168592990.00,80,00
11852,168594590.00,04,00
11853,168596190.00,00,00
11854,168597790.00,06,00
11855,168599390.00,68,00
11856,168600990.00,E2,00
11857,168602590.00,C2,00
11858,168604190.00,00,00
11859,168605790.00,00,00
11860,168607390.00,06,00
11861,168608990.00,80,00
11862,168610590.00,0B,00
11863,168839390.00,42,00
11864,168840990.00,07,00
11865,168842590.00,80,00
11866,168844190.00,06,00
11867,168845790.00,80,00
11868,168847390.00,0B,00
11869,168848990.00,80,00
11870,168850590.00,04,00
11871,168852190.00,00,00
11872,168853790.00,06,00
11873,168855390.00,68,00
11874,168856990.00,E2,00
11875,168858590.00,C2,00
11876,168860190.00,00,00
11877,168861790.00,00,00
11878,168863390.00,06,00
11879,168864990.00,80,00
11880,168866590.00,0B,00
11881,169095390.00,42,00
11882,169096990.00,07,00
11883,169098590.00,80,00
11884,169100190.00,06,00
11885,169101790.00,80,00
11886,169103390.00,0B,00
11887,169104990.00,80,00
11888,169106590.00,04,00
11889,169108190.00,00,00
11890,169109790.00,06,00
11891,169111390.00,68,00
11892,169112990.00,E2,00
11893,169114590.00,C2,00
11894,169116190.00,00,00
11895,169117790.00,00,00
11896,169119390.00,06,00
11897,169120990.00,80,00
11898,169122590.00,0B,00
11899,169351440.00,46,00
11900,169353050.00,0F,00
11901,169354650.00,80,00
11902,169356250.00,0F,00
11903,169357850.00,80,00
11904,169359450.00,1F,00
11905,169361050.00,80,00
11906,169362650.00,0C,00
11907,169364250.00,00,00
11908,169365850.00,0E,00
11909,169367450.00,F9,00
11910,169369050.00,E7,00
11911,169370650.00,C6,00
11912,169372250.00,00,00
11913,169373850.00,00,00
11914,169375450.00,0F,00
11915,169377050.00,80,00
11916,169378650.00,1F,00
11917,169607400.00,42,00
11918,169609000.00,07,00
11919,169610600.00,80,00
11920,169612200.00,06,00
11921,169613800.00,80,00
11922,169615400.00,0B,00
11923,169617000.00,80,00
11924,169618600.00,04,00
11925,169620200.00,00,00
11926,169621800.00,06,00
11927,169623400.00,E0,00
11928,169625000.00,F2,00
11929,169626600.00,42,00
11930,169628200.00,00,00
11931,169629800.00,00,00
11932,169631400.00,06,00
11933,169633000.00,80,00
11934,169634600.00,0B,00
11935,169863400.00,42,00
11936,169865000.00,07,00
11937,169866600.00,80,00
11938,169868200.00,06,00
11939,169869800.00,00,00
11940,169871400.00,0B,00
11941,169873000.00,80,00
11942,169874600.00,04,00
11943,169876200.00,00,00
11944,169877800.00,06,00
11945,169879400.00,34,00
11946,169881000.00,D2,00
11947,169882600.00,42,00
11948,169884200.00,00,00
11949,169885800.00,00,00
11950,169887400.00,06,00
11951,169889000.00,00,00
11952,169890600.00,0B,00
11953,170119400.00,42,00
11954,170121000.00,07,00
11955,170122600.00,80,00
11956,170124200.00,06,00
11957,170125800.00,80,00
11958,170127400.00,0B,00
11959,170129000.00,80,00
11960,170130600.00,04,00
11961,170132200.00,00,00
11962,170133800.00,06,00
11963,170135400.00,68,00
11964,170137000.00,E2,00
11965,170138600.00,C2,00
11966,170140200.00,00,00
11967,170141800.00,00,00
11968,170143400.00,06,00
11969,170145000.00,80,00
11970,170146600.00,0B,00
11971,170375450.00,42,00
11972,170377050.00,07,00
11973,170378650.00,80,00
11974,170380250.00,06,00
11975,170381850.00,80,00
11976,170383450.00,0B,00
11977,170385050.00,80,00
11978,170386650.00,04,00
11979,170388250.00,00,00
11980,170389850.00,06,00
11981,170391450.00,68,00
11982,170393050.00,E2,00
11983,170394650.00,C2,00
11984,170396250.00,00,00
11985,170397850.00,00,00
11986,170399450.00,06,00
11987,170401050.00,80,00
11988,170402650.00,0B,00
11989,170631400.00,42,00
11990,170633000.00,07,00
11991,170634600.00,80,00
11992,170636200.00,06,00
11993,170637800.00,80,00
11994,170639400.00,0B,00
11995,170641000.00,80,00
11996,170642600.00,04,00
11997,170644200.00,00,00
11998,170645800.00,06,00
11999,170647400.00,68,00
12000,170649000.00,E2,00
12001,170650600.00,C2,00
12002,170652200.00,00,00
12003,170653800.00,00,00
12004,170655400.00,06,00
12005,170657000.00,80,00
12006,170658600.00,0B,00
12007,170887400.00,42,00
12008,170889000.00,07,00
12009,170890600.00,80,00
12010,170892200.00,06,00
12011,170893800.00,80,00
12012,170895400.00,0B,00
12013,170897000.00,80,00
12014,170898600.00,04,00
12015,170900200.00,00,00
12016,170901800.00,06,00
12017,170903400.00,60,00
12018,170905000.00,E2,00
12019,170906600.00,C2,00
12020,170908200.00,00,00
12021,170909800.00,00,00
12022,170911400.00,06,00
12023,170913000.00,80,00
12024,170914600.00,0B,00
12025,171143410.00,C6,00
12026,171145010.00,0F,00
12027,171146610.00,80,00
12028,171148210.00,0F,00
12029,171149810.00,80,00
12030,171151410.00,1F,00
12031,171153010.00,80,00
12032,171154610.00,0C,00
12033,171156210.00,00,00
12034,171157810.00,0E,00
12035,171159410.00,F9,00
12036,171161010.00,E7,00
12037,171162610.00,C6,00
12038,171164210.00,00,00
12039,171165810.00,00,00
12040,171167410.00,0F,00
12041,171169010.00,80,00
12042,171170610.00,1F,00
12043,171399460.00,42,00
12044,171401060.00,07,00
12045,171402660.00,80,00
12046,171404260.00,06,00
12047,171405860.00,80,00
12048,171407460.00,0B,00
12049,171409060.00,80,00
12050,171410660.00,04,00
12051,171412260.00,00,00
12052,171413860.00,06,00
12053,171415460.00,68,00
12054,171417060.00,E2,00
12055,171418660.00,C2,00
12056,171420260.00,00,00
12057,171421860.00,00,00
12058,171423460.00,06,00
12059,171425060.00,80,00
12060,171426660.00,0B,00
12061,171655410.00,42,00
12062,171657010.00,07,00
12063,171658610.00,80,00
12064,171660210.00,06,00
12065,171661810.00,80,00
12066,171663410.00,0B,00
12067,171665010.00,80,00
12068,171666610.00,04,00
12069,171668210.00,00,00
12070,171669810.00,06,00
12071,171671410.00,E0,00
12072,171673010.00,F2,00
12073,171674610.00,42,00
12074,171676210.00,00,00
12075,171677810.00,00,00
12076,171679410.00,06,00
12077,171681010.00,80,00
12078,171682610.00,0B,00
12079,171911410.00,42,00
12080,171913010.00,07,00
12081,171914610.00,80,00
12082,171916210.00,06,00
12083,171917810.00,80,00
12084,171919410.00,0B,00
12085,171921010.00,80,00
12086,171922610.00,04,00
12087,171924210.00,00,00
12088,171925810.00,06,00
12089,171927410.00,E0,00
12090,171929010.00,F2,00
12091,171930610.00,42,00
12092,171932210.00,00,00
12093,171933810.00,00,00
12094,171935410.00,06,00
12095,171937010.00,80,00
12096,171938610.00,0B,00
12097,172167410.00,42,00
12098,172169010.00,07,00
12099,172170610.00,80,00
12100,172172210.00,06,00
12101,172173810.00,80,00
12102,172175410.00,0B,00
12103,172177010.00,80,00
12104,172178610.00,04,00
12105,172180210.00,00,00
12106,172181810.00,06,00
12107,172183410.00,68,00
12108,172185010.00,E2,00
12109,172186610.00,C2,00
12110,172188210.00,00,00
12111,172189810.00,00,00
12112,172191410.00,06,00
12113,172193010.00,80,00
12114,172194610.00,0B,00
12115,172423410.00,42,00
12116,172425010.00,07,00
12117,172426610.00,80,00
12118,172428210.00,06,00
12119,172429810.00,80,00
12120,172431410.00,0B,00
12121,172433010.00,80,00
12122,172434610.00,04,00
12123,172436210.00,00,00
12124,172437810.00,06,00
12125,172439410.00,68,00
12126,172441010.00,E2,00
12127,172442610.00,C2,00
12128,172444210.00,00,00
12129,172445810.00,00,00
12130,172447410.00,06,00
12131,172449010.00,80,00
12132,172450610.00,0B,00
12133,172679410.00,42,00
12134,172681010.00,07,00
12135,172682610.00,80,00
12136,172684210.00,06,00
12137,172685810.00,80,00
12138,172687410.00,0B,00
12139,172689010.00,80,00
12140,172690610.00,04,00
12141,172692210.00,00,00
12142,172693810.00,06,00
12143,172695410.00,68,00
12144,172697010.00,E2,00
12145,172698610.00,C2,00
12146,172700210.00,00,00
12147,172701810.00,00,00
12148,172703410.00,0E,00
12149,172705010.00,80,00
12150,172706610.00,0B,00
12151,172935420.00,C6,00
12152,172937020.00,0F,00
12153,172938620.00,80,00
12154,172940220.00,0F,00
12155,172941820.00,80,00
12156,172943420.00,1F,00
12157,172945020.00,80,00
12158,172946620.00,0C,00
12159,172948220.00,00,00
12160,172949820.00,0E,00
12161,172951420.00,F9,00
12162,172953020.00,E7,00
12163,172954620.00,C2,00
12164,172956220.00,00,00
12165,172957820.00,00,00
12166,172959420.00,0F,00
12167,172961020.00,80,00
12168,172962620.00,1F,00
12169,173191420.00,42,00
12170,173193020.00,07,00
12171,173194620.00,80,00
12172,173196220.00,06,00
12173,173197820.00,80,00
12174,173199420.00,0B,00
12175,173201020.00,80,00
12176,173202620.00,04,00
12177,173204220.00,00,00
12178,173205820.00,06,00
12179,173207420.00,68,00
12180,173209020.00,E2,00
12181,173210620.00,C2,00
12182,173212220.00,00,00
12183,173213820.00,00,00
12184,173215420.00,06,00
12185,173217020.00,80,00
12186,173218620.00,0B,00
12187,173447420.00,42,00
12188,173449020.00,07,00
12189,173450620.00,80,00
12190,173452220.00,06,00
12191,173453820.00,80,00
12192,173455420.00,0B,00
12193,173457020.00,80,00
12194,173458620.00,04,00
12195,173460220.00,00,00
12196,173461820.00,06,00
12197,173463420.00,68,00
12198,173465020.00,E2,00
12199,173466620.00,C2,00
12200,173468220.00,00,00
12201,173469820.00,00,00
12202,173471420.00,06,00
12203,173473020.00,80,00
12204,173474620.00,0B,00
12205,173703420.00,42,00
12206,173705020.00,07,00
12207,173706620.00,80,00
12208,173708220.00,06,00
12209,173709820.00,80,00
12210,173711420.00,0B,00
12211,173713020.00,80,00
12212,173714620.00,04,00
12213,173716220.00,00,00
12214,173717820.00,06,00
12215,173719420.00,68,00
12216,173721020.00,E2,00
12217,173722620.00,C2,00
12218,173724220.00,00,00
12219,173725820.00,00,00
12220,173727420.00,06,00
12221,173729020.00,80,00
12222,173730620.00,0B,00
12223,173959420.00,42,00
12224,173961020.00,07,00
12225,173962620.00,80,00
12226,173964220.00,06,00
12227,173965820.00,80,00
12228,173967420.00,0B,00
12229,173969020.00,80,00
12230,173970620.00,04,00
12231,173972220.00,00,00
12232,173973820.00,06,00
12233,173975420.00,E0,00
12234,173977020.00,F2,00
12235,173978620.00,42,00
12236,173980220.00,00,00
12237,173981820.00,00,00
12238,173983420.00,06,00
12239,173985020.00,80,00
12240,173986620.00,0B,00
12241,174215470.00,42,00
12242,174217070.00,07,00
12243,174218670.00,80,00
12244,174220270.00,06,00
12245,174221870.00,80,00
12246,174223470.00,0B,00
12247,174225070.00,80,00
12248,174226670.00,04,00
12249,174228270.00,00,00
12250,174229870.00,06,00
12251,174231470.00,68,00
12252,174233070.00,E2,00
12253,174234670.00,C2,00
12254,174236270.00,00,00
12255,174237870.00,00,00
12256,174239470.00,06,00
12257,174241070.00,80,00
12258,174242670.00,0B,00
12259,174471420.00,42,00
12260,174473020.00,07,00
12261,174474620.00,80,00
12262,174476220.00,06,00
12263,174477820.00,80,00
12264,174479420.00,0B,00
12265,174481030.00,00,00
12266,174482630.00,04,00
12267,174484220.00,00,00
12268,174485820.00,0E,00
12269,174487430.00,E8,00
12270,174489030.00,E2,00
12271,174490620.00,C2,00
12272,174492220.00,00,00
12273,174493820.00,00,00
12274,174495420.00,06,00
12275,174497020.00,80,00
12276,174498620.00,0F,00
12277,174727430.00,C6,00
12278,174729030.00,0F,00
12279,174730630.00,80,00
12280,174732230.00,0F,00
12281,174733830.00,80,00
12282,174735430.00,1F,00
12283,174737030.00,80,00
12284,174738630.00,0C,00
12285,174740230.00,00,00
12286,174741830.00,0E,00
12287,174743430.00,F9,00
12288,174745030.00,E2,00
12289,174746630.00,C6,00
12290,174748230.00,00,00
12291,174749830.00,00,00
12292,174751430.00,0F,00
12293,174753030.00,80,00
12294,174754630.00,1F,00
12295,174983430.00,42,00
12296,174985030.00,07,00
12297,174986630.00,80,00
12298,174988230.00,06,00
12299,174989830.00,80,00
12300,174991430.00,0B,00
12301,174993030.00,80,00
12302,174994630.00,04,00
12303,174996230.00,00,00
12304,174997830.00,06,00
12305,174999430.00,68,00
12306,175001030.00,E2,00
12307,175002630.00,C2,00
12308,175004230.00,00,00
12309,175005830.00,00,00
12310,175007430.00,06,00
12311,175009030.00,80,00
12312,175010630.00,0B,00
12313,175239480.00,42,00
12314,175241080.00,07,00
12315,175242680.00,80,00
12316,175244280.00,06,00
12317,175245880.00,80,00
12318,175247480.00,0B,00
12319,175249080.00,80,00
12320,175250680.00,04,00
12321,175252280.00,00,00
12322,175253880.00,06,00
12323,175255480.00,68,00
12324,175257080.00,E2,00
12325,175258680.00,C2,00
12326,175260280.00,00,00
12327,175261880.00,00,00
12328,175263480.00,06,00
12329,175265080.00,80,00
12330,175266680.00,0B,00
12331,175495430.00,42,00
12332,175497030.00,07,00
12333,175498630.00,80,00
12334,175500230.00,06,00
12335,175501830.00,80,00
12336,175503430.00,0B,00
12337,175505030.00,80,00
12338,175506630.00,04,00
12339,175508230.00,00,00
12340,175509830.00,06,00
12341,175511430.00,E0,00
12342,175513030.00,F2,00
12343,175514630.00,42,00
12344,175516230.00,00,00
12345,175517830.00,00,00
12346,175519430.00,06,00
12347,175521030.00,80,00
12348,175522630.00,0B,00
12349,175751430.00,42,00
12350,175753030.00,07,00
12351,175754630.00,80,00
12352,175756230.00,06,00
12353,175757830.00,80,00
12354,175759430.00,0B,00
12355,175761030.00,80,00
12356,175762630.00,04,00
12357,175764230.00,00,00
12358,175765830.00,06,00
12359,175767430.00,68,00
12360,175769030.00,E2,00
12361,175770630.00,C2,00
12362,175772230.00,00,00
12363,175773830.00,00,00
12364,175775430.00,06,00
12365,175777030.00,80,00
12366,175778630.00,0B,00
12367,176007430.00,42,00
12368,176009030.00,07,00
12369,176010630.00,80,00
12370,176012230.00,06,00
12371,176013830.00,80,00
12372,176015430.00,0B,00
12373,176017030.00,80,00
12374,176018630.00,04,00
12375,176020230.00,00,00
12376,176021830.00,06,00
12377,176023430.00,68,00
12378,176025030.00,E2,00
12379,176026630.00,C2,00
12380,176028230.00,00,00
12381,176029830.00,00,00
12382,176031430.00,06,00
12383,176033030.00,80,00
12384,176034630.00,0B,00
12385,176263480.00,42,00
12386,176265080.00,07,00
12387,176266680.00,80,00
12388,176268280.00,07,00
12389,176269890.00,80,00
12390,176271490.00,1F,00
12391,176273080.00,80,00
12392,176274680.00,04,00
12393,176276280.00,00,00
12394,176277880.00,07,00
12395,176279490.00,E0,00
12396,176281080.00,F6,00
12397,176282680.00,44,00
12398,176284280.00,00,00
12399,176285880.00,00,00
12400,176287480.00,07,00
12401,176289090.00,00,00
12402,176290690.00,1F,00
12403,176519440.00,C6,00
12404,176521040.00,0F,00
12405,176522640.00,80,00
12406,176524240.00,0F,00
12407,176525840.00,80,00
12408,176527440.00,1F,00
12409,176529040.00,80,00
12410,176530640.00,0C,00
12411,176532240.00,00,00
12412,176533840.00,0E,00
12413,176535440.00,F9,00
12414,176537040.00,E6,00
12415,176538640.00,C2,00
12416,176540240.00,00,00
12417,176541840.00,00,00
12418,176543440.00,0E,00
12419,176545040.00,80,00
12420,176546640.00,0F,00
12421,176775440.00,42,00
12422,176777040.00,07,00
12423,176778640.00,80,00
12424,176780240.00,06,00
12425,176781840.00,80,00
12426,176783440.00,0B,00
12427,176785040.00,80,00
12428,176786640.00,04,00
12429,176788240.00,00,00
12430,176789840.00,06,00
12431,176791440.00,E0,00
12432,176793040.00,F2,00
12433,176794640.00,42,00
12434,176796240.00,00,00
12435,176797840.00,00,00
12436,176799440.00,06,00
12437,176801040.00,80,00
12438,176802640.00,0B,00
12439,177031440.00,42,00
12440,177033040.00,07,00
12441,177034640.00,80,00
12442,177036240.00,06,00
12443,177037840.00,80,00
12444,177039440.00,0B,00
12445,177041040.00,00,00
12446,177042640.00,04,00
12447,177044240.00,00,00
12448,177045840.00,06,00
12449,177047440.00,3D,00
12450,177049040.00,CA,00
12451,177050640.00,42,00
12452,177052240.00,00,00
12453,177053840.00,00,00
12454,177055440.00,06,00
12455,177057040.00,80,00
12456,177058640.00,0B,00
12457,177287490.00,42,00
12458,177289090.00,07,00
12459,177290690.00,80,00
12460,177292290.00,06,00
12461,177293890.00,80,00
12462,177295490.00,0B,00
12463,177297090.00,80,00
12464,177298690.00,04,00
12465,177300290.00,00,00
12466,177301890.00,06,00
12467,177303490.00,68,00
12468,177305090.00,E2,00
12469,177306690.00,C2,00
12470,177308290.00,00,00
12471,177309890.00,00,00
12472,177311490.00,06,00
12473,177313090.00,80,00
12474,177314690.00,0B,00
12475,177543440.00,42,00
12476,177545040.00,07,00
12477,177546640.00,80,00
12478,177548240.00,06,00
12479,177549840.00,80,00
12480,177551440.00,0B,00
12481,177553040.00,80,00
12482,177554640.00,04,00
12483,177556240.00,00,00
12484,177557840.00,06,00
12485,177559440.00,68,00
12486,177561040.00,E2,00
12487,177562640.00,C2,00
12488,177564240.00,00,00
12489,177565840.00,00,00
12490,177567440.00,06,00
12491,177569040.00,80,00
12492,177570640.00,0B,00
12493,177799440.00,42,00
12494,177801040.00,07,00
12495,177802640.00,80,00
12496,177804240.00,06,00
12497,177805840.00,80,00
12498,177807440.00,0B,00
12499,177809040.00,80,00
12500,177810640.00,04,00
12501,177812240.00,00,00
12502,177813840.00,06,00
12503,177815440.00,68,00
12504,177817040.00,E2,00
12505,177818640.00,C2,00
12506,177820240.00,00,00
12507,177821840.00,00,00
12508,177823440.00,06,00
12509,177825040.00,80,00
12510,177826640.00,0B,00
12511,178055440.00,42,00
12512,178057040.00,07,00
12513,178058640.00,80,00
12514,178060250.00,0F,00
12515,178061840.00,80,00
12516,178063440.00,1B,00
12517,178065040.00,80,00
12518,178066650.00,04,00
12519,178068240.00,00,00
12520,178069850.00,0E,00
12521,178071450.00,E8,00
12522,178073040.00,C7,00
12523,178074650.00,C4,00
12524,178076250.00,00,00
12525,178077850.00,00,00
12526,178079440.00,07,00
12527,178081040.00,80,00
12528,178082650.00,0B,00
12529,178311500.00,C6,00
12530,178313100.00,0F,00
12531,178314700.00,80,00
12532,178316300.00,0F,00
12533,178317900.00,80,00
12534,178319500.00,1F,00
12535,178321100.00,80,00
12536,178322700.00,0C,00
12537,178324300.00,00,00
12538,178325900.00,06,00
12539,178327500.00,79,00
12540,178329100.00,E7,00
12541,178330700.00,C2,00
12542,178332300.00,00,00
12543,178333900.00,00,00
12544,178335500.00,0E,00
12545,178337100.00,80,00
12546,178338700.00,0F,00
12547,178567450.00,42,00
12548,178569050.00,07,00
12549,178570650.00,80,00
12550,178572250.00,06,00
12551,178573850.00,80,00
12552,178575450.00,0B,00
12553,178577050.00,80,00
12554,178578650.00,04,00
12555,178580250.00,00,00
12556,178581850.00,06,00
12557,178583450.00,68,00
12558,178585050.00,E2,00
12559,178586650.00,C2,00
12560,178588250.00,00,00
12561,178589850.00,00,00
12562,178591450.00,06,00
12563,178593050.00,80,00
12564,178594650.00,0B,00
12565,178823450.00,42,00
12566,178825050.00,07,00
12567,178826650.00,80,00
12568,178828250.00,06,00
12569,178829850.00,80,00
12570,178831450.00,0B,00
12571,178833050.00,80,00
12572,178834650.00,04,00
12573,178836250.00,00,00
12574,178837850.00,06,00
12575,178839450.00,68,00
12576,178841050.00,E2,00
12577,178842650.00,C2,00
12578,178844250.00,00,00
12579,178845850.00,00,00
12580,178847450.00,06,00
12581,178849050.00,80,00
12582,178850650.00,0B,00
12583,179079450.00,42,00
12584,179081050.00,07,00
12585,179082650.00,80,00
12586,179084250.00,06,00
12587,179085850.00,80,00
12588,179087450.00,0B,00
12589,179089050.00,80,00
12590,179090650.00,04,00
12591,179092250.00,00,00
12592,179093850.00,06,00
12593,179095450.00,68,00
12594,179097050.00,E2,00
12595,179098650.00,C2,00
12596,179100250.00,00,00
12597,179101850.00,00,00
12598,179103450.00,06,00
12599,179105050.00,80,00
12600,179106650.00,0B,00
12601,179335500.00,42,00
12602,179337100.00,07,00
12603,179338700.00,80,00
12604,179340300.00,06,00
12605,179341900.00,80,00
12606,179343500.00,0B,00
12607,179345100.00,80,00
12608,179346700.00,04,00
12609,179348300.00,00,00
12610,179349900.00,06,00
12611,179351500.00,68,00
12612,179353100.00,E2,00
12613,179354700.00,C2,00
12614,179356300.00,00,00
12615,179357900.00,00,00
12616,179359500.00,06,00
12617,179361100.00,80,00
12618,179362700.00,0B,00
12619,179591450.00,42,00
12620,179593050.00,07,00
12621,179594650.00,80,00
12622,179596250.00,06,00
12623,179597850.00,80,00
12624,179599450.00,0B,00
12625,179601050.00,80,00
12626,179602650.00,04,00
12627,179604250.00,00,00
12628,179605850.00,06,00
12629,179607450.00,68,00
12630,179609050.00,E2,00
12631,179610650.00,C2,00
12632,179612250.00,00,00
12633,179613850.00,00,00
12634,179615450.00,06,00
12635,179617050.00,80,00
12636,179618650.00,0B,00
12637,179847450.00,42,00
12638,179849060.00,07,00
12639,179850650.00,80,00
12640,179852260.00,0D,00
12641,179853860.00,00,00
12642,179855460.00,1F,00
12643,179857060.00,80,00
12644,179858660.00,0C,00
12645,179860260.00,00,00
12646,179861860.00,0C,00
12647,179863450.00,60,00
12648,179865050.00,E6,00
12649,179866650.00,86,00
12650,179868260.00,00,00
12651,179869860.00,00,00
12652,179871460.00,0D,00
12653,179873060.00,80,00
12654,179874660.00,17,00
12655,180103460.00,C6,00
12656,180105060.00,0F,00
12657,180106660.00,80,00
12658,180108260.00,0E,00
12659,180109860.00,80,00
12660,180111460.00,0B,00
12661,180113060.00,80,00
12662,180114660.00,04,00
12663,180116260.00,00,00
12664,180117860.00,0E,00
12665,180119460.00,68,00
12666,180121060.00,E2,00
12667,180122660.00,C2,00
12668,180124260.00,00,00
12669,180125860.00,00,00
12670,180127460.00,07,00
12671,180129060.00,80,00
12672,180130660.00,0B,00
12673,180359510.00,42,00
12674,180361110.00,07,00
12675,180362710.00,80,00
12676,180364310.00,06,00
12677,180365910.00,80,00
12678,180367510.00,0B,00
12679,180369110.00,80,00
12680,180370710.00,04,00
12681,180372310.00,00,00
12682,180373910.00,06,00
12683,180375510.00,E0,00
12684,180377110.00,F2,00
12685,180378710.00,42,00
12686,180380310.00,00,00
12687,180381910.00,00,00
12688,180383510.00,06,00
12689,180385110.00,80,00
12690,180386710.00,0B,00
12691,180615460.00,42,00
12692,180617060.00,07,00
12693,180618660.00,80,00
12694,180620260.00,06,00
12695,180621860.00,80,00
12696,180623460.00,0B,00
12697,180625060.00,80,00
12698,180626660.00,04,00
12699,180628260.00,00,00
12700,180629860.00,06,00
12701,180631460.00,68,00
12702,180633060.00,E2,00
12703,180634660.00,C2,00
12704,180636260.00,00,00
12705,180637860.00,00,00
12706,180639460.00,06,00
12707,180641060.00,80,00
12708,180642660.00,0B,00
12709,180871460.00,42,00
12710,180873060.00,07,00
12711,180874660.00,80,00
12712,180876260.00,06,00
12713,180877860.00,80,00
12714,180879460.00,0B,00
12715,180881060.00,80,00
12716,180882660.00,04,00
12717,180884260.00,00,00
12718,180885860.00,06,00
12719,180887460.00,68,00
12720,180889060.00,E2,00
12721,180890660.00,C2,00
12722,180892260.00,00,00
12723,180893860.00,00,00
12724,180895460.00,06,00
12725,180897060.00,80,00
12726,180898660.00,0B,00
12727,181127460.00,42,00
12728,181129060.00,07,00
12729,181130660.00,80,00
12730,181132260.00,06,00
12731,181133860.00,80,00
12732,181135460.00,0B,00
12733,181137060.00,80,00
12734,181138660.00,04,00
12735,181140260.00,00,00
12736,181141860.00,06,00
12737,181143460.00,68,00
12738,181145060.00,E2,00
12739,181146660.00,C2,00
12740,181148260.00,00,00
12741,181149860.00,00,00
12742,181151460.00,06,00
12743,181153060.00,80,00
12744,181154660.00,0B,00
12745,181383510.00,42,00
12746,181385110.00,07,00
12747,181386710.00,80,00
12748,181388310.00,06,00
12749,181389910.00,80,00
12750,181391510.00,0B,00
12751,181393110.00,80,00
12752,181394710.00,04,00
12753,181396310.00,00,00
12754,181397910.00,06,00
12755,181399510.00,68,00
12756,181401110.00,E2,00
12757,181402710.00,C2,00
12758,181404310.00,00,00
12759,181405910.00,00,00
12760,181407510.00,06,00
12761,181409110.00,80,00
12762,181410710.00,0B,00
12763,181639470.00,C6,00
12764,181641070.00,0F,00
12765,181642660.00,80,00
12766,181644260.00,0F,00
12767,181645870.00,80,00
12768,181647470.00,1F,00
12769,181649070.00,80,00
12770,181650670.00,08,00
12771,181652270.00,00,00
12772,181653870.00,0F,00
12773,181655470.00,C1,00
12774,181657070.00,F6,00
12775,181658670.00,C4,00
12776,181660270.00,00,00
12777,181661870.00,00,00
12778,181663470.00,0F,00
12779,181665070.00,80,00
12780,181666670.00,1F,00
12781,181895470.00,C6,00
12782,181897070.00,07,00
12783,181898670.00,80,00
12784,181900270.00,0E,00
12785,181901870.00,00,00
12786,181903470.00,0B,00
12787,181905070.00,80,00
12788,181906670.00,04,00
12789,181908270.00,00,00
12790,181909870.00,06,00
12791,181911470.00,FD,00
12792,181913070.00,C2,00
12793,181914670.00,C2,00
12794,181916270.00,00,00
12795,181917870.00,00,00
12796,181919470.00,06,00
12797,181921070.00,00,00
12798,181922670.00,0B,00
12799,182151470.00,42,00
12800,182153070.00,07,00
12801,182154670.00,80,00
12802,182156270.00,06,00
12803,182157870.00,80,00
12804,182159470.00,0B,00
12805,182161070.00,80,00
12806,182162670.00,04,00
12807,182164270.00,00,00
12808,182165870.00,06,00
12809,182167470.00,E0,00
12810,182169070.00,F2,00
12811,182170670.00,42,00
12812,182172270.00,00,00
12813,182173870.00,00,00
12814,182175470.00,06,00
12815,182177070.00,80,00
12816,182178670.00,0B,00
12817,182407470.00,42,00
12818,182409070.00,07,00
12819,182410670.00,80,00
12820,182412270.00,06,00
12821,182413870.00,80,00
12822,182415470.00,0B,00
12823,182417070.00,80,00
12824,182418670.00,04,00
12825,182420270.00,00,00
12826,182421870.00,06,00
12827,182423470.00,E0,00
12828,182425070.00,F2,00
12829,182426670.00,42,00
12830,182428270.00,00,00
12831,182429870.00,00,00
12832,182431470.00,06,00
12833,182433070.00,80,00
12834,182434670.00,0B,00
12835,182663470.00,42,00
12836,182665070.00,07,00
12837,182666670.00,80,00
12838,182668270.00,06,00
12839,182669870.00,80,00
12840,182671470.00,0B,00
12841,182673070.00,80,00
12842,182674670.00,04,00
12843,182676270.00,00,00
12844,182677870.00,06,00
12845,182679470.00,68,00
12846,182681070.00,E2,00
12847,182682670.00,C2,00
12848,182684270.00,00,00
12849,182685870.00,00,00
12850,182687470.00,06,00
12851,182689070.00,80,00
12852,182690670.00,0B,00
12853,182919470.00,42,00
12854,182921070.00,07,00
12855,182922670.00,80,00
12856,182924270.00,06,00
12857,182925870.00,80,00
12858,182927470.00,0B,00
12859,182929070.00,80,00
12860,182930670.00,04,00
12861,182932270.00,00,00
12862,182933870.00,06,00
12863,182935470.00,68,00
12864,182937070.00,E2,00
12865,182938670.00,C2,00
12866,182940270.00,00,00
12867,182941870.00,00,00
12868,182943470.00,06,00
12869,182945070.00,80,00
12870,182946670.00,0B,00
12871,183175470.00,42,00
12872,183177070.00,07,00
12873,183178670.00,80,00
12874,183180270.00,06,00
12875,183181870.00,80,00
12876,183183470.00,0B,00
12877,183185070.00,80,00
12878,183186670.00,04,00
12879,183188270.00,00,00
12880,183189870.00,06,00
12881,183191470.00,E0,00
12882,183193070.00,F2,00
12883,183194670.00,42,00
12884,183196270.00,00,00
12885,183197870.00,00,00
12886,183199470.00,06,00
12887,183201070.00,80,00
12888,183202670.00,0B,00
12889,183431480.00,C6,00
12890,183433080.00,0F,00
12891,183434680.00,80,00
12892,183436280.00,0F,00
12893,183437880.00,80,00
12894,183439480.00,1F,00
12895,183441080.00,80,00
12896,183442680.00,0C,00
12897,183444280.00,00,00
12898,183445880.00,0C,00
12899,183447480.00,F9,00
12900,183449080.00,E7,00
12901,183450680.00,C6,00
12902,183452280.00,00,00
12903,183453880.00,00,00
12904,183455480.00,0F,00
12905,183457080.00,80,00
12906,183458680.00,1F,00
12907,183687480.00,C6,00
12908,183689080.00,0F,00
12909,183690680.00,80,00
12910,183692280.00,06,00
12911,183693880.00,80,00
12912,183695480.00,0B,00
12913,183697080.00,80,00
12914,183698680.00,04,00
12915,183700280.00,00,00
12916,183701880.00,06,00
12917,183703480.00,68,00
12918,183705080.00,E2,00
12919,183706680.00,C2,00
12920,183708280.00,00,00
12921,183709880.00,00,00
12922,183711480.00,06,00
12923,183713080.00,80,00
12924,183714680.00,0B,00
12925,183943480.00,42,00
12926,183945080.00,07,00
12927,183946680.00,80,00
12928,183948280.00,06,00
12929,183949880.00,80,00
12930,183951480.00,0B,00
12931,183953080.00,80,00
12932,183954680.00,04,00
12933,183956280.00,00,00
12934,183957880.00,06,00
12935,183959480.00,68,00
12936,183961080.00,E2,00
12937,183962680.00,C2,00
12938,183964280.00,00,00
12939,183965880.00,00,00
12940,183967480.00,06,00
12941,183969080.00,80,00
12942,183970680.00,0B,00
12943,184199530.00,42,00
12944,184201130.00,07,00
12945,184202730.00,80,00
12946,184204330.00,06,00
12947,184205930.00,80,00
12948,184207530.00,0B,00
12949,184209130.00,80,00
12950,184210730.00,04,00
12951,184212330.00,00,00
12952,184213930.00,06,00
12953,184215530.00,68,00
12954,184217130.00,E2,00
12955,184218730.00,C2,00
12956,184220330.00,00,00
12957,184221930.00,00,00
12958,184223530.00,06,00
12959,184225130.00,80,00
12960,184226730.00,0B,00
12961,184455480.00,42,00
12962,184457080.00,07,00
12963,184458680.00,80,00
12964,184460280.00,06,00
12965,184461880.00,80,00
12966,184463480.00,0B,00
12967,184465080.00,80,00
12968,184466680.00,04,00
12969,184468280.00,00,00
12970,184469880.00,06,00
12971,184471480.00,68,00
12972,184473080.00,E2,00
12973,184474680.00,C2,00
12974,184476280.00,00,00
12975,184477880.00,00,00
12976,184479480.00,06,00
12977,184481080.00,80,00
12978,184482680.00,0B,00
12979,184711480.00,42,00
12980,184713080.00,07,00
12981,184714680.00,80,00
12982,184716280.00,06,00
12983,184717880.00,80,00
12984,184719480.00,0B,00
12985,184721080.00,80,00
12986,184722680.00,04,00
12987,184724280.00,00,00
12988,184725880.00,06,00
12989,184727480.00,68,00
12990,184729080.00,E2,00
12991,184730680.00,C2,00
12992,184732280.00,00,00
12993,184733880.00,00,00
12994,184735480.00,06,00
12995,184737080.00,80,00
12996,184738680.00,0B,00
12997,184967480.00,42,00
12998,184969080.00,07,00
12999,184970680.00,80,00
13000,184972280.00,06,00
13001,184973880.00,80,00
13002,184975480.00,0B,00
13003,184977080.00,80,00
13004,184978680.00,04,00
13005,184980280.00,00,00
13006,184981880.00,06,00
13007,184983480.00,68,00
13008,184985080.00,E2,00
13009,184986680.00,C2,00
13010,184988280.00,00,00
13011,184989880.00,00,00
13012,184991480.00,06,00
13013,184993080.00,80,00
13014,184994680.00,0B,00
13015,185223540.00,C6,00
13016,185225140.00,0F,00
13017,185226740.00,80,00
13018,185228340.00,0F,00
13019,185229940.00,80,00
13020,185231540.00,1F,00
13021,185233140.00,80,00
13022,185234740.00,0C,00
13023,185236340.00,00,00
13024,185237940.00,0E,00
13025,185239540.00,F9,00
13026,185241140.00,E7,00
13027,185242740.00,C6,00
13028,185244340.00,00,00
13029,185245940.00,00,00
13030,185247540.00,0F,00
13031,185249140.00,80,00
13032,185250740.00,1F,00
13033,185479490.00,42,00
13034,185481090.00,07,00
13035,185482690.00,80,00
13036,185484290.00,06,00
13037,185485890.00,80,00
13038,185487490.00,0B,00
13039,185489090.00,80,00
13040,185490690.00,04,00
13041,185492290.00,00,00
13042,185493890.00,06,00
13043,185495490.00,68,00
13044,185497090.00,E2,00
13045,185498690.00,C2,00
13046,185500290.00,00,00
13047,185501890.00,00,00
13048,185503490.00,06,00
13049,185505090.00,80,00
13050,185506690.00,0B,00
13051,185735490.00,42,00
13052,185737090.00,07,00
13053,185738690.00,80,00
13054,185740290.00,06,00
13055,185741890.00,80,00
13056,185743490.00,0B,00
13057,185745090.00,80,00
13058,185746690.00,04,00
13059,185748290.00,00,00
13060,185749890.00,06,00
13061,185751490.00,68,00
13062,185753090.00,E2,00
13063,185754690.00,C2,00
13064,185756290.00,00,00
13065,185757890.00,00,00
13066,185759490.00,06,00
13067,185761090.00,80,00
13068,185762690.00,0B,00
13069,185991490.00,42,00
13070,185993090.00,07,00
13071,185994690.00,80,00
13072,185996290.00,06,00
13073,185997890.00,80,00
13074,185999490.00,0B,00
13075,186001090.00,80,00
13076,186002690.00,04,00
13077,186004290.00,00,00
13078,186005890.00,06,00
13079,186007490.00,68,00
13080,186009090.00,E2,00
13081,186010690.00,C2,00
13082,186012290.00,00,00
13083,186013890.00,00,00
13084,186015490.00,06,00
13085,186017090.00,80,00
13086,186018690.00,0B,00
13087,186247540.00,42,00
13088,186249140.00,07,00
13089,186250740.00,80,00
13090,186252340.00,06,00
13091,186253940.00,80,00
13092,186255540.00,0B,00
13093,186257140.00,80,00
13094,186258740.00,04,00
13095,186260340.00,00,00
13096,186261940.00,06,00
13097,186263540.00,68,00
13098,186265140.00,E2,00
13099,186266740.00,C2,00
13100,186268340.00,00,00
13101,186269940.00,00,00
13102,186271540.00,06,00
13103,186273140.00,80,00
13104,186274740.00,0B,00
13105,186503490.00,42,00
13106,186505090.00,07,00
13107,186506690.00,80,00
13108,186508290.00,06,00
13109,186509890.00,80,00
13110,186511490.00,0B,00
13111,186513090.00,80,00
13112,186514690.00,04,00
13113,186516290.00,00,00
13114,186517890.00,06,00
13115,186519490.00,68,00
13116,186521090.00,E2,00
13117,186522690.00,C2,00
13118,186524290.00,00,00
13119,186525890.00,00,00
13120,186527490.00,06,00
13121,186529090.00,80,00
13122,186530690.00,0B,00
13123,186759490.00,42,00
13124,186761090.00,07,00
13125,186762690.00,80,00
13126,186764290.00,06,00
13127,186765890.00,80,00
13128,186767490.00,0B,00
13129,186769090.00,80,00
13130,186770690.00,04,00
13131,186772290.00,00,00
13132,186773890.00,06,00
13133,186775490.00,68,00
13134,186777090.00,E2,00
13135,186778690.00,C2,00
13136,186780290.00,00,00
13137,186781890.00,00,00
13138,186783490.00,06,00
13139,186785090.00,80,00
13140,186786690.00,0B,00
13141,187015500.00,C6,00
13142,187017100.00,0F,00
13143,187018700.00,80,00
13144,187020300.00,0F,00
13145,187021900.00,80,00
13146,187023500.00,1F,00
13147,187025100.00,80,00
13148,187026700.00,0C,00
13149,187028300.00,00,00
13150,187029900.00,0E,00
13151,187031500.00,F9,00
13152,187033100.00,E7,00
13153,187034700.00,C6,00
13154,187036300.00,00,00
13155,187037900.00,00,00
13156,187039500.00,0F,00
13157,187041100.00,80,00
13158,187042700.00,1F,00
13159,187271550.00,42,00
13160,187273150.00,07,00
13161,187274750.00,80,00
13162,187276350.00,06,00
13163,187277950.00,80,00
13164,187279550.00,0B,00
13165,187281150.00,80,00
13166,187282750.00,04,00
13167,187284350.00,00,00
13168,187285950.00,06,00
13169,187287550.00,68,00
13170,187289150.00,E2,00
13171,187290750.00,C2,00
13172,187292350.00,00,00
13173,187293950.00,00,00
13174,187295550.00,06,00
13175,187297150.00,80,00
13176,187298750.00,0B,00
13177,187527500.00,42,00
13178,187529100.00,07,00
13179,187530700.00,80,00
13180,187532300.00,06,00
13181,187533900.00,80,00
13182,187535500.00,0B,00
13183,187537100.00,80,00
13184,187538700.00,03,00
13185,187540300.00,80,00
13186,187541900.00,06,00
13187,187543500.00,7E,00
13188,187545100.00,FA,00
13189,187546700.00,42,00
13190,187548300.00,00,00
13191,187549900.00,00,00
13192,187551500.00,06,00
13193,187553100.00,80,00
13194,187554700.00,0B,00
13195,187783500.00,42,00
13196,187785100.00,07,00
13197,187786700.00,80,00
13198,187788300.00,06,00
13199,187789900.00,80,00
13200,187791500.00,0B,00
13201,187793100.00,80,00
13202,187794700.00,03,00
13203,187796300.00,80,00
13204,187797900.00,06,00
13205,187799500.00,F6,00
13206,187801100.00,EA,00
13207,187802700.00,C2,00
13208,187804300.00,00,00
13209,187805900.00,00,00
13210,187807500.00,06,00
13211,187809100.00,80,00
13212,187810700.00,0B,00
13213,188039500.00,42,00
13214,188041100.00,07,00
13215,188042700.00,80,00
13216,188044300.00,06,00
13217,188045900.00,80,00
13218,188047500.00,0B,00
13219,188049100.00,80,00
13220,188050700.00,03,00
13221,188052300.00,80,00
13222,188053900.00,06,00
13223,188055500.00,F6,00
13224,188057100.00,EA,00
13225,188058700.00,C2,00
13226,188060300.00,00,00
13227,188061900.00,00,00
13228,188063500.00,06,00
13229,188065100.00,80,00
13230,188066700.00,0B,00
13231,188295550.00,42,00
13232,188297150.00,07,00
13233,188298750.00,80,00
13234,188300350.00,06,00
13235,188301950.00,80,00
13236,188303550.00,0B,00
13237,188305150.00,80,00
13238,188306750.00,03,00
13239,188308350.00,80,00
13240,188309950.00,06,00
13241,188311550.00,7E,00
13242,188313150.00,FA,00
13243,188314750.00,42,00
13244,188316350.00,00,00
13245,188317950.00,00,00
13246,188319550.00,06,00
13247,188321150.00,80,00
13248,188322750.00,0B,00
13249,188551500.00,42,00
13250,188553100.00,07,00
13251,188554700.00,80,00
13252,188556300.00,06,00
13253,188557900.00,80,00
13254,188559500.00,0B,00
13255,188561100.00,80,00
13256,188562700.00,03,00
13257,188564300.00,80,00
13258,188565910.00,06,00
13259,188567500.00,7E,00
13260,188569100.00,FA,00
13261,188570700.00,42,00
13262,188572310.00,00,00
13263,188573900.00,00,00
13264,188575500.00,06,00
13265,188577100.00,80,00
13266,188578700.00,0B,00
13267,188807510.00,C6,00
13268,188809110.00,0F,00
13269,188810710.00,80,00
13270,188812310.00,0F,00
13271,188813910.00,80,00
13272,188815510.00,1F,00
13273,188817110.00,80,00
13274,188818710.00,07,00
13275,188820310.00,80,00
13276,188821910.00,0F,00
13277,188823510.00,FF,00
13278,188825110.00,FF,00
13279,188826710.00,C6,00
13280,188828310.00,00,00
13281,188829910.00,00,00
13282,188831510.00,0F,00
13283,188833110.00,80,00
13284,188834710.00,1F,00
13285,189063510.00,42,00
13286,189065110.00,07,00
13287,189066710.00,80,00
13288,189068310.00,06,00
13289,189069910.00,80,00
13290,189071510.00,0B,00
13291,189073110.00,80,00
13292,189074710.00,04,00
13293,189076310.00,00,00
13294,189077910.00,06,00
13295,189079510.00,68,00
13296,189081110.00,E2,00
13297,189082710.00,C2,00
13298,189084310.00,00,00
13299,189085910.00,00,00
13300,189087510.00,06,00
13301,189089110.00,80,00
13302,189090710.00,0B,00
13303,189319560.00,42,00
13304,189321160.00,07,00
13305,189322760.00,80,00
13306,189324360.00,06,00
13307,189325960.00,80,00
13308,189327560.00,0B,00
13309,189329160.00,80,00
13310,189330760.00,04,00
13311,189332360.00,00,00
13312,189333960.00,06,00
13313,189335560.00,68,00
13314,189337160.00,E2,00
13315,189338760.00,C2,00
13316,189340360.00,00,00
13317,189341960.00,00,00
13318,189343560.00,06,00
13319,189345160.00,80,00
13320,189346760.00,0B,00
13321,189575510.00,42,00
13322,189577110.00,07,00
13323,189578710.00,80,00
13324,189580310.00,06,00
13325,189581910.00,80,00
13326,189583510.00,0B,00
13327,189585110.00,80,00
13328,189586710.00,04,00
13329,189588310.00,00,00
13330,189589910.00,06,00
13331,189591510.00,68,00
13332,189593110.00,E2,00
13333,189594710.00,C2,00
13334,189596310.00,00,00
13335,189597910.00,00,00
13336,189599510.00,06,00
13337,189601110.00,80,00
13338,189602710.00,0B,00
13339,189831510.00,42,00
13340,189833110.00,07,00
13341,189834710.00,80,00
13342,189836310.00,06,00
13343,189837910.00,80,00
13344,189839510.00,0B,00
13345,189841110.00,80,00
13346,189842710.00,04,00
13347,189844310.00,00,00
13348,189845910.00,06,00
13349,189847510.00,68,00
13350,189849110.00,E2,00
13351,189850710.00,C2,00
13352,189852310.00,00,00
13353,189853910.00,00,00
13354,189855510.00,06,00
13355,189857110.00,80,00
13356,189858710.00,0B,00
13357,190087510.00,42,00
13358,190089110.00,07,00
13359,190090710.00,80,00
13360,190092310.00,06,00
13361,190093910.00,80,00
13362,190095510.00,0B,00
13363,190097110.00,00,00
13364,190098710.00,04,00
13365,190100310.00,00,00
13366,190101910.00,06,00
13367,190103510.00,3D,00
13368,190105110.00,CA,00
13369,190106710.00,42,00
13370,190108310.00,00,00
13371,190109910.00,00,00
13372,190111510.00,06,00
13373,190113110.00,80,00
13374,190114710.00,0B,00
13375,190343560.00,46,00
13376,190345160.00,07,00
13377,190346770.00,80,00
13378,190348360.00,06,00
13379,190349960.00,80,00
13380,190351560.00,0F,00
13381,190353160.00,80,00
13382,190354760.00,04,00
13383,190356360.00,00,00
13384,190357960.00,07,00
13385,190359570.00,C1,00
13386,190361170.00,F2,00
13387,190362760.00,46,00
13388,190364360.00,00,00
13389,190365960.00,00,00
13390,190367560.00,06,00
13391,190369160.00,80,00
13392,190370770.00,0B,00
13393,190599520.00,C6,00
13394,190601120.00,0F,00
13395,190602720.00,80,00
13396,190604320.00,0F,00
13397,190605920.00,80,00
13398,190607520.00,1F,00
13399,190609120.00,80,00
13400,190610720.00,0C,00
13401,190612320.00,00,00
13402,190613920.00,0E,00
13403,190615520.00,F9,00
13404,190617120.00,E7,00
13405,190618720.00,C6,00
13406,190620320.00,00,00
13407,190621920.00,00,00
13408,190623520.00,0F,00
13409,190625120.00,80,00
13410,190626720.00,1F,00
13411,190855520.00,42,00
13412,190857120.00,07,00
13413,190858720.00,80,00
13414,190860320.00,06,00
13415,190861920.00,80,00
13416,190863520.00,0B,00
13417,190865120.00,80,00
13418,190866720.00,04,00
13419,190868320.00,00,00
13420,190869920.00,06,00
13421,190871520.00,68,00
13422,190873120.00,E2,00
13423,190874720.00,C2,00
13424,190876320.00,00,00
13425,190877920.00,00,00
13426,190879520.00,06,00
13427,190881120.00,80,00
13428,190882720.00,0B,00
13429,191111520.00,42,00
13430,191113120.00,07,00
13431,191114720.00,80,00
13432,191116320.00,06,00
13433,191117920.00,80,00
13434,191119520.00,0B,00
13435,191121120.00,80,00
13436,191122720.00,04,00
13437,191124320.00,00,00
13438,191125920.00,06,00
13439,191127520.00,68,00
13440,191129120.00,E2,00
13441,191130720.00,C2,00
13442,191132320.00,00,00
13443,191133920.00,00,00
13444,191135520.00,06,00
13445,191137120.00,80,00
13446,191138720.00,0B,00
13447,191367570.00,42,00
13448,191369170.00,07,00
13449,191370770.00,80,00
13450,191372370.00,06,00
13451,191373970.00,80,00
13452,191375570.00,0B,00
13453,191377170.00,00,00
13454,191378770.00,04,00
13455,191380370.00,00,00
13456,191381970.00,06,00
13457,191383570.00,3D,00
13458,191385170.00,CA,00
13459,191386770.00,42,00
13460,191388370.00,00,00
13461,191389970.00,00,00
13462,191391570.00,06,00
13463,191393170.00,80,00
13464,191394770.00,0B,00
13465,191623520.00,42,00
13466,191625120.00,07,00
13467,191626720.00,80,00
13468,191628320.00,06,00
13469,191629920.00,80,00
13470,191631520.00,0B,00
13471,191633120.00,00,00
13472,191634720.00,04,00
13473,191636320.00,00,00
13474,191637920.00,06,00
13475,191639520.00,3D,00
13476,191641120.00,CA,00
13477,191642720.00,42,00
13478,191644320.00,00,00
13479,191645920.00,00,00
13480,191647520.00,06,00
13481,191649120.00,80,00
13482,191650720.00,0B,00
13483,191879520.00,42,00
13484,191881120.00,07,00
13485,191882720.00,80,00
13486,191884320.00,06,00
13487,191885920.00,80,00
13488,191887520.00,0B,00
13489,191889120.00,80,00
13490,191890720.00,04,00
13491,191892320.00,00,00
13492,191893920.00,06,00
13493,191895520.00,68,00
13494,191897120.00,E2,00
13495,191898720.00,C2,00
13496,191900320.00,00,00
13497,191901920.00,00,00
13498,191903520.00,06,00
13499,191905120.00,80,00
13500,191906720.00,0B,00
13501,192135520.00,42,00
13502,192137120.00,07,00
13503,192138720.00,80,00
13504,192140320.00,06,00
13505,192141920.00,80,00
13506,192143520.00,0B,00
13507,192145120.00,80,00
13508,192146730.00,03,00
13509,192148320.00,80,00
13510,192149920.00,06,00
13511,192151530.00,FE,00
13512,192153120.00,F8,00
13513,192154730.00,C2,00
13514,192156320.00,00,00
13515,192157920.00,00,00
13516,192159520.00,07,00
13517,192161130.00,00,00
13518,192162730.00,0B,00
13519,192391580.00,C6,00
13520,192393180.00,0F,00
13521,192394780.00,80,00
13522,192396380.00,0F,00
13523,192397980.00,80,00
13524,192399580.00,1F,00
13525,192401180.00,80,00
13526,192402780.00,0C,00
13527,192404380.00,00,00
13528,192405980.00,0E,00
13529,192407580.00,F9,00
13530,192409180.00,E7,00
13531,192410780.00,C6,00
13532,192412380.00,00,00
13533,192413980.00,00,00
13534,192415580.00,0F,00
13535,192417180.00,80,00
13536,192418780.00,1F,00
13537,192647530.00,42,00
13538,192649130.00,07,00
13539,192650730.00,80,00
13540,192652330.00,06,00
13541,192653930.00,80,00
13542,192655530.00,0B,00
13543,192657130.00,80,00
13544,192658730.00,04,00
13545,192660330.00,00,00
13546,192661930.00,06,00
13547,192663530.00,68,00
13548,192665130.00,E2,00
13549,192666730.00,C2,00
13550,192668330.00,00,00
13551,192669930.00,00,00
13552,192671530.00,06,00
13553,192673130.00,80,00
13554,192674730.00,0B,00
13555,192903530.00,42,00
13556,192905130.00,07,00
13557,192906730.00,80,00
13558,192908330.00,06,00
13559,192909930.00,80,00
13560,192911530.00,0B,00
13561,192913130.00,80,00
13562,192914730.00,04,00
13563,192916330.00,00,00
13564,192917930.00,06,00
13565,192919530.00,68,00
13566,192921130.00,E2,00
13567,192922730.00,C2,00
13568,192924330.00,00,00
13569,192925930.00,00,00
13570,192927530.00,06,00
13571,192929130.00,80,00
13572,192930730.00,0B,00
13573,193159530.00,42,00
13574,193161130.00,07,00
13575,193162730.00,80,00
13576,193164330.00,06,00
13577,193165930.00,80,00
13578,193167530.00,0B,00
13579,193169130.00,80,00
13580,193170730.00,04,00
13581,193172330.00,00,00
13582,193173930.00,06,00
13583,193175530.00,68,00
13584,193177130.00,E2,00
13585,193178730.00,C2,00
13586,193180330.00,00,00
13587,193181930.00,00,00
13588,193183530.00,06,00
13589,193185130.00,80,00
13590,193186730.00,0B,00
13591,193415530.00,42,00
13592,193417130.00,07,00
13593,193418730.00,80,00
13594,193420330.00,06,00
13595,193421930.00,80,00
13596,193423530.00,0B,00
13597,193425130.00,80,00
13598,193426730.00,04,00
13599,193428330.00,00,00
13600,193429930.00,06,00
13601,193431530.00,68,00
13602,193433130.00,E2,00
13603,193434730.00,C2,00
13604,193436330.00,00,00
13605,193437930.00,00,00
13606,193439530.00,06,00
13607,193441130.00,80,00
13608,193442730.00,0B,00
13609,193671530.00,42,00
13610,193673130.00,07,00
13611,193674730.00,80,00
13612,193676330.00,06,00
13613,193677930.00,80,00
13614,193679530.00,0B,00
13615,193681130.00,80,00
13616,193682730.00,04,00
13617,193684330.00,00,00
13618,193685930.00,06,00
13619,193687530.00,68,00
13620,193689130.00,E2,00
13621,193690730.00,C2,00
13622,193692330.00,00,00
13623,193693930.00,00,00
13624,193695530.00,06,00
13625,193697130.00,80,00
13626,193698730.00,0B,00
13627,193927530.00,42,00
13628,193929130.00,07,00
13629,193930740.00,80,00
13630,193932330.00,07,00
13631,193933930.00,80,00
13632,193935530.00,17,00
13633,193937130.00,80,00
13634,193938740.00,0C,00
13635,193940340.00,00,00
13636,193941940.00,06,00
13637,193943540.00,E0,00
13638,193945130.00,E6,00
13639,193946740.00,C4,00
13640,193948330.00,00,00
13641,193949930.00,00,00
13642,193951540.00,0F,00
13643,193953140.00,00,00
13644,193954740.00,1B,00
13645,194183540.00,C6,00
13646,194185140.00,07,00
13647,194186740.00,80,00
13648,194188340.00,0F,00
13649,194189940.00,80,00
13650,194191540.00,1F,00
13651,194193140.00,80,00
13652,194194740.00,0C,00
13653,194196340.00,00,00
13654,194197940.00,06,00
13655,194199540.00,F8,00
13656,194201140.00,E7,00
13657,194202740.00,C2,00
13658,194204340.00,00,00
13659,194205940.00,00,00
13660,194207540.00,0F,00
13661,194209140.00,80,00
13662,194210740.00,0F,00
13663,194439540.00,42,00
13664,194441140.00,07,00
13665,194442740.00,80,00
13666,194444340.00,06,00
13667,194445940.00,80,00
13668,194447540.00,0B,00
13669,194449140.00,00,00
13670,194450740.00,04,00
13671,194452340.00,00,00
13672,194453940.00,06,00
13673,194455540.00,B5,00
13674,194457140.00,DA,00
13675,194458740.00,C2,00
13676,194460340.00,00,00
13677,194461940.00,00,00
13678,194463540.00,06,00
13679,194465140.00,80,00
13680,194466740.00,0B,00
13681,194695540.00,42,00
13682,194697140.00,07,00
13683,194698740.00,80,00
13684,194700340.00,06,00
13685,194701940.00,80,00
13686,194703540.00,0B,00
13687,194705140.00,80,00
13688,194706740.00,04,00
13689,194708340.00,00,00
13690,194709940.00,06,00
13691,194711540.00,68,00
13692,194713140.00,E2,00
13693,194714740.00,C2,00
13694,194716340.00,00,00
13695,194717940.00,00,00
13696,194719540.00,06,00
13697,194721140.00,80,00
13698,194722740.00,0B,00
13699,194951540.00,42,00
13700,194953140.00,07,00
13701,194954740.00,80,00
13702,194956340.00,06,00
13703,194957940.00,80,00
13704,194959540.00,0B,00
13705,194961140.00,80,00
13706,194962740.00,04,00
13707,194964340.00,00,00
13708,194965940.00,06,00
13709,194967540.00,68,00
13710,194969140.00,E2,00
13711,194970740.00,C2,00
13712,194972340.00,00,00
13713,194973940.00,00,00
13714,194975540.00,06,00
13715,194977140.00,80,00
13716,194978740.00,0B,00
13717,195207590.00,42,00
13718,195209190.00,07,00
13719,195210790.00,80,00
13720,195212390.00,06,00
13721,195213990.00,80,00
13722,195215590.00,0B,00
13723,195217190.00,80,00
13724,195218790.00,04,00
13725,195220390.00,00,00
13726,195221990.00,06,00
13727,195223590.00,68,00
13728,195225190.00,E2,00
13729,195226790.00,C2,00
13730,195228390.00,00,00
13731,195229990.00,00,00
13732,195231590.00,06,00
13733,195233190.00,80,00
13734,195234790.00,0B,00
13735,195463540.00,42,00
13736,195465140.00,07,00
13737,195466740.00,80,00
13738,195468340.00,06,00
13739,195469940.00,80,00
13740,195471540.00,0B,00
13741,195473140.00,80,00
13742,195474740.00,04,00
13743,195476340.00,00,00
13744,195477940.00,06,00
13745,195479540.00,68,00
13746,195481140.00,E2,00
13747,195482740.00,C2,00
13748,195484340.00,00,00
13749,195485940.00,00,00
13750,195487540.00,06,00
13751,195489140.00,80,00
13752,195490740.00,0B,00
13753,195719540.00,42,00
13754,195721140.00,07,00
13755,195722740.00,80,00
13756,195724350.00,0F,00
13757,195725950.00,80,00
13758,195727550.00,1B,00
13759,195729140.00,80,00
13760,195730750.00,0C,00
13761,195732340.00,00,00
13762,195733950.00,0C,00
13763,195735550.00,F9,00
13764,195737150.00,C7,00
13765,195738750.00,86,00
13766,195740350.00,00,00
13767,195741940.00,00,00
13768,195743550.00,0F,00
13769,195745140.00,80,00
13770,195746750.00,07,00
13771,195975550.00,C6,00
13772,195977150.00,0F,00
13773,195978750.00,80,00
13774,195980350.00,0F,00
13775,195981950.00,80,00
13776,195983550.00,1F,00
13777,195985150.00,00,00
13778,195986750.00,0C,00
13779,195988350.00,00,00
13780,195989950.00,06,00
13781,195991550.00,3D,00
13782,195993150.00,DA,00
13783,195994750.00,42,00
13784,195996350.00,00,00
13785,195997950.00,00,00
13786,195999550.00,0F,00
13787,196001150.00,80,00
13788,196002750.00,0B,00
13789,196231600.00,42,00
13790,196233200.00,07,00
13791,196234800.00,80,00
13792,196236400.00,06,00
13793,196238000.00,80,00
13794,196239600.00,0B,00
13795,196241200.00,80,00
13796,196242800.00,04,00
13797,196244400.00,00,00
13798,196246000.00,06,00
13799,196247600.00,68,00
13800,196249200.00,E2,00
13801,196250800.00,C2,00
13802,196252400.00,00,00
13803,196254000.00,00,00
13804,196255600.00,06,00
13805,196257200.00,80,00
13806,196258800.00,0B,00
13807,196487550.00,42,00
13808,196489150.00,07,00
13809,196490750.00,80,00
13810,196492350.00,06,00
13811,196493950.00,80,00
13812,196495550.00,0B,00
13813,196497150.00,80,00
13814,196498750.00,04,00
13815,196500350.00,00,00
13816,196501950.00,06,00
13817,196503550.00,68,00
13818,196505150.00,E2,00
13819,196506750.00,C2,00
13820,196508350.00,00,00
13821,196509950.00,00,00
13822,196511550.00,06,00
13823,196513150.00,80,00
13824,196514750.00,0B,00
13825,196743550.00,42,00
13826,196745150.00,07,00
13827,196746750.00,80,00
13828,196748350.00,06,00
13829,196749950.00,80,00
13830,196751550.00,0B,00
13831,196753150.00,80,00
13832,196754750.00,04,00
13833,196756350.00,00,00
13834,196757950.00,06,00
13835,196759550.00,68,00
13836,196761150.00,E2,00
13837,196762750.00,C2,00
13838,196764350.00,00,00
13839,196765950.00,00,00
13840,196767550.00,06,00
13841,196769150.00,80,00
13842,196770750.00,0B,00
13843,196999550.00,42,00
13844,197001150.00,07,00
13845,197002750.00,80,00
13846,197004350.00,06,00
13847,197005950.00,80,00
13848,197007550.00,0B,00
13849,197009150.00,80,00
13850,197010750.00,04,00
13851,197012350.00,00,00
13852,197013950.00,06,00
13853,197015550.00,E0,00
13854,197017150.00,F2,00
13855,197018750.00,42,00
13856,197020350.00,00,00
13857,197021950.00,00,00
13858,197023550.00,06,00
13859,197025150.00,80,00
13860,197026750.00,0B,00
13861,197255600.00,42,00
13862,197257200.00,07,00
13863,197258800.00,80,00
13864,197260400.00,06,00
13865,197262000.00,80,00
13866,197263600.00,0B,00
13867,197265200.00,80,00
13868,197266800.00,04,00
13869,197268400.00,00,00
13870,197270000.00,06,00
13871,197271600.00,68,00
13872,197273200.00,E2,00
13873,197274800.00,C2,00
13874,197276400.00,00,00
13875,197278000.00,00,00
13876,197279600.00,06,00
13877,197281200.00,80,00
13878,197282800.00,0B,00
13879,197511550.00,42,00
13880,197513160.00,0F,00
13881,197514760.00,80,00
13882,197516360.00,0E,00
13883,197517960.00,00,00
13884,197519560.00,17,00
13885,197521160.00,80,00
13886,197522760.00,08,00
13887,197524360.00,00,00
13888,197525960.00,0C,00
13889,197527560.00,7D,00
13890,197529160.00,F6,00
13891,197530760.00,C6,00
13892,197532360.00,00,00
13893,197533960.00,00,00
13894,197535560.00,0C,00
13895,197537160.00,00,00
13896,197538760.00,1F,00
13897,197767560.00,C6,00
13898,197769160.00,0F,00
13899,197770760.00,80,00
13900,197772360.00,06,00
13901,197773960.00,80,00
13902,197775560.00,0B,00
13903,197777160.00,80,00
13904,197778760.00,04,00
13905,197780360.00,00,00
13906,197781960.00,0E,00
13907,197783560.00,69,00
13908,197785160.00,E2,00
13909,197786760.00,C2,00
13910,197788360.00,00,00
13911,197789960.00,00,00
13912,197791560.00,07,00
13913,197793160.00,80,00
13914,197794760.00,0B,00
13915,198023560.00,42,00
13916,198025160.00,07,00
13917,198026760.00,80,00
13918,198028360.00,06,00
13919,198029960.00,80,00
13920,198031560.00,0B,00
13921,198033160.00,00,00
13922,198034760.00,04,00
13923,198036360.00,00,00
13924,198037960.00,06,00
13925,198039560.00,3D,00
13926,198041160.00,CA,00
13927,198042760.00,42,00
13928,198044360.00,00,00
13929,198045960.00,00,00
13930,198047560.00,06,00
13931,198049160.00,80,00
13932,198050760.00,0B,00
13933,198279610.00,42,00
13934,198281210.00,07,00
13935,198282810.00,80,00
13936,198284410.00,06,00
13937,198286010.00,80,00
13938,198287610.00,0B,00
13939,198289210.00,00,00
13940,198290810.00,04,00
13941,198292410.00,00,00
13942,198294010.00,06,00
13943,198295610.00,3D,00
13944,198297210.00,CA,00
13945,198298810.00,42,00
13946,198300410.00,00,00
13947,198302010.00,00,00
13948,198303610.00,06,00
13949,198305210.00,80,00
13950,198306810.00,0B,00
13951,198535560.00,42,00
13952,198537160.00,07,00
13953,198538760.00,80,00
13954,198540360.00,06,00
13955,198541960.00,80,00
13956,198543560.00,0B,00
13957,198545160.00,80,00
13958,198546760.00,04,00
13959,198548360.00,00,00
13960,198549960.00,06,00
13961,198551560.00,68,00
13962,198553160.00,E2,00
13963,198554760.00,C2,00
13964,198556360.00,00,00
13965,198557960.00,00,00
13966,198559560.00,06,00
13967,198561160.00,80,00
13968,198562760.00,0B,00
13969,198791560.00,42,00
13970,198793160.00,07,00
13971,198794760.00,80,00
13972,198796360.00,06,00
13973,198797960.00,80,00
13974,198799560.00,0B,00
13975,198801160.00,80,00
13976,198802760.00,04,00
13977,198804360.00,00,00
13978,198805960.00,06,00
13979,198807560.00,68,00
13980,198809160.00,E2,00
13981,198810760.00,C2,00
13982,198812360.00,00,00
13983,198813960.00,00,00
13984,198815560.00,06,00
13985,198817160.00,80,00
13986,198818760.00,0B,00
13987,199047560.00,42,00
13988,199049160.00,07,00
13989,199050760.00,80,00
13990,199052360.00,06,00
13991,199053960.00,80,00
13992,199055560.00,0B,00
13993,199057160.00,80,00
13994,199058760.00,04,00
13995,199060360.00,00,00
13996,199061960.00,06,00
13997,199063560.00,68,00
13998,199065160.00,E2,00
13999,199066760.00,C2,00
14000,199068360.00,00,00
14001,199069960.00,00,00
14002,199071560.00,06,00
14003,199073160.00,80,00
14004,199074760.00,0B,00
14005,199303610.00,46,00
14006,199305220.00,0F,00
14007,199306820.00,80,00
14008,199308420.00,0F,00
14009,199310020.00,80,00
14010,199311620.00,1F,00
14011,199313220.00,80,00
14012,199314820.00,0C,00
14013,199316420.00,00,00
14014,199318020.00,0E,00
14015,199319620.00,F9,00
14016,199321220.00,E7,00
14017,199322820.00,86,00
14018,199324420.00,00,00
14019,199326020.00,00,00
14020,199327620.00,0F,00
14021,199329220.00,80,00
14022,199330820.00,17,00
14023,199559570.00,46,00
14024,199561170.00,07,00
14025,199562770.00,80,00
14026,199564370.00,06,00
14027,199565970.00,80,00
14028,199567570.00,0B,00
14029,199569170.00,80,00
14030,199570770.00,04,00
14031,199572370.00,00,00
14032,199573970.00,06,00
14033,199575570.00,68,00
14034,199577170.00,E2,00
14035,199578770.00,C2,00
14036,199580370.00,00,00
14037,199581970.00,00,00
14038,199583570.00,06,00
14039,199585170.00,80,00
14040,199586770.00,0B,00
14041,199815570.00,42,00
14042,199817170.00,07,00
14043,199818770.00,80,00
14044,199820370.00,06,00
14045,199821970.00,80,00
14046,199823570.00,0B,00
14047,199825170.00,80,00
14048,199826770.00,04,00
14049,199828370.00,00,00
14050,199829970.00,06,00
14051,199831570.00,68,00
14052,199833170.00,E2,00
14053,199834770.00,C2,00
14054,199836370.00,00,00
14055,199837970.00,00,00
14056,199839570.00,06,00
14057,199841170.00,80,00
14058,199842770.00,0B,00
